SampleID,k__Archaea|p__Euryarchaeota,k__Bacteria|p__Acidobacteria,k__Bacteria|p__Actinobacteria,k__Bacteria|p__Bacteroidetes,k__Bacteria|p__Candidatus_Saccharibacteria,k__Bacteria|p__Chlorobi,k__Bacteria|p__Deinococcus_Thermus,k__Bacteria|p__Firmicutes,k__Bacteria|p__Fusobacteria,k__Bacteria|p__Proteobacteria,k__Bacteria|p__Spirochaetes,k__Bacteria|p__Synergistetes,k__Bacteria|p__Tenericutes,k__Bacteria|p__Verrucomicrobia,k__Eukaryota|p__Ascomycota
HD-10,0.0,0.0,0.06939,68.27344000000002,0.0,0.0,0.0,24.426979999999997,1.44325,5.783509999999999,0.0,0.0,0.0,0.0034,0.0
HD-11,0.0,0.0,0.22682999999999998,41.644549999999995,0.0,0.0,0.0,47.4591,0.0,2.1440299999999994,0.0,0.0,0.0,8.52552,0.0
HD-12,0.0,0.0,0.27806,59.53684,0.0,0.0,0.0,36.770549999999986,0.7280800000000001,2.68169,0.0,0.0,0.0,0.00481,0.0
HD-13,0.0,0.0,0.17676,65.24801,0.0,0.0,0.0,33.31464999999999,0.0,1.24196,0.0,0.0,0.0,0.01864,0.0
HD-14,0.0,0.0,0.32152000000000003,81.43028000000001,0.0,0.0,0.00602,15.579170000000001,0.04214,2.62085,0.0,0.0,0.0,0.0,0.0
HD-15,0.0,0.0,0.08538000000000001,62.76019,0.0,0.0,0.0,28.270950000000003,0.0,8.883469999999999,0.0,0.0,0.0,0.0,0.0
HD-16,0.0,0.0,0.14794,40.894,0.0,0.0,0.0,57.70955000000003,0.00265,1.24583,0.0,0.0,0.0,0.0,0.0
HD-17,0.0,0.0,5.93298,56.26498999999999,0.0,0.0,0.0,34.48674000000001,0.009980000000000001,3.3052799999999998,0.0,0.0,0.0,0.0,0.0
HD-18,0.39518000000000003,0.0,0.6504100000000002,32.41605,0.0,0.0,0.0,42.10700000000001,0.00411,18.46717,0.0,1.10504,0.0,4.8550699999999996,0.0
HD-19,0.0,0.0,0.08471000000000001,50.742810000000006,0.00235,0.0,0.0,43.92792999999999,3.69786,1.5442999999999998,0.0,0.0,0.0,0.0,0.0
HD-1,0.0,0.0,0.21865,73.10286,0.0,0.0,0.0,24.46163,0.12674000000000002,2.0901099999999997,0.0,0.0,0.0,0.0,0.0
HD-20,0.0,0.0,0.35118,13.003079999999999,0.0,0.0,0.0,74.74173999999998,0.22601000000000002,11.67803,0.0,0.0,0.0,0.0,0.0
HD-21,0.0,0.0,0.08206,50.991440000000004,0.0,0.0,0.0,34.39405999999999,14.24734,0.28506000000000004,0.0,0.0,0.0,0.0,0.0
HD-22,0.0,0.0,0.08803,31.382539999999995,0.0,0.0,0.0,67.40819,0.02417,1.09385,0.0,0.0,0.0,0.00324,0.0
HD-23,0.0,0.0,0.23974000000000004,69.60861,0.0,0.0,0.0,26.95278,0.0,2.3881499999999996,0.0,0.0,0.0,0.81071,0.0
HD-24,0.0,0.0,0.18632,72.56626999999999,0.0,0.0,0.0,20.94162,2.25979,4.046,0.0,0.0,0.0,0.0,0.0
HD-25,0.0,0.0,0.24681999999999998,70.49975000000002,0.0,0.0,0.0,8.68735,0.0,20.56608,0.0,0.0,0.0,0.0,0.0
HD-26,0.0,0.0,1.00704,30.553110000000004,0.0,0.0,0.0,67.82845999999999,0.0,0.57281,0.0,0.038560000000000004,0.0,0.0,0.0
HD-27,0.01755,0.0,0.10723,61.39527,0.0,0.0,0.0,31.458460000000006,0.66279,3.6857800000000003,0.0,0.0,0.0,2.67291,0.0
HD-28,0.0,0.0,0.14118999999999998,54.28792,0.0,0.0,0.0,43.629290000000005,0.0,1.7995100000000002,0.0,0.0,0.0,0.14212,0.0
HD-29,0.00662,0.0,1.30485,53.94236000000001,0.0,0.0,0.0,40.35059,1.12582,3.2526900000000007,0.0,0.0,0.0,0.0,0.01709
HD-2,0.0,0.0,0.0,56.00258,0.0,0.0,0.0,38.67212,0.0,2.6864500000000002,0.0,0.0,0.0,2.63888,0.0
HD-30,0.0,0.0,0.5358599999999999,72.53424,0.0,0.0,0.0,24.170599999999997,0.0,2.74651,0.0,0.006490000000000001,0.0,0.0,0.00628
HD-31,0.0,0.0,2.62472,61.06180999999998,0.0,0.0,0.0,34.79776999999999,0.47535,1.0181400000000003,0.0,0.0,0.0,0.0,0.02219
HD-32,0.49451,0.0,1.0992600000000001,47.96584000000001,0.0,0.0,0.00473,48.95397000000001,0.0,1.47463,0.0,0.0,0.0,0.00704,0.0
HD-33,0.29306,0.0,0.39939,57.06924,0.0,0.0,0.00315,40.314249999999994,0.0,1.6880499999999998,0.0,0.0,0.0,0.23288000000000003,0.0
HD-34,0.0,0.0,2.68625,65.84673,0.0,0.0,0.0,29.054749999999995,0.0,2.14537,0.0,0.26682,0.0,0.0,0.0
HD-35,0.72748,0.0,1.02278,33.74112,0.0,0.0,0.0,54.15134000000001,0.0,10.333949999999998,0.0,0.0,0.0,0.0,0.02331
HD-36,0.0,0.0,0.31440000000000007,52.86276,0.0,0.0,0.0,26.13205,0.0,2.5813900000000003,0.0,0.15880999999999998,0.0,17.95056,0.0
HD-37,0.0,0.0,0.30369999999999997,42.114430000000006,0.0,0.0,0.0,46.43861000000002,0.13437000000000002,5.209560000000001,0.0,0.1644,0.0,5.63491,0.0
HD-38,0.0,0.0,0.27342000000000005,57.10127,0.0,0.0,0.0,42.14413999999999,0.18146,0.2950499999999999,0.0,0.0025,0.0,0.00212,0.0
HD-39,0.0,0.0,0.29863,60.377680000000005,0.0,0.0,0.0,37.41841000000001,0.57992,1.32536,0.0,0.0,0.0,0.0,0.0
HD-3,0.0,0.0,0.08317,79.66628,0.0,0.0,0.0,16.24008,2.14485,1.8656,0.0,0.0,0.0,0.0,0.0
HD-40,0.0,0.0,0.11576,48.96836000000002,0.0,0.0,0.00451,47.91412000000001,0.0,2.3695799999999996,0.0,0.0,0.0,0.62771,0.0
HD-41,0.0,0.0,0.07691999999999999,66.07443999999998,0.0,0.0,0.0,31.03467000000001,0.0,2.81394,0.0,0.0,0.0,0.0,0.0
HD-42,0.0,0.0,0.33372,83.78919,0.0,0.0,0.0,12.159110000000002,0.0,3.7172799999999997,0.0,0.0,0.0,0.0007,0.0
HD-43,0.0,0.0,0.08422000000000002,71.91029999999999,0.0,0.0,0.0,23.571019999999997,0.0,4.41814,0.0,0.0,0.0,0.01633,0.0
HD-44,0.0,0.0,0.06934,83.82085999999998,0.00314,0.0,0.0,15.043310000000004,0.09426999999999999,0.96907,0.0,0.0,0.0,0.0,0.0
HD-45,0.0,0.0,0.05544,73.78616000000004,0.0,0.0,0.0,12.449629999999999,0.5149199999999999,13.193809999999997,0.0,0.0,0.0,0.0,0.0
HD-46,0.0058200000000000005,0.0,0.53191,72.64778000000001,0.0,0.0,0.0,25.41821,0.0,1.1259700000000001,0.0,0.0,0.0,0.27033,0.0
HD-47,0.0,0.0,0.9227100000000001,70.73308,0.0,0.0,0.0,27.287620000000004,0.00099,1.0556100000000002,0.0,0.0,0.0,0.0,0.0
HD-48,0.00056,0.0,1.42269,88.45474000000002,0.0,0.0,0.0,8.025309999999998,0.0,2.09669,0.0,0.0,0.0,0.0,0.0
HD-49,0.0,0.0,0.16384,60.91805999999998,0.0,0.0,0.0,30.710520000000002,3.72425,4.48332,0.0,0.0,0.0,0.0,0.0
HD-4,0.0,0.0,0.8252999999999999,59.25096,0.0,0.0,0.0,35.887060000000005,0.0,4.0366599999999995,0.0,0.0,0.0,0.0,0.0
HD-50,0.0,0.0,0.30215000000000003,47.652229999999996,0.00058,0.0,0.0,40.063629999999996,0.92048,11.046899999999997,0.0,0.0,0.0,0.013980000000000001,0.0
HD-51,0.0,0.0,0.10679999999999999,57.889320000000005,0.0,0.0,0.0,38.71665000000001,0.0,3.26851,0.0,0.0187,0.0,0.0,0.0
HD-52,0.0,0.0,0.09414,64.51212000000001,0.0,0.0,0.0,32.153859999999995,0.0078,3.2321,0.0,0.0,0.0,0.0,0.0
HD-53,0.0,0.0,0.44509000000000004,53.45020000000002,0.0022600000000000003,0.0,0.0,42.343819999999994,0.00033,3.74684,0.0,0.0,0.0,0.01144,0.0
HD-54,0.0,0.0,0.34925,69.47698,0.0,0.0,0.0,26.04048999999999,0.0179,4.11534,0.0,0.0,0.0,0.0,0.0
HD-55,0.0,0.0,0.35508999999999996,62.220980000000004,0.0126,0.0,0.00228,35.51748,0.0,0.62801,0.0,0.0,0.0,1.26358,0.0
HD-56,0.046310000000000004,0.0,0.20923000000000003,55.50089999999999,0.0,0.0,0.0,40.61991999999999,0.037469999999999996,3.58453,0.0,0.0,0.0,0.0016,0.0
HD-57,0.0,0.0,0.13616,60.43053999999998,0.0,0.0,0.0,36.74604999999998,0.0,2.6872700000000003,0.0,0.0,0.0,0.0,0.0
HD-58,0.0,0.0,0.98951,60.63693000000001,0.0,0.0,0.0,38.19937,0.0,0.17420999999999998,0.0,0.0,0.0,0.0,0.0
HD-59,0.0,0.0,6.011280000000001,59.65926999999999,0.0,0.0,0.00543,31.139359999999993,0.00151,3.16989,0.0,0.0,0.0,0.01323,0.0
HD-5,0.10198,0.0,0.37397,44.308870000000006,0.0,0.0,0.0,50.57178000000001,0.0,3.66444,0.0,0.0,0.0,0.9789899999999999,0.0
HD-60,0.0,0.0,0.20294,53.4624,0.0,0.0,0.0,44.50944000000002,0.0,1.6686200000000002,0.0,0.0,0.0,0.1566,0.0
HD-61,0.0,0.0,1.6427200000000002,73.00367,0.0,0.0,0.0,24.029180000000004,0.015399999999999999,1.30903,0.0,0.0,0.0,0.0,0.0
HD-62,0.0,0.0,0.12292999999999998,79.27204,0.0,0.0,0.00589,17.489259999999998,0.0,2.726080000000001,0.0,0.02487,0.0,0.35888000000000003,0.0
HD-63,0.0,0.0,0.37142000000000003,55.526909999999994,0.0,0.0,0.00657,43.118300000000005,0.0,0.9452900000000002,0.0,0.0,0.0,0.03152,0.0
HD-64,0.0,0.0,0.45610000000000006,92.96849000000002,0.0,0.0,0.0,4.395310000000001,0.02447,2.1532400000000007,0.0,0.0,0.0,0.00234,0.0
HD-65,0.0,0.0,0.44666,49.31566000000001,0.0,0.0,0.0,47.19738,0.04339,2.9432600000000004,0.0,0.0,0.0,0.05363,0.0
HD-66,0.392,0.0,0.39289999999999997,59.32557000000001,0.0,0.0,0.01045,36.37570000000001,0.00629,2.74916,0.0,0.0,0.0,0.7478600000000001,0.0
HD-67,0.0,0.0,0.24254,48.27152,0.0,0.00447,0.00586,49.85643000000001,0.0,1.5009400000000002,0.0,0.0,0.0,0.11825999999999999,0.0
HD-68,0.0,0.0,2.02392,56.71195000000001,0.0,0.0,0.0,39.34471,0.04392,1.8754800000000003,0.0,0.0,0.0,0.0,0.0
HD-69,0.0,0.0,0.23028,70.28645999999999,0.0,0.0,0.0,23.72481,1.9542199999999998,3.80425,0.0,0.0,0.0,0.0,0.0
HD-6,0.0,0.0,0.09179,52.2655,0.0,0.0,0.0,46.99669000000001,0.0,0.60734,0.0,0.03808,0.0,0.00057,0.0
HD-70,0.0,0.0,1.8631600000000001,88.92917999999999,0.0,0.0,0.0,8.31129,0.00314,0.8932300000000001,0.0,0.0,0.0,0.0,0.0
HD-71,0.0,0.0,0.21659999999999996,71.44394000000001,0.0,0.0,0.0,26.336150000000004,0.02095,1.98235,0.0,0.0,0.0,0.0,0.0
HD-72,0.0,0.0,0.27658999999999995,61.21902999999999,0.0,0.0,0.00765,36.259670000000014,0.0059700000000000005,2.23109,0.0,0.0,0.0,0.0,0.0
HD-73,0.0,0.0,0.74894,73.17479000000002,0.0,0.0,0.0,23.628899999999998,0.02999,2.41737,0.0,0.0,0.0,0.0,0.0
HD-74,0.0,0.0,0.63814,50.41132999999999,0.0,0.0,0.0,46.66814000000001,0.01379,2.2671200000000007,0.0,0.0,0.0,0.00149,0.0
HD-75,0.0,0.0,2.7742199999999997,62.692789999999995,0.0,0.0,0.0,28.641989999999996,2.26377,3.62723,0.0,0.0,0.0,0.0,0.0
HD-76,0.0,0.0,0.05016,86.95629000000001,0.0,0.0,0.0,2.6417300000000004,0.057909999999999996,10.293910000000002,0.0,0.0,0.0,0.0,0.0
HD-77,0.0,0.0,5.4547,42.530170000000005,0.00294,0.0,0.0,50.26820000000001,0.00922,1.7347800000000004,0.0,0.0,0.0,0.0,0.0
HD-78,0.0,0.0,0.15480000000000002,77.08867000000001,0.0,0.0,0.0,18.86879,0.007090000000000001,3.8806400000000005,0.0,0.0,0.0,0.0,0.0
HD-79,0.01198,0.0,1.41932,52.09014,0.0,0.0,0.0,39.63556000000001,0.77161,6.001709999999997,0.0,0.0082,0.0,0.06143,0.0
HD-7,0.0,0.0,0.51513,66.27891999999999,0.0,0.0,0.0,28.16611000000001,0.20534999999999998,4.82054,0.0,0.0,0.0,0.013919999999999998,0.0
HD-80,0.0,0.0,0.25805,70.49347,0.0,0.0,0.0,26.00095,0.62121,2.6213100000000003,0.0,0.0,0.0,0.005,0.0
HD-81,0.0,0.0,0.23693,48.56735,0.0,0.0,0.0,45.13687,0.08902,3.56513,0.0,0.0,0.0,2.40472,0.0
HD-82,0.0,0.0,0.22122999999999998,56.80537,0.0,0.0,0.0,27.58146,0.8998899999999999,14.49208,0.0,0.0,0.0,0.0,0.0
HD-83,0.0,0.0,13.73416,42.339019999999984,0.0,0.0,0.0,40.042849999999994,0.05934,3.81839,0.0,0.0,0.0,0.00626,0.0
HD-8,0.0,0.0,4.10324,46.095049999999986,0.0,0.0,0.0033399999999999997,48.26555,0.0,1.3023299999999998,0.0,0.0,0.0,0.23046999999999998,0.0
HD-9,0.0,0.0,1.64436,77.87729999999999,0.0,0.0,0.0,15.868989999999997,0.0,2.2063200000000003,0.0,0.0,0.0,2.40305,0.0
HV-10,0.0,0.0,0.23287,50.412409999999994,0.0,0.0,0.0,41.398129999999995,0.0,7.68931,0.0,0.0,0.0,0.26726,0.0
HV-11,0.009040000000000001,0.0,0.36278,40.73521,0.0,0.0,0.0,48.84710999999999,5.21404,4.8318,0.0,0.0,0.0,0.0,0.0
HV-12,0.0,0.0,0.9255500000000001,69.94632,0.0,0.0,0.0,27.07013,0.054329999999999996,2.00368,0.0,0.0,0.0,0.0,0.0
HV-13,0.0,0.0,0.03473,63.92232,0.0,0.0,0.0,35.216779999999986,0.25493000000000005,0.57119,0.0,0.0,0.0,0.0,0.0
HV-14,0.0,0.0,0.07334,39.23537,0.0,0.0,0.0,58.209779999999995,0.0,2.4815099999999997,0.0,0.0,0.0,0.0,0.0
HV-15,0.0,0.0,0.17520000000000002,83.06810000000002,0.0,0.0,0.0,16.28764,0.0,0.44016999999999995,0.0,0.0,0.0,0.02889,0.0
HV-16,0.0,0.0,0.01388,79.80512999999999,0.0,0.0,0.0,19.382519999999996,0.008,0.79047,0.0,0.0,0.0,0.0,0.0
HV-17,0.0,0.0,0.28281,91.86827,0.0,0.0,0.0,6.27558,0.00974,1.55924,0.0,0.004379999999999999,0.0,0.0,0.0
HV-18,0.0,0.01571,0.5500799999999999,76.83672999999999,0.0,0.0,0.0,20.519439999999996,0.0,2.07805,0.0,0.0,0.0,0.0,0.0
HV-19,0.0,0.0,0.03987,45.455870000000004,0.0,0.0,0.0,43.246570000000006,0.4094,10.848289999999999,0.0,0.0,0.0,0.0,0.0
HV-1,0.0,0.0,0.24383,16.241819999999997,0.0,0.0,0.0,81.57859000000002,0.5214,1.41438,0.0,0.0,0.0,0.0,0.0
HV-20,0.0,0.0,1.0868799999999998,49.48671,0.0,0.0,0.0,44.44496,0.5232600000000001,3.51881,0.0,0.0,0.0,0.93935,0.0
HV-21,0.0,0.0,0.25669000000000003,58.872899999999994,0.0,0.0,0.0,34.08956999999999,0.02327,6.757549999999999,0.0,0.0,0.0,0.0,0.0
HV-22,0.0,0.0,0.02665,61.703999999999986,0.0,0.0,0.0,36.278990000000015,0.09117,1.8992,0.0,0.0,0.0,0.0,0.0
HV-23,0.0,0.0,0.27763,49.40281999999999,0.0,0.0,0.0,45.93731,1.4987,2.7155500000000004,0.0,0.16801,0.0,0.0,0.0
HV-24,0.009909999999999999,0.0,0.89867,46.31253999999999,0.0,0.0,0.0,43.24934,1.845,7.6845799999999995,0.0,0.0,0.0,0.0,0.0
HV-25,0.0,0.0,0.12405999999999999,75.91618,0.0,0.0,0.0,20.192109999999996,0.20498000000000002,3.4939799999999996,0.0,0.0,0.0,0.06869,0.0
HV-26,0.27082,0.0,2.98733,45.62039000000001,0.00201,0.0,0.0,40.28333,0.01878,10.457619999999999,0.0,0.0,0.0,0.35971,0.0
HV-27,0.0,0.0,9.22603,34.42477999999999,0.0,0.0,0.0,36.91186,12.266800000000002,7.1705499999999995,0.0,0.0,0.0,0.0,0.0
HV-28,0.0,0.0,4.42931,51.764,0.0,0.0,0.01804,41.90852,0.0,1.85376,0.0,0.0,0.0,0.02638,0.0
HV-29,0.0,0.0,0.7307600000000001,23.95040000000001,0.0,0.0,0.0,73.29780999999998,0.47546000000000005,1.54339,0.0,0.0,0.0,0.00216,0.0
HV-2,0.0,0.0,0.08451,53.08976999999998,0.0,0.0,0.0,40.8931,1.90432,4.02683,0.0,0.0,0.0,0.00149,0.0
HV-30,0.0,0.0,0.034210000000000004,80.70654,0.0,0.0,0.0,15.733270000000001,0.00978,3.51625,0.0,0.0,0.0,0.0,0.0
HV-31,0.0,0.0,0.54679,56.521109999999986,0.0,0.0,0.0,42.04644,0.0,0.8856500000000002,0.0,0.0,0.0,0.0,0.0
HV-3,0.0,0.0,0.06124,78.38740000000003,0.0,0.0,0.0,17.876549999999995,1.02874,2.6460899999999996,0.0,0.0,0.0,0.0,0.0
HV-4,0.0,0.0,0.9681900000000001,49.88705999999999,0.0,0.0,0.0,47.84979,0.0,1.29498,0.0,0.0,0.0,0.0,0.0
HV-5,0.0,0.0,0.07551,81.01728999999997,0.0,0.0,0.0,16.243269999999995,0.20205,2.4619099999999996,0.0,0.0,0.0,0.0,0.0
HV-6,0.0,0.0,0.41686,39.43494999999999,0.0,0.0,0.0,54.202450000000006,0.0,5.9321399999999995,0.0,0.00451,0.0,0.00908,0.0
HV-7,0.0,0.0,0.80778,57.885859999999994,0.0,0.0,0.0,34.27661,0.0,1.23399,0.0,0.0,0.0,5.79576,0.0
HV-8,1.3349600000000001,0.0,0.62881,45.071369999999995,0.0,0.0,0.0,48.78976,0.0,3.0282700000000005,0.0,0.0,0.0,1.14687,0.0
HV-9,0.0,0.0,0.01976,80.23474,0.0,0.0,0.0,19.134599999999995,0.0,0.6109099999999998,0.0,0.0,0.0,0.0,0.0
LD-10,0.0,0.0,0.23932000000000003,65.23998999999998,0.0,0.0,0.0,22.708200000000005,0.5277499999999999,11.28364,0.0,0.0,0.0,0.0011099999999999999,0.0
LD-11,0.0,0.0,0.11738999999999998,53.50149000000001,0.0,0.0,0.0,45.67143,0.0,0.66314,0.0,0.044910000000000005,0.0,0.0016600000000000002,0.0
LD-12,0.0,0.0,0.08105,55.68967000000001,0.0,0.0,0.0,42.957499999999996,0.0,1.2717399999999999,0.0,0.0,0.0,0.0,0.0
LD-13,0.0,0.0,0.02001,87.16009999999999,0.0,0.0,0.0,10.360399999999998,0.0018800000000000002,2.09917,0.0,0.0,0.0,0.35843,0.0
LD-14,0.0,0.0,0.06903999999999999,62.893130000000006,0.0,0.0,0.0,33.11179999999998,0.0,3.92171,0.0,0.00436,0.0,0.0,0.0
LD-15,0.039060000000000004,0.0,0.22572,50.54414999999999,0.0,0.0,0.0,43.70632,0.00371,5.394219999999999,0.0,0.0,0.0,0.08684,0.0
LD-17,0.06976,0.0,0.12687,65.89589000000001,0.00123,0.0,0.0,25.400309999999994,0.00425,8.501700000000001,0.0,0.0,0.0,0.0,0.0
LD-18,0.0,0.0,0.17498000000000002,4.22731,0.0,0.0,0.0,1.7161999999999993,0.7993899999999999,93.08213000000002,0.0,0.0,0.0,0.0,0.0
LD-19,0.0,0.0,0.12322,69.34209,0.0,0.0,0.0,23.187289999999997,0.019459999999999998,7.327909999999999,0.0,0.0,0.0,0.0,0.0
LD-1,0.0,0.0,0.051359999999999996,36.64593,0.0,0.0,0.0,62.17920999999998,0.056479999999999995,1.0670299999999995,0.0,0.0,0.0,0.0,0.0
LD-20,0.0,0.0,0.14850999999999998,52.622830000000015,0.0,0.0,0.0,30.55553,1.39246,15.276689999999999,0.0,0.0,0.0,0.00394,0.0
LD-21,0.0,0.0,0.03028,55.39507,0.0,0.00391,0.0,36.281359999999985,0.31284,7.976570000000001,0.0,0.0,0.0,0.0,0.0
LD-22,0.0,0.00216,0.042269999999999995,65.65954999999998,0.0,0.0,0.00235,21.473219999999998,0.0,3.88179,0.0,0.07076,0.0,8.86797,0.0
LD-23,0.0,0.0,0.7867,17.3047,0.0035,0.0,0.0,55.41823000000001,0.5176,25.96803,0.0,0.0,0.0,0.0012699999999999999,0.0
LD-24,0.0,0.0,0.79117,40.565859999999994,0.0,0.0,0.0,57.50068000000001,0.15262,0.9871500000000001,0.0,0.00165,0.0,0.0008699999999999999,0.0
LD-25,0.32883,0.0,1.1958,61.43534999999999,0.0,0.0,0.0,33.03406999999999,0.0,3.9525099999999997,0.0,0.04732,0.0,0.00613,0.0
LD-26,0.0,0.0,0.4130600000000001,51.34053,0.00057,0.0,0.0,35.74238999999999,1.32923,11.14861,0.0,0.0,0.0,0.02562,0.0
LD-27,0.0,0.0,0.20322,49.81906,0.0,0.0,0.0,46.26082000000001,0.31636,3.3913399999999996,0.0,0.0,0.0,0.0092,0.0
LD-28,0.0,0.0,0.28079,15.43954,0.0,0.0,0.0,8.916459999999999,5.207879999999999,70.0585,0.0,0.0,0.0,0.09684,0.0
LD-29,0.0,0.0,0.6363300000000001,65.35997999999998,0.0,0.0,0.0,30.66019,0.08577,2.9959000000000002,0.0,0.0,0.0,0.26183,0.0
LD-2,0.0,0.0,1.4484599999999999,32.87968,0.00364,0.0,0.0,46.77282,0.50174,18.388810000000003,0.0,0.0,0.0,0.0049,0.0
LD-30,0.0,0.0,0.3323099999999999,59.47097000000001,0.00823,0.0,0.0,34.32085999999999,0.00064,0.93606,0.0,0.02504,0.0,4.90589,0.0
LD-31,0.0,0.0,0.88407,52.377810000000004,0.0,0.0,0.01253,34.05704,0.0,12.658850000000001,0.0,0.0,0.0,0.00972,0.0
LD-32,0.0,0.0,0.05738000000000001,48.352059999999994,0.0,0.0,0.0,36.37837000000001,0.37601,14.836160000000003,0.0,0.0,0.0,0.0,0.0
LD-34,0.039139999999999994,0.0,3.9616700000000002,54.57555,0.0,0.0,0.00539,38.39672999999999,0.0,3.02152,0.0,0.0,0.0,0.0,0.0
LD-35,0.0,0.0,3.15331,43.150600000000004,0.0049,0.0,0.0,20.49471999999999,0.0013,2.27014,0.0,0.0,0.0,30.925009999999997,0.0
LD-36,0.0,0.0,0.20057999999999998,53.12953999999999,0.0,0.0,0.0,44.486560000000004,0.00238,2.1809,0.0,0.0,0.0,0.0,0.0
LD-37,0.0,0.0,0.24092,34.82344000000002,0.0,0.0,0.0,44.55667,11.00156,9.37744,0.0,0.0,0.0,0.0,0.0
LD-38,0.0,0.0,1.1092499999999998,42.22104000000001,0.0,0.0,0.0,50.310739999999996,0.34181000000000006,6.0171800000000015,0.0,0.0,0.0,0.0,0.0
LD-39,0.0,0.0,0.9837500000000001,53.25910000000001,0.0,0.0,0.0,45.616859999999996,0.0027199999999999998,0.13749999999999998,0.0,0.0,0.0,0.0,0.0
LD-3,0.0,0.0,0.10803,63.90901,0.0010299999999999999,0.0,0.0,33.31455,1.3572799999999998,1.31011,0.0,0.0,0.0,0.0,0.0
LD-40,0.0,0.0,2.24595,47.01464000000001,0.0,0.0,0.0,34.9888,0.10919000000000001,15.581279999999998,0.0,0.0,0.0,0.060129999999999996,0.0
LD-41,0.0,0.0,0.25994,81.16154999999999,0.0014199999999999998,0.0,0.0,16.032049999999998,0.00043,2.21582,0.0,0.0,0.0,0.32874000000000003,0.0
LD-42,0.0,0.0,1.0702800000000001,65.38510000000001,0.0,0.0,0.0,30.388850000000005,0.0,2.3104600000000004,0.0,0.0,0.0,0.8453299999999999,0.0
LD-43,0.0,0.0,0.20065,53.02040000000001,0.00318,0.0,0.0,40.591710000000006,0.15058,3.7731000000000003,0.0,0.0,0.0,2.26038,0.0
LD-44,0.0,0.0,0.58837,33.59533999999999,0.0,0.0,0.0,57.214850000000006,0.58053,8.020889999999998,0.0,0.0,0.0,0.0,0.0
LD-46,0.0,0.0,0.43490000000000006,87.13034000000002,0.0,0.0,0.0,10.60695,0.0,1.8078100000000001,0.0,0.0,0.0,0.020040000000000002,0.0
LD-47,0.0,0.0,0.15126,36.73515999999999,0.0,0.0,0.0,55.92513000000003,0.01207,3.3051600000000003,0.0,0.0,0.0,3.8712400000000002,0.0
LD-48,0.0,0.0,0.15814000000000003,61.76443,0.0,0.0,0.0,29.997910000000005,0.00353,8.07601,0.0,0.0,0.0,0.0,0.0
LD-49,0.0,0.0,1.8574800000000005,65.79902000000001,0.0,0.0,0.0,30.600169999999995,0.22505,1.4992799999999997,0.0,0.0,0.0,0.01811,0.0009199999999999999
LD-4,0.0,0.0,0.21090000000000003,52.89613999999999,0.0,0.0,0.0,44.04081000000001,0.01995,2.83213,0.0,0.0,0.0,0.0,0.0
LD-50,0.0,0.0,0.40756,32.63446,0.0,0.0,0.0,28.70882,0.0016300000000000002,38.24457,0.0,0.0,0.0,0.00294,0.0
LD-51,0.0,0.0,0.21814,46.30005999999999,0.00181,0.0,0.0,33.597010000000004,0.89144,18.989279999999997,0.0,0.0,0.0,0.00223,0.0
LD-52,0.5407,0.0,3.34645,44.98677000000001,0.00617,0.0,0.0,22.04407000000001,0.00841,27.073069999999998,0.0,0.00037999999999999997,0.0,1.9939200000000001,0.0
LD-53,0.0,0.0,0.12617,19.509930000000004,0.0,0.0,0.0,66.25687000000002,2.27826,11.828769999999999,0.0,0.0,0.0,0.0,0.0
LD-54,0.0,0.0,0.048620000000000003,23.331169999999997,0.0,0.0,0.0,74.33804000000005,0.35742,1.7629800000000009,0.0,0.0,0.0,0.1618,0.0
LD-55,0.0,0.0,0.84297,37.6284,0.0,0.0,0.0,60.46871999999999,0.01182,0.54898,0.0,0.0,0.11163,0.38745999999999997,0.0
LD-56,0.0,0.0,0.36576000000000003,74.37371999999999,0.0,0.0,0.0,21.082510000000003,0.8255600000000001,3.35241,0.0,0.0,0.0,0.0,0.0
LD-57,0.0,0.0,0.41013999999999995,16.651229999999998,0.0,0.0,0.0,76.50147000000001,0.42869,6.008470000000001,0.0,0.0,0.0,0.0,0.0
LD-58,0.0,0.0,0.14705000000000001,64.27356999999999,0.0,0.0,0.0,34.24147,0.012159999999999999,1.3257700000000001,0.0,0.0,0.0,0.0,0.0
LD-59,0.0,0.0,0.15033000000000002,73.51554000000002,0.0,0.0,0.0,24.58552,0.00402,1.6502999999999999,0.0,0.09425,0.0,0.0,0.0
LD-5,0.0,0.0,2.3118499999999997,20.489520000000002,0.0,0.0,0.0,76.39076999999999,0.05642,0.75139,0.0,0.0,0.0,0.0,0.0
LD-60,0.0026,0.0,0.057109999999999994,56.251189999999994,0.0,0.0,0.0,38.00345000000001,0.48515,5.20047,0.0,0.0,0.0,0.0,0.0
LD-61,0.0,0.0,2.48199,44.37202,0.0,0.0,0.0,46.98224999999999,2.5761100000000003,3.5876400000000004,0.0,0.0,0.0,0.0,0.0
LD-62,0.0,0.0,0.7098200000000001,72.02638,0.0,0.0,0.0,25.39449,0.025039999999999996,1.84431,0.0,0.0,0.0,0.0,0.0
LD-63,0.0,0.0,0.49398,78.54647000000003,0.0,0.0,0.0,20.68738,0.15071,0.12144,0.0,0.0,0.0,0.0,0.0
LD-64,0.0,0.0,3.71932,12.449619999999998,0.0,0.0,0.0,82.40342000000001,0.12313000000000002,1.30005,0.0,0.0,0.0,0.0,0.00449
LD-65,0.32088,0.0,0.4132,39.750200000000014,0.0,0.0,0.0,45.59453000000001,0.01309,13.908139999999998,0.0,0.0,0.0,0.0,0.0
LD-66,0.0,0.0,1.3780299999999999,23.638339999999996,0.0,0.0,0.0,50.339190000000016,1.79469,22.842360000000006,0.0,0.0,0.0,0.0,0.00745
LD-67,0.0,0.0,0.13133,80.47847999999999,0.00367,0.0,0.0,16.64562,0.0,2.7408699999999993,0.0,0.0,0.0,0.0,0.0
LD-68,0.0,0.0,1.9112,24.42848,0.00811,0.0,0.0,67.02892999999999,0.44550999999999996,6.149409999999999,0.0,0.0,0.0,0.02833,0.0
LD-69,0.0,0.0,0.051379999999999995,74.26340000000002,0.0,0.0,0.0,15.155639999999995,3.8500799999999997,6.67767,0.0,0.0,0.0,0.00185,0.0
LD-6,0.0,0.0,0.23528,30.38779999999999,0.0,0.0,0.0,44.454280000000004,0.00782,24.157989999999998,0.0,0.04381,0.0,0.71302,0.0
LD-70,0.0,0.0,0.31939,49.13123,0.0,0.0,0.0,38.80395000000001,0.84864,10.896799999999999,0.0,0.0,0.0,0.0,0.0
LD-71,0.0,0.0,0.39764,63.77962,0.0,0.0,0.0,15.335320000000003,1.28026,19.20719,0.0,0.0,0.0,0.0,0.0
LD-72,0.0,0.0,0.019070000000000004,31.62168,0.0,0.0,0.0,16.192909999999998,0.34292,51.82276999999999,0.0,0.0,0.0,0.00067,0.0
LD-73,0.0,0.0,0.34807000000000005,49.9333,0.0,0.0,0.0,44.97031,0.09387999999999999,4.451160000000001,0.0,0.0,0.06888999999999999,0.1344,0.0
LD-74,0.0,0.0,0.32569000000000004,35.57079999999999,0.0,0.0,0.0038200000000000005,39.70591,0.73641,23.657370000000007,0.0,0.0,0.0,0.0,0.0
LD-75,0.0,0.0,0.22177,38.807449999999996,0.0,0.0,0.0,52.02969999999999,4.150369999999999,4.790729999999999,0.0,0.0,0.0,0.0,0.0
LD-76,0.0,0.0,8.668009999999997,39.65197999999999,0.0054199999999999995,0.0,0.0,34.77067999999999,0.7803599999999999,16.12217,0.0,0.00128,0.0,0.0,0.0
LD-77,0.0,0.0,2.5597499999999997,26.451029999999996,0.00143,0.0,0.0,52.13694,2.38203,16.46853000000001,0.0,0.0,0.0,0.00033999999999999997,0.0
LD-78,0.0,0.0,0.08419,41.26323000000001,0.0,0.0,0.0,55.79185000000002,0.18600999999999998,2.67311,0.0,0.0,0.0,0.00164,0.0
LD-79,0.0,0.0,0.43737000000000004,25.525589999999994,0.00668,0.0,0.0,67.66875000000003,1.03853,5.3096000000000005,0.00014,0.00889,0.0,0.00449,0.0
LD-7,0.0,0.0,0.30844,70.98116,0.0,0.0,0.0,26.39203,0.0037600000000000003,2.3146100000000005,0.0,0.0,0.0,0.0,0.0
LD-80,0.0,0.0,0.25377,49.280849999999994,0.0,0.0,0.0,46.83966999999999,0.04921999999999999,3.57651,0.0,0.0,0.0,0.0,0.0
LD-81,0.0,0.0,6.15425,61.254690000000004,0.00427,0.0,0.00499,22.81492999999999,0.05754,9.410340000000001,0.0,0.29395,0.0,0.00509,0.0
LD-82,0.0,0.0,5.28051,13.51607,0.0,0.0,0.00545,67.77493,0.26311,13.146300000000002,0.0,0.0,0.0,0.013580000000000002,0.0
LD-83,0.0,0.0,0.27953,67.59155,0.0,0.0,0.00361,28.556669999999997,0.00592,0.54437,0.0,0.0,0.0,3.01837,0.0
LD-84,0.0,0.0,0.07286000000000001,59.92193999999999,0.00103,0.0,0.00213,31.79562,0.70416,3.4105399999999997,0.0,0.0,0.0,4.09169,0.0
LD-85,0.0,0.0,1.3627500000000001,46.34506,0.0,0.0,0.00159,47.70316999999999,0.01077,4.5721799999999995,0.0,0.0,0.0,0.0045,0.0
LD-86,0.18414,0.0,0.23796000000000003,35.68896999999999,0.0,0.0,0.0027600000000000003,56.18476000000001,0.054920000000000004,7.638729999999999,0.0,0.0028399999999999996,0.0,0.0049,0.0
LD-87,0.0,0.0,0.39607000000000003,69.0097,0.0,0.0,0.0,19.913689999999995,3.18445,7.496060000000001,0.0,0.0,0.0,0.0,0.0
LD-88,0.0,0.0,2.48225,13.695440000000001,0.0029,0.0,0.0,34.825790000000005,0.46076,48.526330000000016,0.0,0.0,0.00275,0.00385,0.0
LD-89,0.0,0.0,0.00989,59.14159000000001,0.0,0.0,0.0,26.69625000000001,3.48583,10.66645,0.0,0.0,0.0,0.0,0.0
LD-8,0.0,0.0,11.721540000000001,40.87958999999999,0.0,0.0,0.0,39.329400000000014,0.007559999999999999,8.061879999999999,0.0,0.0,0.0,0.0,0.0
LD-90,0.0,0.0,1.70031,37.64220999999999,0.0,0.0,0.0,48.179100000000005,0.38051999999999997,12.01096,0.0,0.0,0.0,0.08688,0.0
LD-91,0.0,0.0,1.35944,28.59841,0.0,0.0,0.00659,67.22552999999999,0.02393,2.78609,0.0,0.0,0.0,0.0,0.0
LD-92,0.0,0.0,0.08458,49.49666999999999,0.005719999999999999,0.0,0.0,31.729890000000005,5.156639999999999,13.522140000000002,0.0,0.00439,0.0,0.0,0.0
LD-93,0.0,0.0,0.28791,44.29724,0.05022,0.0,0.0,47.82067000000002,0.02693,7.517009999999999,0.0,0.0,0.0,0.0,0.0
LD-94,0.0,0.0,0.07597,50.976020000000005,0.0,0.0,0.0,39.21201999999999,3.9520100000000005,5.7803200000000015,0.0,0.0,0.0,0.0018899999999999998,0.0018
LD-95,0.0,0.0,0.04497,79.50079999999998,0.00339,0.0,0.0,18.966430000000006,0.056440000000000004,1.42801,0.0,0.0,0.0,0.0,0.0
LD-96,0.0,0.0,0.16951000000000002,38.207270000000015,0.00984,0.0,0.0,30.63977,1.14689,29.826690000000003,0.0,0.0,0.0,0.0,0.0
LD-97,0.0,0.0,0.10951,59.39477999999999,0.0,0.0,0.00323,39.40838999999997,0.01831,1.0314800000000002,0.0,0.0,0.0,0.03427,0.0
LD-98,0.0,0.0,0.06838999999999999,50.190780000000004,0.0,0.0,0.0,27.541930000000008,14.78129,7.41761,0.0,0.0,0.0,0.0,0.0
LD-9,0.0,0.0,0.05425,65.43575000000001,0.0,0.0,0.0,24.678959999999993,0.23886,9.592210000000001,0.0,0.0,0.0,0.0,0.0
LV-10,0.0,0.0,0.032490000000000005,4.38094,0.0,0.0,0.0,92.57650999999997,0.015040000000000001,2.98952,0.0,0.0,0.0,0.0,0.00545
LV-11,1.35651,0.0,0.09966,55.71668000000002,0.0,0.0,0.0,40.12558,0.00939,2.6502400000000006,0.0,0.0,0.0,0.04198,0.0
LV-13,0.0,0.0,0.22785,50.75587,0.0,0.0,0.0,39.10653999999998,3.24515,6.66461,0.0,0.0,0.0,0.0,0.0
LV-14,0.0,0.0,1.5796299999999999,62.66757,0.0,0.0,0.0,33.281690000000005,0.0,2.47112,0.0,0.0,0.0,0.0,0.0
LV-15,0.0,0.0,0.030369999999999994,26.353140000000003,0.0,0.0,0.0,25.587139999999994,0.14731,47.88205,0.0,0.0,0.0,0.0,0.0
LV-16,0.0,0.0,2.14193,10.247990000000001,0.0,0.0,0.0,85.76709,0.23008,1.6001299999999998,0.0,0.0,0.0,0.0,0.01276
LV-17,0.0,0.0,0.03988,83.21311999999999,0.0,0.0,0.0,11.57388,0.36018,4.81294,0.0,0.0,0.0,0.0,0.0
LV-18,0.0,0.0,0.0907,11.590119999999999,0.0,0.0,0.0,51.77504,22.34547,13.78023,0.36436999999999997,0.05231,0.0,0.00183,0.0
LV-19,0.0,0.0,0.40645,0.8869800000000001,0.0,0.0,0.0,62.302060000000004,1.0352599999999998,35.369240000000005,0.0,0.0,0.0,0.0,0.0
LV-1,0.0,0.0,0.29591000000000006,73.55284,0.0,0.0,0.0,14.236880000000003,4.17479,7.73955,0.0,0.0,0.0,0.0,0.0
LV-20,0.0,0.0,1.81646,51.31357999999999,0.0,0.0,0.0,32.912400000000005,3.4049400000000003,10.54675,0.0,0.0,0.0,0.00587,0.0
LV-21,0.0,0.0,1.97018,45.89487,0.0,0.0,0.0,49.21710999999999,0.15908,2.66865,0.0,0.00064,0.0,0.08946,0.0
LV-22,0.0,0.0,0.28011,1.8292799999999996,0.01349,0.0,0.0,37.76771,0.0,0.18532,0.0,0.0,0.0,59.92406,0.0
LV-23,0.0,0.0,0.3950599999999999,75.04317,0.0,0.0,0.0,15.758819999999996,0.0,5.86452,0.0,0.0,0.0,2.93844,0.0
LV-24,0.0,0.0,0.15753999999999999,55.62676,0.0,0.0,0.0,38.709869999999995,0.07774,5.40379,0.0,0.01616,0.0,0.0076,0.0005200000000000001
LV-25,0.0,0.0,1.55896,70.64058,0.0,0.0,0.0,23.279860000000006,0.16151,3.76617,0.0,0.0,0.0,0.5928899999999999,0.0
LV-2,0.0,0.0,5.62893,30.46814,0.0,0.0,0.0,54.73240000000002,0.06155,9.09243,0.0,0.0,0.0,0.01653,0.0
LV-3,0.0,0.0,0.80515,43.53383,0.0,0.0,0.0,48.064499999999995,0.08899,5.88188,0.0,1.55179,0.0,0.07389,0.0
LV-4,0.0,0.0,0.08956,81.27411,0.0,0.0,0.0,11.718439999999998,0.0,6.91288,0.0,0.0,0.0,0.00503,0.0
LV-5,0.0,0.0,0.46202000000000004,76.08829,0.0,0.0,0.0,14.627729999999998,0.30701999999999996,8.514890000000001,0.0,0.0,0.0,0.0,0.0
LV-6,0.0,0.0,0.23398999999999998,65.41575,0.0,0.0,0.0,22.570970000000006,7.383840000000001,4.39543,0.0,0.0,0.0,0.0,0.0
LV-7,0.0,0.0,0.30147,73.53747999999997,0.0,0.0,0.0,21.96047000000001,0.30329999999999996,3.8897000000000004,0.0,0.006999999999999999,0.0,0.0006,0.0
LV-8,0.0,0.0,0.26143,53.68634,0.0,0.0,0.0,33.555820000000004,2.27562,10.21197,0.0,0.0,0.0,0.00877,0.0
