SampleID,k__Archaea|p__Euryarchaeota|c__Methanobacteria,k__Archaea|p__Euryarchaeota|c__Methanococci,k__Bacteria|p__Acidobacteria|c__Acidobacteriia,k__Bacteria|p__Actinobacteria|c__Actinobacteria,k__Bacteria|p__Bacteroidetes|c__Bacteroidetes_noname,k__Bacteria|p__Bacteroidetes|c__Bacteroidia,k__Bacteria|p__Bacteroidetes|c__Flavobacteriia,k__Bacteria|p__Bacteroidetes|c__Sphingobacteriia,k__Bacteria|p__Candidatus_Saccharibacteria|c__Candidatus_Saccharibacteria_noname,k__Bacteria|p__Chlorobi|c__Chlorobia,k__Bacteria|p__Deinococcus_Thermus|c__Deinococci,k__Bacteria|p__Firmicutes|c__Bacilli,k__Bacteria|p__Firmicutes|c__Clostridia,k__Bacteria|p__Firmicutes|c__Erysipelotrichia,k__Bacteria|p__Firmicutes|c__Negativicutes,k__Bacteria|p__Fusobacteria|c__Fusobacteriia,k__Bacteria|p__Proteobacteria|c__Alphaproteobacteria,k__Bacteria|p__Proteobacteria|c__Betaproteobacteria,k__Bacteria|p__Proteobacteria|c__Deltaproteobacteria,k__Bacteria|p__Proteobacteria|c__Epsilonproteobacteria,k__Bacteria|p__Proteobacteria|c__Gammaproteobacteria,k__Bacteria|p__Spirochaetes|c__Spirochaetia,k__Bacteria|p__Synergistetes|c__Synergistia,k__Bacteria|p__Tenericutes|c__Mollicutes,k__Bacteria|p__Verrucomicrobia|c__Verrucomicrobiae,k__Eukaryota|p__Ascomycota|c__Eurotiomycetes,k__Eukaryota|p__Ascomycota|c__Saccharomycetes
HD-10,0.0,0.0,0.0,0.06939,0.0,68.27344000000002,0.0,0.0,0.0,0.0,0.0,0.01279,20.41449,0.31616,3.68354,1.44325,0.0,0.27391,2.1183199999999998,0.0,3.39128,0.0,0.0,0.0,0.0034,0.0,0.0
HD-11,0.0,0.0,0.0,0.22682999999999998,0.0,41.644549999999995,0.0,0.0,0.0,0.0,0.0,0.0054399999999999995,44.81119,0.02597,2.6165,0.0,0.0,0.80663,1.15177,0.0,0.18563,0.0,0.0,0.0,8.52552,0.0,0.0
HD-12,0.0,0.0,0.0,0.27806,0.0,59.53684,0.0,0.0,0.0,0.0,0.0,0.012360000000000001,36.74885999999999,0.007859999999999999,0.00147,0.7280800000000001,0.0,0.25878,0.55206,0.0,1.87085,0.0,0.0,0.0,0.00481,0.0,0.0
HD-13,0.0,0.0,0.0,0.17676,0.0,65.24801,0.0,0.0,0.0,0.0,0.0,0.20096,33.022909999999996,0.0,0.09078,0.0,0.0,0.7259,0.0,0.0,0.51606,0.0,0.0,0.0,0.01864,0.0,0.0
HD-14,0.0,0.0,0.0,0.32152000000000003,0.0,81.43028000000001,0.0,0.0,0.0,0.0,0.00602,0.0494,15.43673,0.09304,0.0,0.04214,0.0,0.22804999999999997,1.10982,0.0,1.2829799999999998,0.0,0.0,0.0,0.0,0.0,0.0
HD-15,0.0,0.0,0.0,0.08538000000000001,0.0,62.76019,0.0,0.0,0.0,0.0,0.0,0.07286999999999999,28.009170000000005,0.045129999999999997,0.14378,0.0,0.0,0.36654000000000003,0.03966,0.0,8.477269999999999,0.0,0.0,0.0,0.0,0.0,0.0
HD-16,0.0,0.0,0.0,0.14794,0.0,40.894,0.0,0.0,0.0,0.0,0.0,0.28493,57.39044000000002,0.014990000000000002,0.01919,0.00265,0.0,0.6752199999999999,0.40518000000000004,0.0,0.16543,0.0,0.0,0.0,0.0,0.0,0.0
HD-17,0.0,0.0,0.0,5.93298,0.0,56.26498999999999,0.0,0.0,0.0,0.0,0.0,0.92891,31.973340000000004,0.32035,1.2641399999999998,0.009980000000000001,0.0,0.0,2.6679999999999997,0.0,0.63728,0.0,0.0,0.0,0.0,0.0,0.0
HD-18,0.39518000000000003,0.0,0.0,0.6504100000000002,0.0,32.41605,0.0,0.0,0.0,0.0,0.0,1.49873,34.61818999999999,0.9517300000000002,5.03835,0.00411,0.0,0.24745999999999999,1.0117699999999998,0.0,17.20794,0.0,1.10504,0.0,4.8550699999999996,0.0,0.0
HD-19,0.0,0.0,0.0,0.08471000000000001,0.0,50.742810000000006,0.0,0.0,0.00235,0.0,0.0,0.45489999999999997,43.18945999999999,0.1744,0.10917,3.69786,0.0,1.3120899999999998,0.04373,0.0,0.18848,0.0,0.0,0.0,0.0,0.0,0.0
HD-1,0.0,0.0,0.0,0.21865,0.0,73.10286,0.0,0.0,0.0,0.0,0.0,0.18361,24.07702,0.12431,0.07669000000000001,0.12674000000000002,0.0,0.89594,0.6146699999999999,0.0,0.5794999999999999,0.0,0.0,0.0,0.0,0.0,0.0
HD-20,0.0,0.0,0.0,0.35118,0.0,12.99472,0.00836,0.0,0.0,0.0,0.0,0.00775,73.66547999999999,0.10507000000000001,0.96344,0.22601000000000002,0.0,0.16773,0.013340000000000001,0.0,11.49696,0.0,0.0,0.0,0.0,0.0,0.0
HD-21,0.0,0.0,0.0,0.08206,0.0,50.986630000000005,0.00481,0.0,0.0,0.0,0.0,0.7855199999999999,10.4714,0.02549,23.111649999999997,14.24734,0.0,0.18012,0.05869,0.0,0.046250000000000006,0.0,0.0,0.0,0.0,0.0,0.0
HD-22,0.0,0.0,0.0,0.08803,0.0,31.382539999999995,0.0,0.0,0.0,0.0,0.0,0.87161,66.45572,0.01483,0.06603,0.02417,0.0,0.53333,0.41282,0.0,0.1477,0.0,0.0,0.0,0.00324,0.0,0.0
HD-23,0.0,0.0,0.0,0.23974000000000004,0.0,69.60861,0.0,0.0,0.0,0.0,0.0,0.05572,26.753310000000003,0.04116,0.10259,0.0,0.0,1.7949499999999998,0.26737,0.0,0.32582999999999995,0.0,0.0,0.0,0.81071,0.0,0.0
HD-24,0.0,0.0,0.0,0.18632,0.0,72.56626999999999,0.0,0.0,0.0,0.0,0.0,0.07765999999999999,19.18712,0.03433,1.64251,2.25979,0.0,0.8544400000000001,1.04535,0.0,2.14621,0.0,0.0,0.0,0.0,0.0,0.0
HD-25,0.0,0.0,0.0,0.24681999999999998,0.0,70.49975000000002,0.0,0.0,0.0,0.0,0.0,0.06737,7.769370000000001,0.09128000000000001,0.75933,0.0,0.0,0.00257,0.0,0.0,20.56351,0.0,0.0,0.0,0.0,0.0,0.0
HD-26,0.0,0.0,0.0,1.00704,0.0008699999999999999,30.552240000000005,0.0,0.0,0.0,0.0,0.0,0.01107,67.02483,0.007970000000000001,0.7845900000000001,0.0,0.0,0.11667000000000001,0.0,0.0,0.45614,0.0,0.038560000000000004,0.0,0.0,0.0,0.0
HD-27,0.01755,0.0,0.0,0.10723,0.0,61.39527,0.0,0.0,0.0,0.0,0.0,0.0,30.671080000000003,0.04952,0.73786,0.66279,0.0,1.9313200000000004,1.37901,0.0,0.37544999999999995,0.0,0.0,0.0,2.67291,0.0,0.0
HD-28,0.0,0.0,0.0,0.14118999999999998,0.0,54.28792,0.0,0.0,0.0,0.0,0.0,0.19915,43.38505,0.03004,0.01505,0.0,0.0,1.5857700000000001,0.0,0.0,0.21374,0.0,0.0,0.0,0.14212,0.0,0.0
HD-29,0.00662,0.0,0.0,1.30485,0.0,53.94236000000001,0.0,0.0,0.0,0.0,0.0,0.46827,33.36885,0.22967,6.2838,1.12582,0.0,1.2324300000000001,1.3740999999999999,0.0,0.6461600000000001,0.0,0.0,0.0,0.0,0.01709,0.0
HD-2,0.0,0.0,0.0,0.0,0.0,56.00258,0.0,0.0,0.0,0.0,0.0,0.10725,38.342530000000004,0.10082999999999999,0.12151,0.0,0.0,0.19299,1.63517,0.0,0.85829,0.0,0.0,0.0,2.63888,0.0,0.0
HD-30,0.0,0.0,0.0,0.5358599999999999,0.0,72.53424,0.0,0.0,0.0,0.0,0.0,0.06766,24.02408,0.026319999999999996,0.052539999999999996,0.0,0.0,0.28947,0.11710999999999999,0.0,2.33993,0.0,0.006490000000000001,0.0,0.0,0.00628,0.0
HD-31,0.0,0.0,0.0,2.62472,0.0,61.06180999999998,0.0,0.0,0.0,0.0,0.0,0.6376099999999999,28.496409999999994,1.5069299999999999,4.15682,0.47535,0.0,0.7121700000000001,0.01293,0.0,0.29303999999999997,0.0,0.0,0.0,0.0,0.02219,0.0
HD-32,0.49451,0.0,0.0,1.0992600000000001,0.0,47.96584000000001,0.0,0.0,0.0,0.0,0.00473,1.2520699999999998,47.56519000000001,0.037899999999999996,0.09881000000000001,0.0,0.0,1.0078200000000002,0.45245,0.0,0.014360000000000001,0.0,0.0,0.0,0.00704,0.0,0.0
HD-33,0.29306,0.0,0.0,0.39939,0.0,57.06924,0.0,0.0,0.0,0.0,0.00315,0.8557800000000001,36.06713999999999,1.0991,2.29223,0.0,0.0,0.52443,0.6862199999999999,0.0,0.47740000000000005,0.0,0.0,0.0,0.23288000000000003,0.0,0.0
HD-34,0.0,0.0,0.0,2.68625,0.0,65.84673,0.0,0.0,0.0,0.0,0.0,1.3077699999999999,27.642989999999998,0.027,0.07699,0.0,0.0,0.40609,0.7759400000000001,0.0,0.96334,0.0,0.26682,0.0,0.0,0.0,0.0
HD-35,0.72748,0.0,0.0,1.02278,0.0,33.74112,0.0,0.0,0.0,0.0,0.0,0.21162,52.68731000000001,0.6449999999999999,0.60741,0.0,0.0,1.24416,2.23762,0.0,6.85217,0.0,0.0,0.0,0.0,0.02331,0.0
HD-36,0.0,0.0,0.0,0.31440000000000007,0.0,52.86276,0.0,0.0,0.0,0.0,0.0,0.08413000000000001,24.1234,0.10822000000000001,1.8163,0.0,0.0,1.11047,0.52918,0.0,0.9417399999999999,0.0,0.15880999999999998,0.0,17.95056,0.0,0.0
HD-37,0.0,0.0,0.0,0.30369999999999997,0.0,42.114430000000006,0.0,0.0,0.0,0.0,0.0,0.27123,45.167780000000015,0.43688999999999995,0.5627099999999999,0.13437000000000002,0.0,0.85779,2.83892,0.0,1.5128500000000003,0.0,0.1644,0.0,5.63491,0.0,0.0
HD-38,0.0,0.0,0.0,0.27342000000000005,0.0,57.10127,0.0,0.0,0.0,0.0,0.0,0.7245799999999999,39.435410000000005,0.01781,1.96634,0.18146,0.0,0.12641999999999998,0.0046,0.0,0.16402999999999998,0.0,0.0025,0.0,0.00212,0.0,0.0
HD-39,0.0,0.0,0.0,0.29863,0.0,60.377680000000005,0.0,0.0,0.0,0.0,0.0,0.6429100000000001,32.49035,0.98756,3.2975900000000005,0.57992,0.0,0.04947,0.60677,0.0,0.66912,0.0,0.0,0.0,0.0,0.0,0.0
HD-3,0.0,0.0,0.0,0.08317,0.0,79.64957,0.01671,0.0,0.0,0.0,0.0,0.07772000000000001,15.38597,0.6350800000000001,0.14131000000000002,2.14485,0.0,0.19054,0.52482,0.0,1.15024,0.0,0.0,0.0,0.0,0.0,0.0
HD-40,0.0,0.0,0.0,0.11576,0.0,48.96836000000002,0.0,0.0,0.0,0.0,0.00451,0.31372000000000005,47.246440000000014,0.11835,0.23560999999999999,0.0,0.0,1.06511,0.8192099999999999,0.0,0.48526,0.0,0.0,0.0,0.62771,0.0,0.0
HD-41,0.0,0.0,0.0,0.07691999999999999,0.0,66.07443999999998,0.0,0.0,0.0,0.0,0.0,0.2349,30.617060000000006,0.07149,0.11122,0.0,0.0,0.8625200000000001,0.11567000000000001,0.0,1.8357500000000002,0.0,0.0,0.0,0.0,0.0,0.0
HD-42,0.0,0.0,0.0,0.33372,0.0,83.78919,0.0,0.0,0.0,0.0,0.0,0.0234,10.71832,0.05044,1.36695,0.0,0.0,1.49114,0.11591,0.0,2.11023,0.0,0.0,0.0,0.0007,0.0,0.0
HD-43,0.0,0.0,0.0,0.08422000000000002,0.0,71.91029999999999,0.0,0.0,0.0,0.0,0.0,0.36301,19.717709999999997,0.51425,2.97605,0.0,0.0,0.49427999999999994,0.50017,0.0,3.4236899999999997,0.0,0.0,0.0,0.01633,0.0,0.0
HD-44,0.0,0.0,0.0,0.06934,0.0,83.82085999999998,0.0,0.0,0.00314,0.0,0.0,0.06330999999999999,14.109520000000002,0.02537,0.84511,0.09426999999999999,0.0,0.02988,0.57782,0.0,0.36136999999999997,0.0,0.0,0.0,0.0,0.0,0.0
HD-45,0.0,0.0,0.0,0.05544,0.0,73.78616000000004,0.0,0.0,0.0,0.0,0.0,0.21713,6.153719999999999,0.18659,5.89219,0.5149199999999999,0.0,0.0,0.6959699999999999,0.0,12.497839999999997,0.0,0.0,0.0,0.0,0.0,0.0
HD-46,0.0058200000000000005,0.0,0.0,0.53191,0.0,72.64778000000001,0.0,0.0,0.0,0.0,0.0,0.10698,23.08233,0.04073,2.18817,0.0,0.0,0.24083,0.33725000000000005,0.0,0.54789,0.0,0.0,0.0,0.27033,0.0,0.0
HD-47,0.0,0.0,0.0,0.9227100000000001,0.0,70.73308,0.0,0.0,0.0,0.0,0.0,0.07174,27.070719999999998,0.08134000000000001,0.06382,0.00099,0.0,0.44149,0.48744,0.0,0.12668000000000001,0.0,0.0,0.0,0.0,0.0,0.0
HD-48,0.00056,0.0,0.0,1.42269,0.0,88.45474000000002,0.0,0.0,0.0,0.0,0.0,0.24407,7.381659999999998,0.2761699999999999,0.12341000000000002,0.0,0.0,1.4018,0.08755,0.0,0.60734,0.0,0.0,0.0,0.0,0.0,0.0
HD-49,0.0,0.0,0.0,0.16384,0.0,60.91805999999998,0.0,0.0,0.0,0.0,0.0,0.24412,30.26256,0.06743,0.13641,3.72425,0.0,0.09056,0.35035,0.0,4.04241,0.0,0.0,0.0,0.0,0.0,0.0
HD-4,0.0,0.0,0.0,0.8252999999999999,0.0,59.25096,0.0,0.0,0.0,0.0,0.0,0.01594,35.78125,0.00556,0.08431,0.0,0.0,3.37456,0.15867,0.0,0.50343,0.0,0.0,0.0,0.0,0.0,0.0
HD-50,0.0,0.0,0.0,0.30215000000000003,0.0,47.652229999999996,0.0,0.0,0.00058,0.0,0.0,6.53453,12.79034,0.1269,20.611860000000004,0.92048,0.0,0.09736999999999998,0.14275,0.32614,10.480640000000001,0.0,0.0,0.0,0.013980000000000001,0.0,0.0
HD-51,0.0,0.0,0.0,0.10679999999999999,0.0,57.889320000000005,0.0,0.0,0.0,0.0,0.0,0.029380000000000003,38.50737,0.01422,0.16568,0.0,0.0,1.98937,0.7595999999999999,0.0,0.51954,0.0,0.0187,0.0,0.0,0.0,0.0
HD-52,0.0,0.0,0.0,0.09414,0.0,64.51212000000001,0.0,0.0,0.0,0.0,0.0,0.06233,31.879929999999998,0.07685,0.13475,0.0078,0.0,1.34945,1.5152999999999999,0.0,0.36734999999999995,0.0,0.0,0.0,0.0,0.0,0.0
HD-53,0.0,0.0,0.0,0.44509000000000004,0.0,53.43962000000002,0.010579999999999999,0.0,0.0022600000000000003,0.0,0.0,0.34487,40.64845999999999,0.10836,1.2421300000000002,0.00033,0.0,1.0662900000000002,0.27818,0.0,2.40237,0.0,0.0,0.0,0.01144,0.0,0.0
HD-54,0.0,0.0,0.0,0.34925,0.0,69.46668,0.0103,0.0,0.0,0.0,0.0,0.05539,24.431279999999997,0.9456199999999999,0.6082000000000001,0.0179,0.0,0.07905,1.57308,0.0,2.4632100000000006,0.0,0.0,0.0,0.0,0.0,0.0
HD-55,0.0,0.0,0.0,0.35508999999999996,0.0,62.220980000000004,0.0,0.0,0.0126,0.0,0.00228,0.34294,27.221409999999995,0.01959,7.93354,0.0,0.0,0.0309,0.46165999999999996,0.0,0.13545,0.0,0.0,0.0,1.26358,0.0,0.0
HD-56,0.046310000000000004,0.0,0.0,0.20923000000000003,0.0,55.50089999999999,0.0,0.0,0.0,0.0,0.0,4.2157599999999995,26.39474,0.55297,9.456449999999998,0.037469999999999996,0.0,0.59728,0.34829,0.0,2.6389600000000004,0.0,0.0,0.0,0.0016,0.0,0.0
HD-57,0.0,0.0,0.0,0.13616,0.0,60.41384999999998,0.01669,0.0,0.0,0.0,0.0,0.53855,36.08373999999999,0.025280000000000004,0.09847999999999998,0.0,0.0,0.08589000000000001,0.22232000000000002,0.0,2.37906,0.0,0.0,0.0,0.0,0.0,0.0
HD-58,0.0,0.0,0.0,0.98951,0.0,60.629740000000005,0.00719,0.0,0.0,0.0,0.0,0.07044,36.27857,0.9346599999999998,0.9157,0.0,0.0,0.0031899999999999997,0.0,0.0,0.17102,0.0,0.0,0.0,0.0,0.0,0.0
HD-59,0.0,0.0,0.0,6.011280000000001,0.0,59.65926999999999,0.0,0.0,0.0,0.0,0.00543,0.18125,30.581299999999995,0.056330000000000005,0.32048,0.00151,0.012620000000000001,0.6830900000000001,1.5716299999999999,0.0,0.9025500000000001,0.0,0.0,0.0,0.01323,0.0,0.0
HD-5,0.10198,0.0,0.0,0.37397,0.0,44.308870000000006,0.0,0.0,0.0,0.0,0.0,0.0038,49.31562,0.04239999999999999,1.20996,0.0,0.0,0.21438,2.2710199999999996,0.0,1.1790399999999999,0.0,0.0,0.0,0.9789899999999999,0.0,0.0
HD-60,0.0,0.0,0.0,0.20294,0.0,53.4624,0.0,0.0,0.0,0.0,0.0,0.22043,34.79711000000001,1.16232,8.32958,0.0,0.0,1.14734,0.3183,0.0,0.20298,0.0,0.0,0.0,0.1566,0.0,0.0
HD-61,0.0,0.0,0.0,1.6427200000000002,0.0,73.00367,0.0,0.0,0.0,0.0,0.0,0.11278,23.885680000000004,0.02854,0.00218,0.015399999999999999,0.0,0.22164,1.0788,0.0,0.00859,0.0,0.0,0.0,0.0,0.0,0.0
HD-62,0.0,0.0,0.0,0.12292999999999998,0.0,79.27204,0.0,0.0,0.0,0.0,0.00589,0.19888,16.356949999999998,0.4208299999999999,0.5126000000000001,0.0,0.0,2.09969,0.28062999999999994,0.0,0.34575999999999996,0.0,0.02487,0.0,0.35888000000000003,0.0,0.0
HD-63,0.0,0.0,0.0,0.37142000000000003,0.0,55.526909999999994,0.0,0.0,0.0,0.0,0.00657,0.05885,42.910360000000004,0.03544,0.11365,0.0,0.0,0.41638,0.42504000000000003,0.0,0.10387,0.0,0.0,0.0,0.03152,0.0,0.0
HD-64,0.0,0.0,0.0,0.45610000000000006,0.0,92.96849000000002,0.0,0.0,0.0,0.0,0.0,0.07986,3.7636600000000002,0.28846,0.26333,0.02447,0.0,1.29679,0.007520000000000001,0.0,0.8489299999999999,0.0,0.0,0.0,0.00234,0.0,0.0
HD-65,0.0,0.0,0.0,0.44666,0.0,49.31566000000001,0.0,0.0,0.0,0.0,0.0,0.6131,46.281179999999985,0.22199999999999998,0.0811,0.04339,0.0,1.63182,0.45532,0.0,0.85612,0.0,0.0,0.0,0.05363,0.0,0.0
HD-66,0.392,0.0,0.0,0.39289999999999997,0.0,59.32557000000001,0.0,0.0,0.0,0.0,0.01045,0.22914,35.844069999999995,0.03619,0.2663,0.00629,0.0,1.04956,0.11729,0.0,1.58231,0.0,0.0,0.0,0.7478600000000001,0.0,0.0
HD-67,0.0,0.0,0.0,0.24254,0.0,48.27152,0.0,0.0,0.0,0.00447,0.00586,0.04622,47.66624000000001,2.07005,0.07392,0.0,0.0,0.08149,1.34241,0.0,0.07704,0.0,0.0,0.0,0.11825999999999999,0.0,0.0
HD-68,0.0,0.0,0.0,2.02392,0.0,56.70046000000001,0.01149,0.0,0.0,0.0,0.0,0.32891,31.822619999999993,0.26937,6.9238100000000005,0.04392,0.0,0.5784100000000001,1.18567,0.0,0.1114,0.0,0.0,0.0,0.0,0.0,0.0
HD-69,0.0,0.0,0.0,0.23028,0.0,70.27017,0.01629,0.0,0.0,0.0,0.0,0.11033,23.528499999999998,0.03392,0.05206,1.9542199999999998,0.0,2.84259,0.88173,0.0,0.07992999999999999,0.0,0.0,0.0,0.0,0.0,0.0
HD-6,0.0,0.0,0.0,0.09179,0.0,52.2655,0.0,0.0,0.0,0.0,0.0,0.05477,26.3546,0.12257000000000001,20.46475,0.0,0.0,0.23735,0.29434,0.0,0.07565000000000001,0.0,0.03808,0.0,0.00057,0.0,0.0
HD-70,0.0,0.0,0.0,1.8631600000000001,0.0,88.9202,0.00898,0.0,0.0,0.0,0.0,0.05015,8.04227,0.18545,0.033420000000000005,0.00314,0.0,0.04573,0.24276,0.0,0.60474,0.0,0.0,0.0,0.0,0.0,0.0
HD-71,0.0,0.0,0.0,0.21659999999999996,0.0,71.44394000000001,0.0,0.0,0.0,0.0,0.0,0.63032,25.48391,0.03444,0.18747999999999998,0.02095,0.0,0.99131,0.45191000000000003,0.0,0.53913,0.0,0.0,0.0,0.0,0.0,0.0
HD-72,0.0,0.0,0.0,0.27658999999999995,0.0,61.20747999999999,0.01155,0.0,0.0,0.0,0.00765,1.01997,34.98434,0.04953,0.20582999999999999,0.0059700000000000005,0.0,0.95858,0.83333,0.0,0.43917999999999996,0.0,0.0,0.0,0.0,0.0,0.0
HD-73,0.0,0.0,0.0,0.74894,0.0,73.17479000000002,0.0,0.0,0.0,0.0,0.0,0.053579999999999996,21.407850000000003,0.02182,2.1456500000000003,0.02999,0.0,1.39051,0.6518300000000001,0.0,0.37503000000000003,0.0,0.0,0.0,0.0,0.0,0.0
HD-74,0.0,0.0,0.0,0.63814,0.0,50.41132999999999,0.0,0.0,0.0,0.0,0.0,0.27213000000000004,45.585260000000005,0.12033,0.69042,0.01379,0.0,1.33595,0.74455,0.0,0.18661999999999998,0.0,0.0,0.0,0.00149,0.0,0.0
HD-75,0.0,0.0,0.0,2.7742199999999997,0.0,62.68543,0.0,0.007359999999999999,0.0,0.0,0.0,0.06934,27.870279999999998,0.10623,0.59614,2.26377,0.0,2.27706,0.76728,0.0,0.58289,0.0,0.0,0.0,0.0,0.0,0.0
HD-76,0.0,0.0,0.0,0.05016,0.0,86.95629000000001,0.0,0.0,0.0,0.0,0.0,0.07584,2.43209,0.06527,0.06853000000000001,0.057909999999999996,0.0,0.01932,0.7642599999999999,0.0,9.510330000000002,0.0,0.0,0.0,0.0,0.0,0.0
HD-77,0.0,0.0,0.0,5.4547,0.0,42.530170000000005,0.0,0.0,0.00294,0.0,0.0,1.77182,25.129980000000007,0.19914,23.16726,0.00922,0.0,1.2443300000000002,0.07034,0.0,0.42010999999999993,0.0,0.0,0.0,0.0,0.0,0.0
HD-78,0.0,0.0,0.0,0.15480000000000002,0.0,77.08867000000001,0.0,0.0,0.0,0.0,0.0,0.27304,17.170180000000002,1.20038,0.22519,0.007090000000000001,0.0,0.19724000000000003,0.5930500000000001,0.0,3.0903500000000004,0.0,0.0,0.0,0.0,0.0,0.0
HD-79,0.01198,0.0,0.0,1.41932,0.0,52.08316,0.00698,0.0,0.0,0.0,0.0,0.25204000000000004,24.776340000000005,0.23558,14.3716,0.77161,0.00275,0.10117000000000001,0.9758800000000001,0.0,4.921909999999998,0.0,0.0082,0.0,0.06143,0.0,0.0
HD-7,0.0,0.0,0.0,0.51513,0.0,66.26451999999999,0.0144,0.0,0.0,0.0,0.0,0.27321,27.562330000000003,0.28671,0.043859999999999996,0.20534999999999998,0.0,3.42256,0.31620000000000004,0.0,1.08178,0.0,0.0,0.0,0.013919999999999998,0.0,0.0
HD-80,0.0,0.0,0.0,0.25805,0.0,70.49347,0.0,0.0,0.0,0.0,0.0,1.09785,19.5918,0.005679999999999999,5.30562,0.62121,0.0,0.12967,0.66329,0.0,1.82835,0.0,0.0,0.0,0.005,0.0,0.0
HD-81,0.0,0.0,0.0,0.23693,0.0,48.555009999999996,0.01234,0.0,0.0,0.0,0.0,0.22433,44.787459999999996,0.03427,0.09081,0.08902,0.0,1.5718699999999999,1.6006,0.0,0.39266,0.0,0.0,0.0,2.40472,0.0,0.0
HD-82,0.0,0.0,0.0,0.22122999999999998,0.0,56.80537,0.0,0.0,0.0,0.0,0.0,0.40343,25.71902,1.08701,0.372,0.8998899999999999,0.0,0.5356200000000001,0.18237,0.0,13.77409,0.0,0.0,0.0,0.0,0.0,0.0
HD-83,0.0,0.0,0.0,13.73416,0.0,42.339019999999984,0.0,0.0,0.0,0.0,0.0,0.70163,37.98924999999999,0.00252,1.3494499999999998,0.05934,0.0,3.19057,0.09779,0.0,0.53003,0.0,0.0,0.0,0.00626,0.0,0.0
HD-8,0.0,0.0,0.0,4.10324,0.0,46.095049999999986,0.0,0.0,0.0,0.0,0.0033399999999999997,0.68411,47.23847999999999,0.29241,0.05055,0.0,0.0,0.5497799999999999,0.46984,0.0,0.28270999999999996,0.0,0.0,0.0,0.23046999999999998,0.0,0.0
HD-9,0.0,0.0,0.0,1.64436,0.0,77.87729999999999,0.0,0.0,0.0,0.0,0.0,0.23024,15.33241,0.08119,0.22515,0.0,0.0,1.22503,0.28265999999999997,0.0,0.69863,0.0,0.0,0.0,2.40305,0.0,0.0
HV-10,0.0,0.0,0.0,0.23287,0.0,50.412409999999994,0.0,0.0,0.0,0.0,0.0,0.28041,37.22995999999999,0.01195,3.87581,0.0,0.0,3.90081,3.7602200000000003,0.0,0.02828,0.0,0.0,0.0,0.26726,0.0,0.0
HV-11,0.009040000000000001,0.0,0.0,0.36278,0.0,40.73521,0.0,0.0,0.0,0.0,0.0,0.25212,34.03125,0.55614,14.0076,5.21404,0.0,2.9587000000000003,1.05752,0.0,0.81558,0.0,0.0,0.0,0.0,0.0,0.0
HV-12,0.0,0.0,0.0,0.9255500000000001,0.0,69.94632,0.0,0.0,0.0,0.0,0.0,0.16932,26.74495,0.0,0.15586,0.054329999999999996,0.0,0.07937999999999999,1.72177,0.0,0.20253000000000002,0.0,0.0,0.0,0.0,0.0,0.0
HV-13,0.0,0.0,0.0,0.03473,0.0,63.92232,0.0,0.0,0.0,0.0,0.0,0.0235,33.99586999999999,0.004070000000000001,1.19334,0.25493000000000005,0.0,0.14837,0.41315,0.0,0.00967,0.0,0.0,0.0,0.0,0.0,0.0
HV-14,0.0,0.0,0.0,0.07334,0.0,39.23537,0.0,0.0,0.0,0.0,0.0,0.35438000000000003,57.26556999999999,0.00881,0.5810199999999999,0.0,0.0,0.17103000000000002,0.05831,0.0,2.25217,0.0,0.0,0.0,0.0,0.0,0.0
HV-15,0.0,0.0,0.0,0.17520000000000002,0.0,83.06810000000002,0.0,0.0,0.0,0.0,0.0,0.25273,15.844149999999999,0.0294,0.16136000000000003,0.0,0.0,0.20847,0.04533,0.0,0.18637,0.0,0.0,0.0,0.02889,0.0,0.0
HV-16,0.0,0.0,0.0,0.01388,0.0,79.80512999999999,0.0,0.0,0.0,0.0,0.0,0.1641,15.28011,0.05263999999999999,3.8856699999999997,0.008,0.0,0.22657000000000002,0.34018,0.0,0.22371999999999997,0.0,0.0,0.0,0.0,0.0,0.0
HV-17,0.0,0.0,0.0,0.28281,0.0,91.86827,0.0,0.0,0.0,0.0,0.0,0.035269999999999996,6.167769999999999,0.00303,0.06951000000000002,0.00974,0.0,1.1457899999999999,0.20038,0.0,0.21307,0.0,0.004379999999999999,0.0,0.0,0.0,0.0
HV-18,0.0,0.0,0.01571,0.5500799999999999,0.0,76.83672999999999,0.0,0.0,0.0,0.0,0.0,0.02497,18.37761,0.14418,1.9726800000000002,0.0,0.0,0.36137,1.53087,0.0,0.18581,0.0,0.0,0.0,0.0,0.0,0.0
HV-19,0.0,0.0,0.0,0.03987,0.0,45.455870000000004,0.0,0.0,0.0,0.0,0.0,0.88492,40.850970000000004,0.93192,0.5787599999999999,0.4094,0.0,3.04163,0.05803,0.0033399999999999997,7.745289999999999,0.0,0.0,0.0,0.0,0.0,0.0
HV-1,0.0,0.0,0.0,0.24383,0.0,16.241819999999997,0.0,0.0,0.0,0.0,0.0,0.33764,79.94369000000002,1.09258,0.20468000000000003,0.5214,0.0,0.5009399999999999,0.00114,0.0,0.9123,0.0,0.0,0.0,0.0,0.0,0.0
HV-20,0.0,0.0,0.0,1.0868799999999998,0.0,49.48671,0.0,0.0,0.0,0.0,0.0,0.18042000000000002,39.29656,0.95599,4.01199,0.5232600000000001,0.0,2.0828900000000004,1.2530000000000001,0.0,0.18292000000000003,0.0,0.0,0.0,0.93935,0.0,0.0
HV-21,0.0,0.0,0.0,0.25669000000000003,0.0,58.872899999999994,0.0,0.0,0.0,0.0,0.0,0.00066,31.624889999999997,0.31325,2.1507699999999996,0.02327,0.0,0.5397,0.39454,0.0,5.823309999999999,0.0,0.0,0.0,0.0,0.0,0.0
HV-22,0.0,0.0,0.0,0.02665,0.0,61.703999999999986,0.0,0.0,0.0,0.0,0.0,0.17738,35.405150000000006,0.00039,0.69607,0.09117,0.0,0.14517,0.00988,0.0,1.7441499999999999,0.0,0.0,0.0,0.0,0.0,0.0
HV-23,0.0,0.0,0.0,0.27763,0.0,49.40281999999999,0.0,0.0,0.0,0.0,0.0,0.05965,44.732079999999996,0.0,1.1455799999999998,1.4987,0.0,1.52962,0.24424,0.0,0.9416900000000001,0.0,0.16801,0.0,0.0,0.0,0.0
HV-24,0.009909999999999999,0.0,0.0,0.89867,0.0,46.31253999999999,0.0,0.0,0.0,0.0,0.0,0.21281999999999998,33.615050000000004,0.35144,9.070030000000001,1.845,0.0,2.40089,0.98985,0.0,4.293839999999999,0.0,0.0,0.0,0.0,0.0,0.0
HV-25,0.0,0.0,0.0,0.12405999999999999,0.0,75.89806,0.018119999999999997,0.0,0.0,0.0,0.0,0.009890000000000001,18.186349999999997,0.047529999999999996,1.94834,0.20498000000000002,0.0,2.9331300000000002,0.24543999999999996,0.0,0.31540999999999997,0.0,0.0,0.0,0.06869,0.0,0.0
HV-26,0.27082,0.0,0.0,2.98733,0.0,45.62039000000001,0.0,0.0,0.00201,0.0,0.0,0.66015,38.76821,0.45977,0.3952,0.01878,0.0,0.13647,1.3971399999999998,0.0055899999999999995,8.91842,0.0,0.0,0.0,0.35971,0.0,0.0
HV-27,0.0,0.0,0.0,9.22603,0.0,34.42477999999999,0.0,0.0,0.0,0.0,0.0,0.26314,35.996689999999994,0.48748,0.16454999999999997,12.266800000000002,0.0,1.25434,0.58953,0.0,5.32668,0.0,0.0,0.0,0.0,0.0,0.0
HV-28,0.0,0.0,0.0,4.42931,0.0,51.764,0.0,0.0,0.0,0.0,0.01804,0.6175300000000001,33.28653,3.2323,4.77216,0.0,0.0,0.38994,1.25415,0.0,0.20967,0.0,0.0,0.0,0.02638,0.0,0.0
HV-29,0.0,0.0,0.0,0.7307600000000001,0.0,23.95040000000001,0.0,0.0,0.0,0.0,0.0,0.41153,33.645140000000005,1.20656,38.03458,0.47546000000000005,0.0,0.42240999999999995,0.10672,0.0,1.01426,0.0,0.0,0.0,0.00216,0.0,0.0
HV-2,0.0,0.0,0.0,0.08451,0.0,53.08976999999998,0.0,0.0,0.0,0.0,0.0,0.05606,24.711149999999996,0.0036200000000000004,16.12227,1.90432,0.0,0.0,0.0,0.0,4.02683,0.0,0.0,0.0,0.00149,0.0,0.0
HV-30,0.0,0.0,0.0,0.034210000000000004,0.0,80.70654,0.0,0.0,0.0,0.0,0.0,0.22667,14.25459,1.1842800000000002,0.06773000000000001,0.00978,0.0,1.4024,0.46706000000000003,0.0,1.64679,0.0,0.0,0.0,0.0,0.0,0.0
HV-31,0.0,0.0,0.0,0.54679,0.0,56.521109999999986,0.0,0.0,0.0,0.0,0.0,0.28570999999999996,36.89075999999999,0.04838,4.8215900000000005,0.0,0.0,0.34296000000000004,0.19971,0.0,0.34298,0.0,0.0,0.0,0.0,0.0,0.0
HV-3,0.0,0.0,0.0,0.06124,0.0,78.35891000000002,0.028489999999999998,0.0,0.0,0.0,0.0,0.09094000000000001,17.025180000000002,0.67936,0.08107,1.02874,0.0,1.28206,0.43470000000000003,0.0,0.92933,0.0,0.0,0.0,0.0,0.0,0.0
HV-4,0.0,0.0,0.0,0.9681900000000001,0.0,49.88705999999999,0.0,0.0,0.0,0.0,0.0,0.0622,47.24436,0.0,0.54323,0.0,0.0,0.688,0.2656,0.0,0.34138,0.0,0.0,0.0,0.0,0.0,0.0
HV-5,0.0,0.0,0.0,0.07551,0.0,81.01728999999997,0.0,0.0,0.0,0.0,0.0,0.03959,16.10772,0.00941,0.08654999999999999,0.20205,0.0,0.07902999999999999,0.5576099999999999,0.0,1.82527,0.0,0.0,0.0,0.0,0.0,0.0
HV-6,0.0,0.0,0.0,0.41686,0.0,39.43494999999999,0.0,0.0,0.0,0.0,0.0,0.04636,54.01830000000001,0.05129,0.0865,0.0,0.0,1.68334,1.22406,0.0,3.0247400000000004,0.0,0.00451,0.0,0.00908,0.0,0.0
HV-7,0.0,0.0,0.0,0.80778,0.0,57.885859999999994,0.0,0.0,0.0,0.0,0.0,0.39846,30.48459,0.17638,3.21718,0.0,0.0,0.07684,0.77037,0.0,0.38678,0.0,0.0,0.0,5.79576,0.0,0.0
HV-8,1.3349600000000001,0.0,0.0,0.62881,0.0,45.071369999999995,0.0,0.0,0.0,0.0,0.0,0.0,48.60357,0.14484,0.04135,0.0,0.0,1.21802,1.04775,0.0,0.7625,0.0,0.0,0.0,1.14687,0.0,0.0
HV-9,0.0,0.0,0.0,0.01976,0.0,80.23474,0.0,0.0,0.0,0.0,0.0,0.15479,15.705789999999997,0.25015000000000004,3.0238700000000005,0.0,0.0,0.41272,0.03658,0.0,0.16161,0.0,0.0,0.0,0.0,0.0,0.0
LD-10,0.0,0.0,0.0,0.23932000000000003,0.0,65.22907999999998,0.0,0.01091,0.0,0.0,0.0,0.024390000000000002,22.495450000000005,0.058730000000000004,0.12963,0.5277499999999999,0.0,0.64213,0.5928300000000001,0.0,10.048680000000001,0.0,0.0,0.0,0.0011099999999999999,0.0,0.0
LD-11,0.0,0.0,0.0,0.11738999999999998,0.0,53.50149000000001,0.0,0.0,0.0,0.0,0.0,0.038979999999999994,26.557340000000003,0.12673,18.94838,0.0,0.0,0.26174000000000003,0.30741,0.0,0.09398999999999999,0.0,0.044910000000000005,0.0,0.0016600000000000002,0.0,0.0
LD-12,0.0,0.0,0.0,0.08105,0.0,55.68967000000001,0.0,0.0,0.0,0.0,0.0,0.12101,42.623889999999996,0.027460000000000002,0.18514,0.0,0.0,0.08892,0.7469899999999999,0.0,0.43583000000000005,0.0,0.0,0.0,0.0,0.0,0.0
LD-13,0.0,0.0,0.0,0.02001,0.0,87.16009999999999,0.0,0.0,0.0,0.0,0.0,0.0377,9.11656,0.0038299999999999996,1.2023100000000002,0.0018800000000000002,0.0,1.6440000000000001,0.30824,0.0,0.14693,0.0,0.0,0.0,0.35843,0.0,0.0
LD-14,0.0,0.0,0.0,0.06903999999999999,0.0,62.893130000000006,0.0,0.0,0.0,0.0,0.0,3.27113,28.09179,0.04685,1.7020300000000002,0.0,0.0,0.16595,0.36216,0.0,3.3936,0.0,0.00436,0.0,0.0,0.0,0.0
LD-15,0.039060000000000004,0.0,0.0,0.22572,0.0,50.54414999999999,0.0,0.0,0.0,0.0,0.0,0.07169,22.61894,0.37647,20.639219999999998,0.00371,0.0,3.05746,0.5898000000000001,0.0,1.7469599999999998,0.0,0.0,0.0,0.08684,0.0,0.0
LD-17,0.06976,0.0,0.0,0.12687,0.0,65.89589000000001,0.0,0.0,0.00123,0.0,0.0,1.9045300000000003,16.980220000000003,0.08225,6.43331,0.00425,0.0,2.76762,0.59195,0.0020800000000000003,5.140049999999999,0.0,0.0,0.0,0.0,0.0,0.0
LD-18,0.0,0.0,0.0,0.17498000000000002,0.0,4.22731,0.0,0.0,0.0,0.0,0.0,0.28733,1.10103,0.07463,0.25321000000000005,0.7993899999999999,0.0,0.08616,0.0,0.00045,92.99552000000001,0.0,0.0,0.0,0.0,0.0,0.0
LD-19,0.0,0.0,0.0,0.12322,0.0,69.34209,0.0,0.0,0.0,0.0,0.0,7.116910000000001,5.55341,0.3925,10.124469999999999,0.019459999999999998,0.0,0.40853,0.05354,0.0,6.865839999999999,0.0,0.0,0.0,0.0,0.0,0.0
LD-1,0.0,0.0,0.0,0.051359999999999996,0.0,36.64593,0.0,0.0,0.0,0.0,0.0,10.56864,46.01277999999999,0.0558,5.54199,0.056479999999999995,0.0,0.09885,0.36672,0.0009,0.60056,0.0,0.0,0.0,0.0,0.0,0.0
LD-20,0.0,0.0,0.0,0.14850999999999998,0.0,52.622830000000015,0.0,0.0,0.0,0.0,0.0,4.3374000000000015,19.214740000000006,0.008919999999999999,6.994470000000001,1.39246,0.0,2.1440200000000003,0.00743,0.06592999999999999,13.059309999999996,0.0,0.0,0.0,0.00394,0.0,0.0
LD-21,0.0,0.0,0.0,0.03028,0.0,55.39507,0.0,0.0,0.0,0.00391,0.0,1.7619299999999996,22.108880000000003,0.023610000000000003,12.386939999999997,0.31284,0.0,0.4016,0.0,0.15742,7.417549999999999,0.0,0.0,0.0,0.0,0.0,0.0
LD-22,0.0,0.0,0.00216,0.042269999999999995,0.0,65.65954999999998,0.0,0.0,0.0,0.0,0.00235,4.62205,15.205899999999998,0.05636000000000001,1.5889099999999998,0.0,0.0,0.08388999999999999,0.97559,0.00909,2.81322,0.0,0.07076,0.0,8.86797,0.0,0.0
LD-23,0.0,0.0,0.0,0.7867,0.0,17.3047,0.0,0.0,0.0035,0.0,0.0,0.6208799999999999,24.93632,0.51398,29.34705,0.5176,0.0,0.21817000000000003,0.18569000000000002,0.0,25.564169999999997,0.0,0.0,0.0,0.0012699999999999999,0.0,0.0
LD-24,0.0,0.0,0.0,0.79117,0.0,40.565859999999994,0.0,0.0,0.0,0.0,0.0,10.01718,22.78665999999999,0.06722,24.62962,0.15262,0.0,0.12467,0.5358999999999999,0.01831,0.30827,0.0,0.00165,0.0,0.0008699999999999999,0.0,0.0
LD-25,0.32528,0.00355,0.0,1.1958,0.0,61.43534999999999,0.0,0.0,0.0,0.0,0.0,0.93947,24.68269,0.011009999999999999,7.400900000000002,0.0,0.0,1.1595799999999998,0.6793899999999999,0.0,2.11354,0.0,0.04732,0.0,0.00613,0.0,0.0
LD-26,0.0,0.0,0.0,0.4130600000000001,0.0,51.34053,0.0,0.0,0.00057,0.0,0.0,3.1250600000000004,28.600140000000003,0.7738600000000001,3.2433299999999994,1.32923,0.0,0.8626099999999999,0.0247,0.0,10.2613,0.0,0.0,0.0,0.02562,0.0,0.0
LD-27,0.0,0.0,0.0,0.20322,0.0,49.81906,0.0,0.0,0.0,0.0,0.0,5.853280000000001,36.832899999999995,0.0548,3.5198400000000003,0.31636,0.0,0.43868,0.08501,0.0,2.86765,0.0,0.0,0.0,0.0092,0.0,0.0
LD-28,0.0,0.0,0.0,0.28079,0.0,15.43954,0.0,0.0,0.0,0.0,0.0,1.06204,4.85206,0.10899999999999999,2.89336,5.207879999999999,0.0,0.25799,0.043230000000000005,0.0,69.75728000000001,0.0,0.0,0.0,0.09684,0.0,0.0
LD-29,0.0,0.0,0.0,0.6363300000000001,0.0,65.35997999999998,0.0,0.0,0.0,0.0,0.0,0.05182,23.417060000000003,0.05667999999999999,7.1346300000000005,0.08577,0.0,0.45754,0.34236,0.0,2.196,0.0,0.0,0.0,0.26183,0.0,0.0
LD-2,0.0,0.0,0.0,1.4484599999999999,0.0,32.87968,0.0,0.0,0.00364,0.0,0.0,5.852080000000001,28.216159999999995,0.12559,12.57899,0.50174,0.0,0.24989,0.06674999999999999,0.21597,17.8562,0.0,0.0,0.0,0.0049,0.0,0.0
LD-30,0.0,0.0,0.0,0.3323099999999999,0.0,59.464760000000005,0.0,0.00621,0.00823,0.0,0.0,8.359009999999998,16.840309999999995,0.06579,9.055750000000002,0.00064,0.0,0.11561,0.32806,0.0097,0.48269,0.0,0.02504,0.0,4.90589,0.0,0.0
LD-31,0.0,0.0,0.0,0.88407,0.0,52.377810000000004,0.0,0.0,0.0,0.0,0.01253,3.4878400000000003,29.780540000000002,0.44200999999999996,0.34664999999999996,0.0,0.0,1.3139999999999998,5.106090000000001,0.0,6.23876,0.0,0.0,0.0,0.00972,0.0,0.0
LD-32,0.0,0.0,0.0,0.05738000000000001,0.0,48.352059999999994,0.0,0.0,0.0,0.0,0.0,0.3044,32.03774000000001,0.04937,3.98686,0.37601,0.0,0.19218000000000002,0.0,0.0969,14.547080000000003,0.0,0.0,0.0,0.0,0.0,0.0
LD-34,0.039139999999999994,0.0,0.0,3.9616700000000002,0.0,54.57555,0.0,0.0,0.0,0.0,0.00539,0.09955,37.76101999999999,0.45796,0.07819999999999999,0.0,0.0,1.46071,0.36257,0.0,1.1982399999999997,0.0,0.0,0.0,0.0,0.0,0.0
LD-35,0.0,0.0,0.0,3.15331,0.0,43.150600000000004,0.0,0.0,0.0049,0.0,0.0,0.40967,18.3372,1.5721999999999998,0.17564999999999997,0.0013,0.0,0.56533,1.01221,0.0,0.6926,0.0,0.0,0.0,30.925009999999997,0.0,0.0
LD-36,0.0,0.0,0.0,0.20057999999999998,0.0,53.12953999999999,0.0,0.0,0.0,0.0,0.0,0.7471800000000001,38.08677999999999,0.34332,5.309279999999999,0.00238,0.0,0.0673,0.0,0.0009400000000000001,2.11266,0.0,0.0,0.0,0.0,0.0,0.0
LD-37,0.0,0.0,0.0,0.24092,0.0,34.81441000000002,0.00903,0.0,0.0,0.0,0.0,0.00428,44.26529,0.23333000000000004,0.05377,11.00156,0.0,7.58786,0.37257,0.0,1.41701,0.0,0.0,0.0,0.0,0.0,0.0
LD-38,0.0,0.0,0.0,1.1092499999999998,0.0,42.216620000000006,0.00442,0.0,0.0,0.0,0.0,9.180440000000003,35.052049999999994,0.02562,6.0526300000000015,0.34181000000000006,0.0,0.055369999999999996,0.03889,0.08239,5.84053,0.0,0.0,0.0,0.0,0.0,0.0
LD-39,0.0,0.0,0.0,0.9837500000000001,0.0,53.25910000000001,0.0,0.0,0.0,0.0,0.0,6.50257,34.782630000000005,0.14959,4.1820699999999995,0.0027199999999999998,0.0,0.02118,0.09796,0.0,0.01836,0.0,0.0,0.0,0.0,0.0,0.0
LD-3,0.0,0.0,0.0,0.10803,0.0,63.90901,0.0,0.0,0.0010299999999999999,0.0,0.0,4.181080000000001,25.666549999999997,0.08123,3.3856900000000003,1.3572799999999998,0.0,0.5598,0.14836,0.03779999999999999,0.5641499999999999,0.0,0.0,0.0,0.0,0.0,0.0
LD-40,0.0,0.0,0.0,2.24595,0.013890000000000001,47.000750000000004,0.0,0.0,0.0,0.0,0.0,17.02682,9.502460000000001,0.08564000000000001,8.37388,0.10919000000000001,0.0,13.469439999999999,0.03438,0.18875,1.8887099999999999,0.0,0.0,0.0,0.060129999999999996,0.0,0.0
LD-41,0.0,0.0,0.0,0.25994,0.0,81.16154999999999,0.0,0.0,0.0014199999999999998,0.0,0.0,0.0595,15.01306,0.05255,0.90694,0.00043,0.0,0.21781999999999999,0.5861700000000001,0.0,1.4118300000000001,0.0,0.0,0.0,0.32874000000000003,0.0,0.0
LD-42,0.0,0.0,0.0,1.0702800000000001,0.0,65.38510000000001,0.0,0.0,0.0,0.0,0.0,1.15544,25.243520000000004,0.05143999999999999,3.9384499999999996,0.0,0.0,0.13672,0.41719,0.01155,1.745,0.0,0.0,0.0,0.8453299999999999,0.0,0.0
LD-43,0.0,0.0,0.0,0.20065,0.0,53.02040000000001,0.0,0.0,0.00318,0.0,0.0,5.21888,17.31362,0.11418,17.94503,0.15058,0.0,0.42042000000000007,0.14722999999999997,0.0319,3.1735500000000005,0.0,0.0,0.0,2.26038,0.0,0.0
LD-44,0.0,0.0,0.0,0.58837,0.0,33.59533999999999,0.0,0.0,0.0,0.0,0.0,8.723969999999998,12.6688,0.11205999999999999,35.71002000000001,0.58053,0.0,0.16722,0.028909999999999998,0.16902,7.655739999999999,0.0,0.0,0.0,0.0,0.0,0.0
LD-46,0.0,0.0,0.0,0.43490000000000006,0.0,87.13034000000002,0.0,0.0,0.0,0.0,0.0,0.07674000000000002,10.206100000000001,0.0326,0.29151,0.0,0.0,0.65856,0.21527,0.0,0.93398,0.0,0.0,0.0,0.020040000000000002,0.0,0.0
LD-47,0.0,0.0,0.0,0.15126,0.0,36.727959999999996,0.0072,0.0,0.0,0.0,0.0,0.8713899999999998,44.268250000000016,0.0632,10.722290000000001,0.01207,0.0,0.51245,0.008759999999999999,0.0,2.78395,0.0,0.0,0.0,3.8712400000000002,0.0,0.0
LD-48,0.0,0.0,0.0,0.15814000000000003,0.0,61.76443,0.0,0.0,0.0,0.0,0.0,13.24194,14.55764,0.0016600000000000002,2.1966699999999997,0.00353,0.0,0.25873,0.0,0.0572,7.76008,0.0,0.0,0.0,0.0,0.0,0.0
LD-49,0.0,0.0,0.0,1.8574800000000005,0.0,65.79902000000001,0.0,0.0,0.0,0.0,0.0,3.5582199999999995,16.56032,0.41081,10.070820000000001,0.22505,0.0,1.0160799999999999,0.28099,0.0,0.20221,0.0,0.0,0.0,0.01811,0.0,0.0009199999999999999
LD-4,0.0,0.0,0.0,0.21090000000000003,0.0,52.89613999999999,0.0,0.0,0.0,0.0,0.0,0.28213,42.37377000000002,0.24702000000000002,1.1378899999999998,0.01995,0.0,0.07099,1.76464,0.0,0.9964999999999999,0.0,0.0,0.0,0.0,0.0,0.0
LD-50,0.0,0.0,0.0,0.40756,0.0,32.63446,0.0,0.0,0.0,0.0,0.0,1.34138,17.68491,0.01833,9.664200000000001,0.0016300000000000002,0.0,0.42819999999999997,0.010929999999999999,0.0054399999999999995,37.800000000000004,0.0,0.0,0.0,0.00294,0.0,0.0
LD-51,0.0,0.0,0.0,0.21814,0.0,46.30005999999999,0.0,0.0,0.00181,0.0,0.0,7.94177,8.941180000000001,0.51489,16.19917,0.89144,0.0,0.20881000000000002,0.0,0.18718,18.59329,0.0,0.0,0.0,0.00223,0.0,0.0
LD-52,0.5407,0.0,0.0,3.34645,0.0,44.98677000000001,0.0,0.0,0.00617,0.0,0.0,1.63994,18.993780000000008,0.26485000000000003,1.1455,0.00841,0.0,0.7783599999999999,0.08766,0.00033999999999999997,26.206709999999994,0.0,0.00037999999999999997,0.0,1.9939200000000001,0.0,0.0
LD-53,0.0,0.0,0.0,0.12617,0.0,19.509930000000004,0.0,0.0,0.0,0.0,0.0,8.222330000000001,10.263990000000002,0.054099999999999995,47.71645000000001,2.27826,0.0,2.0997500000000002,0.00328,0.33786,9.38788,0.0,0.0,0.0,0.0,0.0,0.0
LD-54,0.0,0.0,0.0,0.048620000000000003,0.0,23.331169999999997,0.0,0.0,0.0,0.0,0.0,13.369720000000001,46.01936,0.05798,14.890979999999999,0.35742,0.0,1.2404400000000004,0.07967,0.04269,0.40018000000000004,0.0,0.0,0.0,0.1618,0.0,0.0
LD-55,0.0,0.0,0.0,0.84297,0.0,37.6284,0.0,0.0,0.0,0.0,0.0,0.15990999999999997,59.473429999999986,0.29603,0.53935,0.01182,0.0,0.13978000000000002,0.26092000000000004,0.0,0.14828,0.0,0.0,0.11163,0.38745999999999997,0.0,0.0
LD-56,0.0,0.0,0.0,0.36576000000000003,0.0,74.34160999999999,0.0,0.03211,0.0,0.0,0.0,0.46287,17.79178,0.00732,2.82054,0.8255600000000001,0.0,2.05862,0.0,0.0,1.29379,0.0,0.0,0.0,0.0,0.0,0.0
LD-57,0.0,0.0,0.0,0.41013999999999995,0.0,16.64066,0.01057,0.0,0.0,0.0,0.0,21.585749999999994,0.42113,0.0022199999999999998,54.492369999999994,0.42869,0.0,0.01656,0.0,0.07016,5.92175,0.0,0.0,0.0,0.0,0.0,0.0
LD-58,0.0,0.0,0.0,0.14705000000000001,0.0,64.27356999999999,0.0,0.0,0.0,0.0,0.0,0.20526,33.69552,0.21595999999999999,0.12473000000000001,0.012159999999999999,0.0,0.90229,0.13773000000000002,0.0,0.28575000000000006,0.0,0.0,0.0,0.0,0.0,0.0
LD-59,0.0,0.0,0.0,0.15033000000000002,0.0,73.51554000000002,0.0,0.0,0.0,0.0,0.0,0.43389,23.491860000000003,0.02565,0.6341200000000001,0.00402,0.0,0.024319999999999998,0.08185,0.0,1.5441299999999998,0.0,0.09425,0.0,0.0,0.0,0.0
LD-5,0.0,0.0,0.0,2.3118499999999997,0.0,20.489520000000002,0.0,0.0,0.0,0.0,0.0,39.158719999999995,24.334279999999993,0.10814,12.78963,0.05642,0.0,0.30918999999999996,0.0,0.0941,0.34809999999999997,0.0,0.0,0.0,0.0,0.0,0.0
LD-60,0.0026,0.0,0.0,0.057109999999999994,0.0,56.251189999999994,0.0,0.0,0.0,0.0,0.0,12.223490000000002,17.49263,0.34749,7.939839999999999,0.48515,0.0,0.0675,0.029429999999999998,0.08996,5.01358,0.0,0.0,0.0,0.0,0.0,0.0
LD-61,0.0,0.0,0.0,2.48199,0.0,44.37202,0.0,0.0,0.0,0.0,0.0,12.241780000000004,21.30006,0.7627900000000001,12.67762,2.5761100000000003,0.0,0.03997,0.0,0.09811,3.4495600000000004,0.0,0.0,0.0,0.0,0.0,0.0
LD-62,0.0,0.0,0.0,0.7098200000000001,0.0,72.02638,0.0,0.0,0.0,0.0,0.0,1.30492,8.29027,0.66533,15.13397,0.025039999999999996,0.0,0.07379,0.0,0.01736,1.7531599999999998,0.0,0.0,0.0,0.0,0.0,0.0
LD-63,0.0,0.0,0.0,0.49398,0.0,78.54647000000003,0.0,0.0,0.0,0.0,0.0,7.445140000000001,11.84278,0.07649,1.3229700000000002,0.15071,0.0,0.025660000000000002,0.01541,0.0,0.08037,0.0,0.0,0.0,0.0,0.0,0.0
LD-64,0.0,0.0,0.0,3.71932,0.0,12.449619999999998,0.0,0.0,0.0,0.0,0.0,34.809239999999996,31.32525,0.026660000000000003,16.242269999999998,0.12313000000000002,0.0,0.35613,0.01083,0.0065699999999999995,0.9265200000000001,0.0,0.0,0.0,0.0,0.0,0.00449
LD-65,0.31585,0.00503,0.0,0.4132,0.0,39.750200000000014,0.0,0.0,0.0,0.0,0.0,12.226220000000001,25.996419999999997,0.15661999999999998,7.21527,0.01309,0.0,0.20137000000000002,0.04973,0.0,13.65704,0.0,0.0,0.0,0.0,0.0,0.0
LD-66,0.0,0.0,0.0,1.3780299999999999,0.0,23.638339999999996,0.0,0.0,0.0,0.0,0.0,11.745060000000002,11.4232,0.06236,27.108570000000004,1.79469,0.0,2.3768,0.00224,0.28836,20.174960000000002,0.0,0.0,0.0,0.0,0.0,0.00745
LD-67,0.0,0.0,0.0,0.13133,0.0,80.47847999999999,0.0,0.0,0.00367,0.0,0.0,0.12114,16.164440000000003,0.1196,0.24044000000000004,0.0,0.0,1.69078,0.46025999999999995,0.0,0.5898300000000001,0.0,0.0,0.0,0.0,0.0,0.0
LD-68,0.0,0.0,0.0,1.9112,0.0,24.42848,0.0,0.0,0.00811,0.0,0.0,2.1243,61.53020000000001,0.047909999999999994,3.32652,0.44550999999999996,0.0,1.30057,0.0,0.01575,4.833089999999999,0.0,0.0,0.0,0.02833,0.0,0.0
LD-69,0.0,0.0,0.0,0.051379999999999995,0.0,74.25534000000002,0.0,0.00806,0.0,0.0,0.0,0.5833900000000001,6.690719999999998,0.24097,7.64056,3.8500799999999997,0.0,0.00549,0.0002,0.01143,6.660550000000001,0.0,0.0,0.0,0.00185,0.0,0.0
LD-6,0.0,0.0,0.0,0.23528,0.0,30.38779999999999,0.0,0.0,0.0,0.0,0.0,3.9023900000000005,37.86482000000001,0.060750000000000005,2.62632,0.00782,0.0,0.0,0.01381,0.0,24.14418,0.0,0.04381,0.0,0.71302,0.0,0.0
LD-70,0.0,0.0,0.0,0.31939,0.0,49.123200000000004,0.008029999999999999,0.0,0.0,0.0,0.0,5.9827900000000005,12.541129999999997,0.13128,20.14875,0.84864,0.0,0.09792,0.14966000000000002,0.13469,10.514529999999997,0.0,0.0,0.0,0.0,0.0,0.0
LD-71,0.0,0.0,0.0,0.39764,0.0,63.77962,0.0,0.0,0.0,0.0,0.0,2.4956499999999995,8.430560000000003,0.33646,4.072649999999999,1.28026,0.0,0.44022,0.0,0.04044,18.72653,0.0,0.0,0.0,0.0,0.0,0.0
LD-72,0.0,0.0,0.0,0.019070000000000004,0.0,31.62168,0.0,0.0,0.0,0.0,0.0,0.8963500000000001,14.874279999999999,0.27502999999999994,0.14724999999999996,0.34292,0.0,0.01726,0.0,0.0,51.80550999999999,0.0,0.0,0.0,0.00067,0.0,0.0
LD-73,0.0,0.0,0.0,0.34807000000000005,0.0,49.928740000000005,0.00456,0.0,0.0,0.0,0.0,1.02114,42.10852,0.21169,1.6289600000000002,0.09387999999999999,0.0,0.12158000000000001,0.29766,0.0002,4.031720000000001,0.0,0.0,0.06888999999999999,0.1344,0.0,0.0
LD-74,0.0,0.0,0.0,0.32569000000000004,0.0,35.57079999999999,0.0,0.0,0.0,0.0,0.0038200000000000005,2.0777099999999997,33.28039000000001,0.2586,4.0892100000000005,0.73641,0.0,0.39537,0.32824999999999993,0.00843,22.925320000000006,0.0,0.0,0.0,0.0,0.0,0.0
LD-75,0.0,0.0,0.0,0.22177,0.0,38.80647,0.0,0.00098,0.0,0.0,0.0,1.29028,47.63879,0.5063799999999999,2.5942499999999997,4.150369999999999,0.0,0.91465,0.7467900000000001,0.06427999999999999,3.06501,0.0,0.0,0.0,0.0,0.0,0.0
LD-76,0.0,0.0,0.0,8.668009999999997,0.0,39.65197999999999,0.0,0.0,0.0054199999999999995,0.0,0.0,8.10111,22.150100000000002,0.007520000000000001,4.51195,0.7803599999999999,0.0,2.75277,0.01603,0.059680000000000004,13.293690000000002,0.0,0.00128,0.0,0.0,0.0,0.0
LD-77,0.0,0.0,0.0,2.5597499999999997,0.0,26.451029999999996,0.0,0.0,0.00143,0.0,0.0,7.5608,28.725550000000002,1.5856000000000001,14.264990000000001,2.38203,0.0,0.02396,0.0,0.03816,16.406410000000008,0.0,0.0,0.0,0.00033999999999999997,0.0,0.0
LD-78,0.0,0.0,0.0,0.08419,0.0,41.26323000000001,0.0,0.0,0.0,0.0,0.0,10.514969999999998,25.934639999999998,0.00884,19.333399999999997,0.18600999999999998,0.0,0.20007,0.056479999999999995,0.12903,2.2875300000000003,0.0,0.0,0.0,0.00164,0.0,0.0
LD-79,0.0,0.0,0.0,0.43737000000000004,0.0,25.525589999999994,0.0,0.0,0.00668,0.0,0.0,11.860379999999994,18.617810000000002,0.025849999999999998,37.16471,1.03853,0.0085,1.25662,0.11428999999999999,0.03517,3.8950200000000006,0.00014,0.00889,0.0,0.00449,0.0,0.0
LD-7,0.0,0.0,0.0,0.30844,0.0,70.98116,0.0,0.0,0.0,0.0,0.0,0.17708000000000002,12.934730000000002,0.45275,12.82747,0.0037600000000000003,0.0,1.91108,0.16346,0.0,0.24006999999999995,0.0,0.0,0.0,0.0,0.0,0.0
LD-80,0.0,0.0,0.0,0.25377,0.0,49.280849999999994,0.0,0.0,0.0,0.0,0.0,6.838379999999999,18.5442,0.03884,21.41825,0.04921999999999999,0.0,0.047439999999999996,0.06348000000000001,0.04138,3.4242100000000004,0.0,0.0,0.0,0.0,0.0,0.0
LD-81,0.0,0.0,0.0,6.15425,0.0,61.254690000000004,0.0,0.0,0.00427,0.0,0.00499,2.2823400000000005,19.32508,0.34193,0.8655799999999999,0.05754,0.0,2.60888,1.11984,0.0,5.681620000000001,0.0,0.29395,0.0,0.00509,0.0,0.0
LD-82,0.0,0.0,0.0,5.28051,0.0,13.51607,0.0,0.0,0.0,0.0,0.00545,3.62903,57.71349,0.07955999999999999,6.352850000000001,0.26311,0.0,0.36821,0.09749000000000001,0.12922,12.551380000000002,0.0,0.0,0.0,0.013580000000000002,0.0,0.0
LD-83,0.0,0.0,0.0,0.27953,0.0,67.59155,0.0,0.0,0.0,0.0,0.00361,0.32646000000000003,27.60449,0.18678,0.43894,0.00592,0.0,0.32631,0.00417,0.0,0.21389,0.0,0.0,0.0,3.01837,0.0,0.0
LD-84,0.0,0.0,0.0,0.07286000000000001,0.0,59.92193999999999,0.0,0.0,0.00103,0.0,0.00213,3.9633900000000017,26.28893,0.05233,1.4909699999999995,0.70416,0.0,0.9984999999999999,0.5772600000000001,0.0,1.8347799999999999,0.0,0.0,0.0,4.09169,0.0,0.0
LD-85,0.0,0.0,0.0,1.3627500000000001,0.0,46.34506,0.0,0.0,0.0,0.0,0.00159,3.90617,39.296610000000015,0.035949999999999996,4.46444,0.01077,0.0,0.276,0.05888,0.00982,4.227479999999999,0.0,0.0,0.0,0.0045,0.0,0.0
LD-86,0.18414,0.0,0.0,0.23796000000000003,0.0,35.68896999999999,0.0,0.0,0.0,0.0,0.0027600000000000003,12.219120000000004,18.738950000000003,1.29074,23.935950000000005,0.054920000000000004,0.0,0.6159500000000001,0.35680999999999996,0.01257,6.6533999999999995,0.0,0.0028399999999999996,0.0,0.0049,0.0,0.0
LD-87,0.0,0.0,0.0,0.39607000000000003,0.0,69.0097,0.0,0.0,0.0,0.0,0.0,7.22167,7.2722500000000005,0.06722,5.35255,3.18445,0.0,5.41989,0.15774000000000002,0.13229,1.78614,0.0,0.0,0.0,0.0,0.0,0.0
LD-88,0.0,0.0,0.0,2.48225,0.0,13.695440000000001,0.0,0.0,0.0029,0.0,0.0,1.2274399999999999,29.308850000000003,0.059680000000000004,4.22982,0.46076,0.0,0.02279,0.00131,0.02099,48.481240000000014,0.0,0.0,0.00275,0.00385,0.0,0.0
LD-89,0.0,0.0,0.0,0.00989,0.0,59.14159000000001,0.0,0.0,0.0,0.0,0.0,12.458899999999998,11.686339999999998,2.1106599999999998,0.44034999999999996,3.48583,0.0,0.85178,1.37552,0.0,8.439149999999998,0.0,0.0,0.0,0.0,0.0,0.0
LD-8,0.0,0.0,0.0,11.721540000000001,0.0,40.87958999999999,0.0,0.0,0.0,0.0,0.0,3.41249,4.660409999999999,0.01076,31.245739999999998,0.007559999999999999,0.0,2.20012,1.41653,0.0,4.44523,0.0,0.0,0.0,0.0,0.0,0.0
LD-90,0.0,0.0,0.0,1.70031,0.0,37.64220999999999,0.0,0.0,0.0,0.0,0.0,2.91474,39.76286000000001,0.01464,5.48686,0.38051999999999997,0.0,0.18789,0.6608799999999999,0.00524,11.15695,0.0,0.0,0.0,0.08688,0.0,0.0
LD-91,0.0,0.0,0.0,1.35944,0.0,28.59841,0.0,0.0,0.0,0.0,0.00659,20.232960000000002,12.66306,0.00511,34.324400000000004,0.02393,0.0,0.026130000000000004,0.00078,0.24289,2.51629,0.0,0.0,0.0,0.0,0.0,0.0
LD-92,0.0,0.0,0.0,0.08458,0.0,49.48890999999999,0.0077599999999999995,0.0,0.005719999999999999,0.0,0.0,6.106489999999999,11.46524,0.32182,13.836339999999996,5.156639999999999,0.0,1.0804099999999996,0.00255,0.1585,12.28068,0.0,0.00439,0.0,0.0,0.0,0.0
LD-93,0.0,0.0,0.0,0.28791,0.0,44.29724,0.0,0.0,0.05022,0.0,0.0,4.05033,39.382500000000014,0.24122000000000002,4.1466199999999995,0.02693,0.0,2.5673100000000004,0.00317,0.0137,4.932829999999997,0.0,0.0,0.0,0.0,0.0,0.0
LD-94,0.0,0.0,0.0,0.07597,0.0,50.976020000000005,0.0,0.0,0.0,0.0,0.0,0.10618,36.69414,0.37766,2.0340400000000005,3.9520100000000005,0.0,0.54288,0.35351,0.0,4.88393,0.0,0.0,0.0,0.0018899999999999998,0.0,0.0018
LD-95,0.0,0.0,0.0,0.04497,0.0,79.50079999999998,0.0,0.0,0.00339,0.0,0.0,0.23179000000000002,16.94801,0.030610000000000002,1.7560200000000001,0.056440000000000004,0.0,0.64838,0.6660999999999999,0.0,0.11352999999999999,0.0,0.0,0.0,0.0,0.0,0.0
LD-96,0.0,0.0,0.0,0.16951000000000002,0.0,38.189790000000016,0.017480000000000002,0.0,0.00984,0.0,0.0,8.08168,6.597700000000001,0.34803,15.61236,1.14689,0.0,0.6182899999999999,0.18627,0.05566,28.966470000000005,0.0,0.0,0.0,0.0,0.0,0.0
LD-97,0.0,0.0,0.0,0.10951,0.0,59.39477999999999,0.0,0.0,0.0,0.0,0.00323,0.33825,35.37572999999998,0.05747999999999999,3.6369299999999996,0.01831,0.0,0.59749,0.32977999999999996,0.0019100000000000002,0.1023,0.0,0.0,0.0,0.03427,0.0,0.0
LD-98,0.0,0.0,0.0,0.06838999999999999,0.0,50.190780000000004,0.0,0.0,0.0,0.0,0.0,0.7085100000000001,21.01874,0.06860999999999999,5.7460700000000005,14.78129,0.0,2.02998,0.0,0.00228,5.385350000000001,0.0,0.0,0.0,0.0,0.0,0.0
LD-9,0.0,0.0,0.0,0.05425,0.0,65.43575000000001,0.0,0.0,0.0,0.0,0.0,0.07098,23.669869999999996,0.6516099999999999,0.2865,0.23886,0.0,0.18181000000000003,0.15582000000000001,0.0,9.25458,0.0,0.0,0.0,0.0,0.0,0.0
LV-10,0.0,0.0,0.0,0.032490000000000005,0.0,4.38094,0.0,0.0,0.0,0.0,0.0,4.119589999999999,76.1318,9.707360000000001,2.6177599999999996,0.015040000000000001,0.0,0.0565,0.0,0.1359,2.79712,0.0,0.0,0.0,0.0,0.0,0.00545
LV-11,1.35651,0.0,0.0,0.09966,0.0,55.71668000000002,0.0,0.0,0.0,0.0,0.0,0.29717000000000005,24.858819999999998,0.30579,14.663799999999995,0.00939,0.0,0.92186,0.13948,0.0,1.5889,0.0,0.0,0.0,0.04198,0.0,0.0
LV-13,0.0,0.0,0.0,0.22785,0.0,50.75587,0.0,0.0,0.0,0.0,0.0,7.72063,10.30608,0.87228,20.207549999999998,3.24515,0.0,2.41435,0.03532,0.14224,4.0727,0.0,0.0,0.0,0.0,0.0,0.0
LV-14,0.0,0.0,0.0,1.5796299999999999,0.0,62.66757,0.0,0.0,0.0,0.0,0.0,0.72711,28.79101,0.1018,3.6617699999999997,0.0,0.0,1.59521,0.0,0.0,0.8759100000000001,0.0,0.0,0.0,0.0,0.0,0.0
LV-15,0.0,0.0,0.0,0.030369999999999994,0.0,26.353140000000003,0.0,0.0,0.0,0.0,0.0,0.9900299999999999,10.917810000000001,0.50905,13.170250000000001,0.14731,0.0,0.19228000000000003,0.0,0.05016,47.63961,0.0,0.0,0.0,0.0,0.0,0.0
LV-16,0.0,0.0,0.0,2.14193,0.0,10.220960000000002,0.027030000000000002,0.0,0.0,0.0,0.0,37.68808,14.36528,0.65162,33.06211,0.23008,0.0,0.1203,0.0035700000000000003,0.043680000000000004,1.43258,0.0,0.0,0.0,0.0,0.0,0.01276
LV-17,0.0,0.0,0.0,0.03988,0.0,83.21311999999999,0.0,0.0,0.0,0.0,0.0,0.48059999999999997,9.843900000000001,0.5131399999999999,0.73624,0.36018,0.0,0.0,0.0,0.0,4.81294,0.0,0.0,0.0,0.0,0.0,0.0
LV-18,0.0,0.0,0.0,0.0907,0.00583,11.584289999999998,0.0,0.0,0.0,0.0,0.0,0.5254099999999999,4.4362,2.5304599999999997,44.28297,22.34547,0.0,0.20814,0.0,0.00732,13.564770000000001,0.36436999999999997,0.05231,0.0,0.00183,0.0,0.0
LV-19,0.0,0.0,0.0,0.40645,0.0,0.8869800000000001,0.0,0.0,0.0,0.0,0.0,5.324730000000001,38.15928,0.52069,18.29736,1.0352599999999998,0.0,1.6919500000000003,0.0,0.5581699999999999,33.119119999999995,0.0,0.0,0.0,0.0,0.0,0.0
LV-1,0.0,0.0,0.0,0.29591000000000006,0.0,73.55284,0.0,0.0,0.0,0.0,0.0,0.3453,12.801720000000003,0.13629,0.9535699999999999,4.17479,0.0,6.60465,0.67055,0.0,0.46435,0.0,0.0,0.0,0.0,0.0,0.0
LV-20,0.0,0.0,0.0,1.81646,0.0,51.295279999999984,0.0183,0.0,0.0,0.0,0.0,13.2791,9.081019999999997,0.69964,9.85264,3.4049400000000003,0.0,0.8124899999999999,0.0,0.0018100000000000002,9.73245,0.0,0.0,0.0,0.00587,0.0,0.0
LV-21,0.0,0.0,0.0,1.97018,0.0,45.89487,0.0,0.0,0.0,0.0,0.0,1.50908,43.19765,0.19201,4.31837,0.15908,0.0,1.1487500000000002,0.14207000000000003,0.0,1.37783,0.0,0.00064,0.0,0.08946,0.0,0.0
LV-22,0.0,0.0,0.0,0.28011,0.0,1.8292799999999996,0.0,0.0,0.01349,0.0,0.0,1.2603600000000001,36.033010000000004,0.21525999999999998,0.25908,0.0,0.0,0.02645,0.00617,0.00445,0.14825,0.0,0.0,0.0,59.92406,0.0,0.0
LV-23,0.0,0.0,0.0,0.3950599999999999,0.0,75.02818,0.01499,0.0,0.0,0.0,0.0,2.54063,12.51919,0.112,0.587,0.0,0.0,1.9651,0.04471,0.0,3.85471,0.0,0.0,0.0,2.93844,0.0,0.0
LV-24,0.0,0.0,0.0,0.15753999999999999,0.0,55.62676,0.0,0.0,0.0,0.0,0.0,0.05246000000000001,37.480149999999995,0.08399000000000001,1.0932700000000002,0.07774,0.0,0.11912,0.24064000000000002,0.0,5.04403,0.0,0.01616,0.0,0.0076,0.0,0.0005200000000000001
LV-25,0.0,0.0,0.0,1.55896,0.0,70.64058,0.0,0.0,0.0,0.0,0.0,0.48220999999999997,18.829950000000004,0.19475,3.7729499999999994,0.16151,0.0,0.11442,0.00771,0.0,3.64404,0.0,0.0,0.0,0.5928899999999999,0.0,0.0
LV-2,0.0,0.0,0.0,5.62893,0.0,30.46814,0.0,0.0,0.0,0.0,0.0,0.18191,52.58342000000001,0.53636,1.43071,0.06155,0.0,0.09208999999999999,0.0,0.0,9.00034,0.0,0.0,0.0,0.01653,0.0,0.0
LV-3,0.0,0.0,0.0,0.80515,0.0,43.51484,0.01899,0.0,0.0,0.0,0.0,5.984359999999999,35.458969999999994,0.00659,6.614579999999999,0.08899,0.0,0.33245,1.29405,0.00278,4.2526,0.0,1.55179,0.0,0.07389,0.0,0.0
LV-4,0.0,0.0,0.0,0.08956,0.0,81.27411,0.0,0.0,0.0,0.0,0.0,0.0925,11.51181,0.0,0.11413000000000001,0.0,0.0,0.80705,0.05439,0.0,6.0514399999999995,0.0,0.0,0.0,0.00503,0.0,0.0
LV-5,0.0,0.0,0.0,0.46202000000000004,0.0,76.08829,0.0,0.0,0.0,0.0,0.0,0.050949999999999995,10.444009999999997,0.06462,4.06815,0.30701999999999996,0.0,0.2319,0.0796,0.0,8.20339,0.0,0.0,0.0,0.0,0.0,0.0
LV-6,0.0,0.0,0.0,0.23398999999999998,0.0,65.41575,0.0,0.0,0.0,0.0,0.0,7.497429999999999,5.41641,0.34881,9.30832,7.383840000000001,0.0,0.68396,0.00193,0.0034100000000000003,3.7061300000000004,0.0,0.0,0.0,0.0,0.0,0.0
LV-7,0.0,0.0,0.0,0.30147,0.00399,73.53348999999997,0.0,0.0,0.0,0.0,0.0,0.7338600000000001,15.707430000000002,0.28482,5.234360000000001,0.30329999999999996,0.0,1.29069,0.46213,0.0059,2.13098,0.0,0.006999999999999999,0.0,0.0006,0.0,0.0
LV-8,0.0,0.0,0.0,0.26143,0.0,53.68634,0.0,0.0,0.0,0.0,0.0,2.74463,27.83157,0.68048,2.29914,2.27562,0.0,1.07932,0.01969,0.0,9.112960000000001,0.0,0.0,0.0,0.00877,0.0,0.0
