SampleID,k__Archaea|p__Euryarchaeota|c__Methanobacteria|o__Methanobacteriales,k__Archaea|p__Euryarchaeota|c__Methanococci|o__Methanococcales,k__Bacteria|p__Acidobacteria|c__Acidobacteriia|o__Acidobacteriales,k__Bacteria|p__Actinobacteria|c__Actinobacteria|o__Actinomycetales,k__Bacteria|p__Actinobacteria|c__Actinobacteria|o__Bifidobacteriales,k__Bacteria|p__Actinobacteria|c__Actinobacteria|o__Coriobacteriales,k__Bacteria|p__Bacteroidetes|c__Bacteroidetes_noname|o__Bacteroidetes_noname,k__Bacteria|p__Bacteroidetes|c__Bacteroidia|o__Bacteroidales,k__Bacteria|p__Bacteroidetes|c__Flavobacteriia|o__Flavobacteriales,k__Bacteria|p__Bacteroidetes|c__Sphingobacteriia|o__Sphingobacteriales,k__Bacteria|p__Candidatus_Saccharibacteria|c__Candidatus_Saccharibacteria_noname|o__Candidatus_Saccharibacteria_noname,k__Bacteria|p__Chlorobi|c__Chlorobia|o__Chlorobiales,k__Bacteria|p__Deinococcus_Thermus|c__Deinococci|o__Deinococcales,k__Bacteria|p__Firmicutes|c__Bacilli|o__Bacillales,k__Bacteria|p__Firmicutes|c__Bacilli|o__Lactobacillales,k__Bacteria|p__Firmicutes|c__Clostridia|o__Clostridiales,k__Bacteria|p__Firmicutes|c__Erysipelotrichia|o__Erysipelotrichales,k__Bacteria|p__Firmicutes|c__Negativicutes|o__Selenomonadales,k__Bacteria|p__Fusobacteria|c__Fusobacteriia|o__Fusobacteriales,k__Bacteria|p__Proteobacteria|c__Alphaproteobacteria|o__Rhizobiales,k__Bacteria|p__Proteobacteria|c__Alphaproteobacteria|o__Rhodospirillales,k__Bacteria|p__Proteobacteria|c__Betaproteobacteria|o__Burkholderiales,k__Bacteria|p__Proteobacteria|c__Betaproteobacteria|o__Gallionellales,k__Bacteria|p__Proteobacteria|c__Betaproteobacteria|o__Neisseriales,k__Bacteria|p__Proteobacteria|c__Deltaproteobacteria|o__Desulfovibrionales,k__Bacteria|p__Proteobacteria|c__Epsilonproteobacteria|o__Campylobacterales,k__Bacteria|p__Proteobacteria|c__Gammaproteobacteria|o__Aeromonadales,k__Bacteria|p__Proteobacteria|c__Gammaproteobacteria|o__Alteromonadales,k__Bacteria|p__Proteobacteria|c__Gammaproteobacteria|o__Cardiobacteriales,k__Bacteria|p__Proteobacteria|c__Gammaproteobacteria|o__Enterobacteriales,k__Bacteria|p__Proteobacteria|c__Gammaproteobacteria|o__Oceanospirillales,k__Bacteria|p__Proteobacteria|c__Gammaproteobacteria|o__Pasteurellales,k__Bacteria|p__Proteobacteria|c__Gammaproteobacteria|o__Pseudomonadales,k__Bacteria|p__Proteobacteria|c__Gammaproteobacteria|o__Xanthomonadales,k__Bacteria|p__Spirochaetes|c__Spirochaetia|o__Spirochaetales,k__Bacteria|p__Synergistetes|c__Synergistia|o__Synergistales,k__Bacteria|p__Tenericutes|c__Mollicutes|o__Mycoplasmatales,k__Bacteria|p__Verrucomicrobia|c__Verrucomicrobiae|o__Verrucomicrobiales,k__Eukaryota|p__Ascomycota|c__Eurotiomycetes|o__Eurotiales,k__Eukaryota|p__Ascomycota|c__Saccharomycetes|o__Saccharomycetales
HD-10,0.0,0.0,0.0,0.0,0.0,0.06939,0.0,68.27344000000002,0.0,0.0,0.0,0.0,0.0,0.0,0.01279,20.41449,0.31616,3.68354,1.44325,0.0,0.0,0.26041,0.0135,0.0,2.1183199999999998,0.0,0.0,0.0,0.0,3.39128,0.0,0.0,0.0,0.0,0.0,0.0,0.0,0.0034,0.0,0.0
HD-11,0.0,0.0,0.0,0.0,0.11273,0.1141,0.0,41.644549999999995,0.0,0.0,0.0,0.0,0.0,0.0,0.0054399999999999995,44.81119,0.02597,2.6165,0.0,0.0,0.0,0.80663,0.0,0.0,1.15177,0.0,0.0,0.0,0.0,0.16938999999999999,0.0,0.01624,0.0,0.0,0.0,0.0,0.0,8.52552,0.0,0.0
HD-12,0.0,0.0,0.0,0.0,0.056920000000000005,0.22114,0.0,59.53684,0.0,0.0,0.0,0.0,0.0,0.0,0.012360000000000001,36.74885999999999,0.007859999999999999,0.00147,0.7280800000000001,0.0,0.0,0.22979,0.02899,0.0,0.55206,0.0,0.0,0.0,0.0,1.87085,0.0,0.0,0.0,0.0,0.0,0.0,0.0,0.00481,0.0,0.0
HD-13,0.0,0.0,0.0,0.0,0.15253,0.02423,0.0,65.24801,0.0,0.0,0.0,0.0,0.0,0.0,0.20096,33.022909999999996,0.0,0.09078,0.0,0.0,0.0,0.7259,0.0,0.0,0.0,0.0,0.0,0.0,0.0,0.51606,0.0,0.0,0.0,0.0,0.0,0.0,0.0,0.01864,0.0,0.0
HD-14,0.0,0.0,0.0,0.0,0.29028000000000004,0.03124,0.0,81.43028000000001,0.0,0.0,0.0,0.0,0.00602,0.0,0.0494,15.43673,0.09304,0.0,0.04214,0.0,0.0,0.22804999999999997,0.0,0.0,1.10982,0.0,0.0,0.0,0.0,1.2829799999999998,0.0,0.0,0.0,0.0,0.0,0.0,0.0,0.0,0.0,0.0
HD-15,0.0,0.0,0.0,0.0,0.00448,0.08090000000000001,0.0,62.76019,0.0,0.0,0.0,0.0,0.0,0.0,0.07286999999999999,28.009170000000005,0.045129999999999997,0.14378,0.0,0.0,0.0,0.36654000000000003,0.0,0.0,0.03966,0.0,0.0,0.0,0.0,8.45235,0.0,0.02492,0.0,0.0,0.0,0.0,0.0,0.0,0.0,0.0
HD-16,0.0,0.0,0.0,0.0006799999999999999,0.00366,0.14359999999999998,0.0,40.894,0.0,0.0,0.0,0.0,0.0,0.25861,0.02632,57.39044000000002,0.014990000000000002,0.01919,0.00265,0.0,0.0,0.6752199999999999,0.0,0.0,0.40518000000000004,0.0,0.0,0.0,0.0,0.10378,0.0,0.06165,0.0,0.0,0.0,0.0,0.0,0.0,0.0,0.0
HD-17,0.0,0.0,0.0,0.0,5.57473,0.35824999999999996,0.0,56.26498999999999,0.0,0.0,0.0,0.0,0.0,0.53714,0.39177,31.973340000000004,0.32035,1.2641399999999998,0.009980000000000001,0.0,0.0,0.0,0.0,0.0,2.6679999999999997,0.0,0.0,0.0,0.0,0.6196499999999999,0.0,0.01763,0.0,0.0,0.0,0.0,0.0,0.0,0.0,0.0
HD-18,0.39518000000000003,0.0,0.0,0.11984,0.07892,0.45165000000000005,0.0,32.41605,0.0,0.0,0.0,0.0,0.0,0.22711,1.27162,34.61818999999999,0.9517300000000002,5.03835,0.00411,0.0,0.0,0.24745999999999999,0.0,0.0,1.0117699999999998,0.0,0.0,0.0,0.0,17.17062,0.0,0.03732,0.0,0.0,0.0,1.10504,0.0,4.8550699999999996,0.0,0.0
HD-19,0.0,0.0,0.0,0.0,0.06806,0.01665,0.0,50.742810000000006,0.0,0.0,0.00235,0.0,0.0,0.43738,0.017519999999999997,43.18945999999999,0.1744,0.10917,3.69786,0.0,0.0,1.3120899999999998,0.0,0.0,0.04373,0.0,0.0,0.0,0.0,0.10097,0.0,0.08751,0.0,0.0,0.0,0.0,0.0,0.0,0.0,0.0
HD-1,0.0,0.0,0.0,0.0,0.02955,0.18910000000000002,0.0,73.10286,0.0,0.0,0.0,0.0,0.0,0.0,0.18361,24.07702,0.12431,0.07669000000000001,0.12674000000000002,0.0,0.0,0.89594,0.0,0.0,0.6146699999999999,0.0,0.0,0.0,0.0,0.44171999999999995,0.0,0.13777999999999999,0.0,0.0,0.0,0.0,0.0,0.0,0.0,0.0
HD-20,0.0,0.0,0.0,0.0,0.14006,0.21112,0.0,12.99472,0.00836,0.0,0.0,0.0,0.0,0.0,0.00775,73.66547999999999,0.10507000000000001,0.96344,0.22601000000000002,0.0,0.0,0.16773,0.0,0.0,0.013340000000000001,0.0,0.0,0.0,0.0,11.40122,0.0,0.09573999999999999,0.0,0.0,0.0,0.0,0.0,0.0,0.0,0.0
HD-21,0.0,0.0,0.0,0.0,0.00584,0.07622,0.0,50.986630000000005,0.00481,0.0,0.0,0.0,0.0,0.6719899999999999,0.11353,10.4714,0.02549,23.111649999999997,14.24734,0.0,0.0,0.18012,0.0,0.0,0.05869,0.0,0.0,0.0,0.0,0.02809,0.0,0.018160000000000003,0.0,0.0,0.0,0.0,0.0,0.0,0.0,0.0
HD-22,0.0,0.0,0.0,0.00023999999999999998,0.0037700000000000003,0.08402,0.0,31.382539999999995,0.0,0.0,0.0,0.0,0.0,0.83518,0.036430000000000004,66.45572,0.01483,0.06603,0.02417,0.0,0.0,0.53333,0.0,0.0,0.41282,0.0,0.0,0.0,0.0,0.08252999999999999,0.0,0.06517,0.0,0.0,0.0,0.0,0.0,0.00324,0.0,0.0
HD-23,0.0,0.0,0.0,0.0,0.008,0.23174000000000003,0.0,69.60861,0.0,0.0,0.0,0.0,0.0,0.0,0.05572,26.753310000000003,0.04116,0.10259,0.0,0.0,0.0,1.7949499999999998,0.0,0.0,0.26737,0.0,0.0,0.0,0.0,0.29616,0.0,0.02967,0.0,0.0,0.0,0.0,0.0,0.81071,0.0,0.0
HD-24,0.0,0.0,0.0,0.0,0.0393,0.14701999999999998,0.0,72.56626999999999,0.0,0.0,0.0,0.0,0.0,0.0,0.07765999999999999,19.18712,0.03433,1.64251,2.25979,0.0,0.0,0.8544400000000001,0.0,0.0,1.04535,0.0,0.0,0.0,0.0,2.14621,0.0,0.0,0.0,0.0,0.0,0.0,0.0,0.0,0.0,0.0
HD-25,0.0,0.0,0.0,0.0,0.24681999999999998,0.0,0.0,70.49975000000002,0.0,0.0,0.0,0.0,0.0,0.0,0.06737,7.769370000000001,0.09128000000000001,0.75933,0.0,0.0,0.0,0.00257,0.0,0.0,0.0,0.0,0.0,0.0,0.0,20.53987,0.0,0.014709999999999999,0.0,0.00893,0.0,0.0,0.0,0.0,0.0,0.0
HD-26,0.0,0.0,0.0,0.0,0.95512,0.051919999999999994,0.0008699999999999999,30.552240000000005,0.0,0.0,0.0,0.0,0.0,0.0,0.01107,67.02483,0.007970000000000001,0.7845900000000001,0.0,0.0,0.0,0.11667000000000001,0.0,0.0,0.0,0.0,0.0,0.0,0.0,0.21964999999999998,0.0,0.21856,0.01793,0.0,0.0,0.038560000000000004,0.0,0.0,0.0,0.0
HD-27,0.01755,0.0,0.0,0.0,0.0,0.10723,0.0,61.39527,0.0,0.0,0.0,0.0,0.0,0.0,0.0,30.671080000000003,0.04952,0.73786,0.66279,0.0,0.0,1.9313200000000004,0.0,0.0,1.37901,0.0,0.0,0.0,0.0,0.37544999999999995,0.0,0.0,0.0,0.0,0.0,0.0,0.0,2.67291,0.0,0.0
HD-28,0.0,0.0,0.0,0.0,0.0,0.14118999999999998,0.0,54.28792,0.0,0.0,0.0,0.0,0.0,0.0,0.19915,43.38505,0.03004,0.01505,0.0,0.0,0.0,1.5857700000000001,0.0,0.0,0.0,0.0,0.0,0.0,0.0,0.21188,0.0,0.00186,0.0,0.0,0.0,0.0,0.0,0.14212,0.0,0.0
HD-29,0.00662,0.0,0.0,0.8188200000000001,0.16577999999999998,0.32025,0.0,53.94236000000001,0.0,0.0,0.0,0.0,0.0,0.11262,0.35564999999999997,33.36885,0.22967,6.2838,1.12582,0.0,0.0,1.2324300000000001,0.0,0.0,1.3740999999999999,0.0,0.0,0.0,0.0,0.6402700000000001,0.0,0.00589,0.0,0.0,0.0,0.0,0.0,0.0,0.01709,0.0
HD-2,0.0,0.0,0.0,0.0,0.0,0.0,0.0,56.00258,0.0,0.0,0.0,0.0,0.0,0.0,0.10725,38.342530000000004,0.10082999999999999,0.12151,0.0,0.0,0.0,0.19299,0.0,0.0,1.63517,0.0,0.0,0.0,0.0,0.85829,0.0,0.0,0.0,0.0,0.0,0.0,0.0,2.63888,0.0,0.0
HD-30,0.0,0.0,0.0,0.43393999999999994,0.03562,0.0663,0.0,72.53424,0.0,0.0,0.0,0.0,0.0,0.04996,0.0177,24.02408,0.026319999999999996,0.052539999999999996,0.0,0.0,0.0,0.28947,0.0,0.0,0.11710999999999999,0.0,0.0,0.0,0.0,2.1807,0.0,0.15922999999999998,0.0,0.0,0.0,0.006490000000000001,0.0,0.0,0.00628,0.0
HD-31,0.0,0.0,0.0,1.03503,1.2809,0.30879,0.0,61.06180999999998,0.0,0.0,0.0,0.0,0.0,0.10067000000000001,0.53694,28.496409999999994,1.5069299999999999,4.15682,0.47535,0.0,0.0,0.7121700000000001,0.0,0.0,0.01293,0.0,0.0,0.0,0.0,0.27577999999999997,0.0,0.0,0.01726,0.0,0.0,0.0,0.0,0.0,0.02219,0.0
HD-32,0.49451,0.0,0.0,0.0,0.82589,0.27337000000000006,0.0,47.96584000000001,0.0,0.0,0.0,0.0,0.00473,0.41911999999999994,0.83295,47.56519000000001,0.037899999999999996,0.09881000000000001,0.0,0.0,0.0,1.0078200000000002,0.0,0.0,0.45245,0.0,0.0,0.0,0.0,0.014360000000000001,0.0,0.0,0.0,0.0,0.0,0.0,0.0,0.00704,0.0,0.0
HD-33,0.29306,0.0,0.0,0.0,0.22192,0.17747,0.0,57.06924,0.0,0.0,0.0,0.0,0.00315,0.45377,0.40201000000000003,36.06713999999999,1.0991,2.29223,0.0,0.0,0.0,0.52443,0.0,0.0,0.6862199999999999,0.0,0.0,0.0,0.0,0.46896000000000004,0.0,0.008440000000000001,0.0,0.0,0.0,0.0,0.0,0.23288000000000003,0.0,0.0
HD-34,0.0,0.0,0.0,0.0,2.41951,0.26674,0.0,65.84673,0.0,0.0,0.0,0.0,0.0,0.7007,0.6070699999999999,27.642989999999998,0.027,0.07699,0.0,0.0,0.0,0.40609,0.0,0.0,0.7759400000000001,0.0,0.0,0.0,0.0,0.96212,0.0,0.00122,0.0,0.0,0.0,0.26682,0.0,0.0,0.0,0.0
HD-35,0.72748,0.0,0.0,0.5605699999999999,0.00415,0.45806,0.0,33.74112,0.0,0.0,0.0,0.0,0.0,0.07479000000000001,0.13682999999999998,52.68731000000001,0.6449999999999999,0.60741,0.0,0.0,0.0,1.24416,0.0,0.0,2.23762,0.0,0.0,0.0,0.0,6.74312,0.0,0.10905,0.0,0.0,0.0,0.0,0.0,0.0,0.02331,0.0
HD-36,0.0,0.0,0.0,0.0,0.0,0.31440000000000007,0.0,52.86276,0.0,0.0,0.0,0.0,0.0,0.0,0.08413000000000001,24.1234,0.10822000000000001,1.8163,0.0,0.0,0.0,1.11047,0.0,0.0,0.52918,0.0,0.0,0.0,0.0,0.9417399999999999,0.0,0.0,0.0,0.0,0.0,0.15880999999999998,0.0,17.95056,0.0,0.0
HD-37,0.0,0.0,0.0,0.0,0.0051,0.2986,0.0,42.114430000000006,0.0,0.0,0.0,0.0,0.0,0.0,0.27123,45.167780000000015,0.43688999999999995,0.5627099999999999,0.13437000000000002,0.0,0.0,0.85779,0.0,0.0,2.83892,0.0,0.0,0.0,0.0,1.5002700000000002,0.0,0.01258,0.0,0.0,0.0,0.1644,0.0,5.63491,0.0,0.0
HD-38,0.0,0.0,0.0,0.0,0.18711000000000003,0.08631,0.0,57.10127,0.0,0.0,0.0,0.0,0.0,0.0,0.7245799999999999,39.435410000000005,0.01781,1.96634,0.18146,0.0,0.0,0.12641999999999998,0.0,0.0,0.0046,0.0,0.0,0.0,0.0,0.11925999999999999,0.0,0.04477,0.0,0.0,0.0,0.0025,0.0,0.00212,0.0,0.0
HD-39,0.0,0.0,0.0,0.0,0.21911999999999998,0.07951000000000001,0.0,60.377680000000005,0.0,0.0,0.0,0.0,0.0,0.0,0.6429100000000001,32.49035,0.98756,3.2975900000000005,0.57992,0.0,0.0,0.04947,0.0,0.0,0.60677,0.0,0.0,0.0,0.0,0.030999999999999996,0.0,0.63812,0.0,0.0,0.0,0.0,0.0,0.0,0.0,0.0
HD-3,0.0,0.0,0.0,0.0,0.0,0.08317,0.0,79.64957,0.01671,0.0,0.0,0.0,0.0,0.0,0.07772000000000001,15.38597,0.6350800000000001,0.14131000000000002,2.14485,0.0,0.0,0.19054,0.0,0.0,0.52482,0.0,0.0,0.0,0.0,1.1494099999999998,0.0,0.0008300000000000001,0.0,0.0,0.0,0.0,0.0,0.0,0.0,0.0
HD-40,0.0,0.0,0.0,0.0,0.03686,0.0789,0.0,48.96836000000002,0.0,0.0,0.0,0.0,0.00451,0.0036299999999999995,0.31009000000000003,47.246440000000014,0.11835,0.23560999999999999,0.0,0.0,0.0,1.06511,0.0,0.0,0.8192099999999999,0.0,0.0,0.0,0.0,0.41122000000000003,0.0,0.07404,0.0,0.0,0.0,0.0,0.0,0.62771,0.0,0.0
HD-41,0.0,0.0,0.0,0.0126,0.01536,0.04896,0.0,66.07443999999998,0.0,0.0,0.0,0.0,0.0,0.00122,0.23368,30.617060000000006,0.07149,0.11122,0.0,0.0,0.0,0.8625200000000001,0.0,0.0,0.11567000000000001,0.0,0.0,0.0,0.0,0.15088,0.0,1.6848700000000003,0.0,0.0,0.0,0.0,0.0,0.0,0.0,0.0
HD-42,0.0,0.0,0.0,0.0,0.3227,0.011019999999999999,0.0,83.78919,0.0,0.0,0.0,0.0,0.0,0.00645,0.01695,10.71832,0.05044,1.36695,0.0,0.0,0.0,1.49114,0.0,0.0,0.11591,0.0,0.0,0.0,0.0,2.09629,0.0,0.013940000000000001,0.0,0.0,0.0,0.0,0.0,0.0007,0.0,0.0
HD-43,0.0,0.0,0.0,0.0,0.055470000000000005,0.028750000000000005,0.0,71.91029999999999,0.0,0.0,0.0,0.0,0.0,0.0,0.36301,19.717709999999997,0.51425,2.97605,0.0,0.0,0.0,0.47914999999999996,0.015130000000000001,0.0,0.50017,0.0,0.0,0.0,0.0,3.1635299999999997,0.0,0.26016,0.0,0.0,0.0,0.0,0.0,0.01633,0.0,0.0
HD-44,0.0,0.0,0.0,0.0,0.01154,0.057800000000000004,0.0,83.82085999999998,0.0,0.0,0.00314,0.0,0.0,0.0,0.06330999999999999,14.109520000000002,0.02537,0.84511,0.09426999999999999,0.0,0.0,0.02988,0.0,0.0,0.57782,0.0,0.0,0.0,0.0,0.30589,0.0,0.055479999999999995,0.0,0.0,0.0,0.0,0.0,0.0,0.0,0.0
HD-45,0.0,0.0,0.0,0.0,0.04152,0.013919999999999998,0.0,73.78616000000004,0.0,0.0,0.0,0.0,0.0,0.0,0.21713,6.153719999999999,0.18659,5.89219,0.5149199999999999,0.0,0.0,0.0,0.0,0.0,0.6959699999999999,0.0,0.0,0.0,0.0,12.472059999999997,0.0,0.02578,0.0,0.0,0.0,0.0,0.0,0.0,0.0,0.0
HD-46,0.0058200000000000005,0.0,0.0,0.0,0.4834,0.048510000000000005,0.0,72.64778000000001,0.0,0.0,0.0,0.0,0.0,0.0,0.10698,23.08233,0.04073,2.18817,0.0,0.0,0.0,0.24083,0.0,0.0,0.33725000000000005,0.0,0.0,0.0,0.0,0.42977,0.0,0.11812,0.0,0.0,0.0,0.0,0.0,0.27033,0.0,0.0
HD-47,0.0,0.0,0.0,0.00045,0.78989,0.13237,0.0,70.73308,0.0,0.0,0.0,0.0,0.0,0.0,0.07174,27.070719999999998,0.08134000000000001,0.06382,0.00099,0.0,0.0,0.44149,0.0,0.0,0.48744,0.0,0.0,0.0,0.0,0.08352000000000001,0.0,0.043160000000000004,0.0,0.0,0.0,0.0,0.0,0.0,0.0,0.0
HD-48,0.00056,0.0,0.0,0.0,1.32341,0.09928000000000001,0.0,88.45474000000002,0.0,0.0,0.0,0.0,0.0,0.0,0.24407,7.381659999999998,0.2761699999999999,0.12341000000000002,0.0,0.0,0.0,1.4018,0.0,0.0,0.08755,0.0,0.0,0.0,0.0,0.54575,0.0,0.06159,0.0,0.0,0.0,0.0,0.0,0.0,0.0,0.0
HD-49,0.0,0.0,0.0,0.00314,0.00836,0.15234,0.0,60.91805999999998,0.0,0.0,0.0,0.0,0.0,0.0,0.24412,30.26256,0.06743,0.13641,3.72425,0.0,0.0,0.09056,0.0,0.0,0.35035,0.0,0.0,0.0,0.0,3.5991100000000005,0.0,0.4433,0.0,0.0,0.0,0.0,0.0,0.0,0.0,0.0
HD-4,0.0,0.0,0.0,0.00413,0.66889,0.15228,0.0,59.25096,0.0,0.0,0.0,0.0,0.0,0.0,0.01594,35.78125,0.00556,0.08431,0.0,0.0,0.0,3.37456,0.0,0.0,0.15867,0.0,0.0,0.0,0.0,0.11918999999999999,0.0,0.37662000000000007,0.0,0.00762,0.0,0.0,0.0,0.0,0.0,0.0
HD-50,0.0,0.0,0.0,0.02798,0.2502,0.023969999999999998,0.0,47.652229999999996,0.0,0.0,0.00058,0.0,0.0,0.00656,6.527970000000001,12.79034,0.1269,20.611860000000004,0.92048,0.0,0.0,0.08399,0.0,0.01338,0.14275,0.32614,0.42883000000000004,0.0,0.00172,0.80066,0.0,9.24943,0.0,0.0,0.0,0.0,0.0,0.013980000000000001,0.0,0.0
HD-51,0.0,0.0,0.0,0.0,0.045239999999999995,0.061560000000000004,0.0,57.889320000000005,0.0,0.0,0.0,0.0,0.0,0.0,0.029380000000000003,38.50737,0.01422,0.16568,0.0,0.0,0.0,1.98937,0.0,0.0,0.7595999999999999,0.0,0.0,0.0,0.0,0.18362,0.0,0.33592000000000005,0.0,0.0,0.0,0.0187,0.0,0.0,0.0,0.0
HD-52,0.0,0.0,0.0,0.0,0.00108,0.09306,0.0,64.51212000000001,0.0,0.0,0.0,0.0,0.0,0.0,0.06233,31.879929999999998,0.07685,0.13475,0.0078,0.0,0.0,1.34945,0.0,0.0,1.5152999999999999,0.0,0.0,0.0,0.0,0.30952999999999997,0.0,0.057819999999999996,0.0,0.0,0.0,0.0,0.0,0.0,0.0,0.0
HD-53,0.0,0.0,0.0,0.020819999999999998,0.29308999999999996,0.13118000000000002,0.0,53.43962000000002,0.010579999999999999,0.0,0.0022600000000000003,0.0,0.0,0.0,0.34487,40.64845999999999,0.10836,1.2421300000000002,0.00033,0.0,0.0,1.0662900000000002,0.0,0.0,0.27818,0.0,0.0,0.0,0.0,0.10739,0.0,2.2949800000000002,0.0,0.0,0.0,0.0,0.0,0.01144,0.0,0.0
HD-54,0.0,0.0,0.0,0.0,0.22736,0.12189,0.0,69.46668,0.0103,0.0,0.0,0.0,0.0,0.0,0.05539,24.431279999999997,0.9456199999999999,0.6082000000000001,0.0179,0.0,0.0,0.07905,0.0,0.0,1.57308,0.0,0.0,0.0,0.0,2.4597400000000005,0.0,0.0034700000000000004,0.0,0.0,0.0,0.0,0.0,0.0,0.0,0.0
HD-55,0.0,0.0,0.0,0.0038199999999999996,0.22898,0.12228999999999998,0.0,62.220980000000004,0.0,0.0,0.0126,0.0,0.00228,0.0,0.34294,27.221409999999995,0.01959,7.93354,0.0,0.0,0.0,0.02544,0.0054600000000000004,0.0,0.46165999999999996,0.0,0.0,0.0,0.0,0.0769,0.0,0.05855,0.0,0.0,0.0,0.0,0.0,1.26358,0.0,0.0
HD-56,0.046310000000000004,0.0,0.0,0.00463,0.05877,0.14583000000000002,0.0,55.50089999999999,0.0,0.0,0.0,0.0,0.0,0.0,4.2157599999999995,26.39474,0.55297,9.456449999999998,0.037469999999999996,0.0,0.0,0.5928100000000001,0.0,0.00447,0.34829,0.0,0.0,0.0,0.0,2.0283300000000004,0.0,0.61063,0.0,0.0,0.0,0.0,0.0,0.0016,0.0,0.0
HD-57,0.0,0.0,0.0,0.00725,0.0,0.12891,0.0,60.41384999999998,0.01669,0.0,0.0,0.0,0.0,0.0,0.53855,36.08373999999999,0.025280000000000004,0.09847999999999998,0.0,0.0,0.0,0.08589000000000001,0.0,0.0,0.22232000000000002,0.0,0.0,0.0,0.0,2.18877,0.0,0.19029000000000001,0.0,0.0,0.0,0.0,0.0,0.0,0.0,0.0
HD-58,0.0,0.0,0.0,0.0,0.7915,0.19801000000000002,0.0,60.629740000000005,0.00719,0.0,0.0,0.0,0.0,0.0,0.07044,36.27857,0.9346599999999998,0.9157,0.0,0.0,0.0,0.0031899999999999997,0.0,0.0,0.0,0.0,0.0,0.0,0.0,0.15217,0.0,0.01885,0.0,0.0,0.0,0.0,0.0,0.0,0.0,0.0
HD-59,0.0,0.0,0.0,0.0,5.418570000000001,0.59271,0.0,59.65926999999999,0.0,0.0,0.0,0.0,0.00543,0.0,0.18125,30.581299999999995,0.056330000000000005,0.32048,0.00151,0.0,0.012620000000000001,0.6830900000000001,0.0,0.0,1.5716299999999999,0.0,0.0,0.0,0.0,0.8867,0.0,0.01585,0.0,0.0,0.0,0.0,0.0,0.01323,0.0,0.0
HD-5,0.10198,0.0,0.0,0.0,0.26894,0.10502999999999998,0.0,44.308870000000006,0.0,0.0,0.0,0.0,0.0,0.0,0.0038,49.31562,0.04239999999999999,1.20996,0.0,0.0,0.0,0.21438,0.0,0.0,2.2710199999999996,0.0,0.0,0.0,0.0,1.1790399999999999,0.0,0.0,0.0,0.0,0.0,0.0,0.0,0.9789899999999999,0.0,0.0
HD-60,0.0,0.0,0.0,0.00016,0.13391,0.06887,0.0,53.4624,0.0,0.0,0.0,0.0,0.0,0.0,0.22043,34.79711000000001,1.16232,8.32958,0.0,0.0,0.0,1.14734,0.0,0.0,0.3183,0.0,0.0,0.0,0.0,0.13005999999999998,0.0,0.07291999999999998,0.0,0.0,0.0,0.0,0.0,0.1566,0.0,0.0
HD-61,0.0,0.0,0.0,0.0,1.5990600000000001,0.043660000000000004,0.0,73.00367,0.0,0.0,0.0,0.0,0.0,0.0,0.11278,23.885680000000004,0.02854,0.00218,0.015399999999999999,0.0,0.0,0.22164,0.0,0.0,1.0788,0.0,0.0,0.0,0.0,0.00859,0.0,0.0,0.0,0.0,0.0,0.0,0.0,0.0,0.0,0.0
HD-62,0.0,0.0,0.0,0.0,0.0,0.12292999999999998,0.0,79.27204,0.0,0.0,0.0,0.0,0.00589,0.0,0.19888,16.356949999999998,0.4208299999999999,0.5126000000000001,0.0,0.0,0.0,2.09969,0.0,0.0,0.28062999999999994,0.0,0.0,0.0,0.0,0.23287999999999998,0.0,0.11288,0.0,0.0,0.0,0.02487,0.0,0.35888000000000003,0.0,0.0
HD-63,0.0,0.0,0.0,0.0,0.11339000000000002,0.25803000000000004,0.0,55.526909999999994,0.0,0.0,0.0,0.0,0.00657,0.0,0.05885,42.910360000000004,0.03544,0.11365,0.0,0.0,0.0,0.38494,0.031439999999999996,0.0,0.42504000000000003,0.0,0.0,0.0,0.0,0.07058,0.0,0.03329,0.0,0.0,0.0,0.0,0.0,0.03152,0.0,0.0
HD-64,0.0,0.0,0.0,0.0,0.41491000000000006,0.04119,0.0,92.96849000000002,0.0,0.0,0.0,0.0,0.0,0.0,0.07986,3.7636600000000002,0.28846,0.26333,0.02447,0.0,0.0,1.29679,0.0,0.0,0.007520000000000001,0.0,0.0,0.0,0.0,0.7580999999999999,0.0,0.09083,0.0,0.0,0.0,0.0,0.0,0.00234,0.0,0.0
HD-65,0.0,0.0,0.0,0.0017100000000000001,0.37415,0.0708,0.0,49.31566000000001,0.0,0.0,0.0,0.0,0.0,0.0,0.6131,46.281179999999985,0.22199999999999998,0.0811,0.04339,0.0,0.0,1.63182,0.0,0.0,0.45532,0.0,0.0,0.0,0.0,0.67977,0.0,0.17635,0.0,0.0,0.0,0.0,0.0,0.05363,0.0,0.0
HD-66,0.392,0.0,0.0,0.00143,0.22627000000000003,0.16519999999999999,0.0,59.32557000000001,0.0,0.0,0.0,0.0,0.01045,0.0,0.22914,35.844069999999995,0.03619,0.2663,0.00629,0.0,0.0,1.04956,0.0,0.0,0.11729,0.0,0.0,0.0,0.0,1.4659200000000001,0.0,0.11639000000000001,0.0,0.0,0.0,0.0,0.0,0.7478600000000001,0.0,0.0
HD-67,0.0,0.0,0.0,0.0,0.0,0.24254,0.0,48.27152,0.0,0.0,0.0,0.00447,0.00586,0.0,0.04622,47.66624000000001,2.07005,0.07392,0.0,0.0,0.0,0.08149,0.0,0.0,1.34241,0.0,0.0,0.0,0.0,0.07404,0.0,0.003,0.0,0.0,0.0,0.0,0.0,0.11825999999999999,0.0,0.0
HD-68,0.0,0.0,0.0,0.0,1.8223,0.20162000000000002,0.0,56.70046000000001,0.01149,0.0,0.0,0.0,0.0,0.0,0.32891,31.822619999999993,0.26937,6.9238100000000005,0.04392,0.0,0.0,0.5784100000000001,0.0,0.0,1.18567,0.0,0.0,0.0,0.0,0.07988,0.0,0.03152,0.0,0.0,0.0,0.0,0.0,0.0,0.0,0.0
HD-69,0.0,0.0,0.0,0.0,0.03511,0.19517,0.0,70.27017,0.01629,0.0,0.0,0.0,0.0,0.0,0.11033,23.528499999999998,0.03392,0.05206,1.9542199999999998,0.0,0.0,2.84259,0.0,0.0,0.88173,0.0,0.0,0.0,0.0,0.07952999999999999,0.0,0.0004,0.0,0.0,0.0,0.0,0.0,0.0,0.0,0.0
HD-6,0.0,0.0,0.0,0.0,0.0265,0.06528999999999999,0.0,52.2655,0.0,0.0,0.0,0.0,0.0,0.0,0.05477,26.3546,0.12257000000000001,20.46475,0.0,0.0,0.0,0.23735,0.0,0.0,0.29434,0.0,0.0,0.0,0.0,0.07229000000000001,0.0,0.00336,0.0,0.0,0.0,0.03808,0.0,0.00057,0.0,0.0
HD-70,0.0,0.0,0.0,0.0,1.84214,0.02102,0.0,88.9202,0.00898,0.0,0.0,0.0,0.0,0.0,0.05015,8.04227,0.18545,0.033420000000000005,0.00314,0.0,0.0,0.04573,0.0,0.0,0.24276,0.0,0.0,0.0,0.0,0.6038600000000001,0.0,0.00088,0.0,0.0,0.0,0.0,0.0,0.0,0.0,0.0
HD-71,0.0,0.0,0.0,0.007109999999999999,0.06654,0.14295,0.0,71.44394000000001,0.0,0.0,0.0,0.0,0.0,0.0,0.63032,25.48391,0.03444,0.18747999999999998,0.02095,0.0,0.0,0.99131,0.0,0.0,0.45191000000000003,0.0,0.0,0.0,0.0,0.29515,0.0,0.24398000000000003,0.0,0.0,0.0,0.0,0.0,0.0,0.0,0.0
HD-72,0.0,0.0,0.0,0.01725,0.03625,0.22309,0.0,61.20747999999999,0.01155,0.0,0.0,0.0,0.00765,0.0,1.01997,34.98434,0.04953,0.20582999999999999,0.0059700000000000005,0.0,0.0,0.95858,0.0,0.0,0.83333,0.0,0.0,0.0,0.0,0.36608999999999997,0.0,0.07309,0.0,0.0,0.0,0.0,0.0,0.0,0.0,0.0
HD-73,0.0,0.0,0.0,0.0,0.62032,0.12862,0.0,73.17479000000002,0.0,0.0,0.0,0.0,0.0,0.0,0.053579999999999996,21.407850000000003,0.02182,2.1456500000000003,0.02999,0.0,0.0,1.39051,0.0,0.0,0.6518300000000001,0.0,0.0,0.0,0.0,0.3325,0.0,0.04253,0.0,0.0,0.0,0.0,0.0,0.0,0.0,0.0
HD-74,0.0,0.0,0.0,0.0,0.40292000000000006,0.23522,0.0,50.41132999999999,0.0,0.0,0.0,0.0,0.0,0.0,0.27213000000000004,45.585260000000005,0.12033,0.69042,0.01379,0.0,0.0,1.33595,0.0,0.0,0.74455,0.0,0.0,0.0,0.0,0.15855999999999998,0.0,0.02806,0.0,0.0,0.0,0.0,0.0,0.00149,0.0,0.0
HD-75,0.0,0.0,0.0,0.0,2.339,0.43522,0.0,62.68543,0.0,0.007359999999999999,0.0,0.0,0.0,0.0,0.06934,27.870279999999998,0.10623,0.59614,2.26377,0.0,0.0,2.27706,0.0,0.0,0.76728,0.0,0.0,0.0,0.0,0.53966,0.0,0.04323,0.0,0.0,0.0,0.0,0.0,0.0,0.0,0.0
HD-76,0.0,0.0,0.0,0.0,0.00207,0.04809,0.0,86.95629000000001,0.0,0.0,0.0,0.0,0.0,0.0,0.07584,2.43209,0.06527,0.06853000000000001,0.057909999999999996,0.0,0.0,0.01932,0.0,0.0,0.7642599999999999,0.0,0.0,0.0,0.0,9.510330000000002,0.0,0.0,0.0,0.0,0.0,0.0,0.0,0.0,0.0,0.0
HD-77,0.0,0.0,0.0,0.0,5.075480000000001,0.37922,0.0,42.530170000000005,0.0,0.0,0.00294,0.0,0.0,0.0,1.77182,25.129980000000007,0.19914,23.16726,0.00922,0.0,0.0,1.2294200000000002,0.01491,0.0,0.07034,0.0,0.0,0.0,0.0,0.28984999999999994,0.0,0.13026,0.0,0.0,0.0,0.0,0.0,0.0,0.0,0.0
HD-78,0.0,0.0,0.0,0.0,0.00771,0.14709000000000003,0.0,77.08867000000001,0.0,0.0,0.0,0.0,0.0,0.0,0.27304,17.170180000000002,1.20038,0.22519,0.007090000000000001,0.0,0.0,0.19724000000000003,0.0,0.0,0.5930500000000001,0.0,0.0,0.0,0.0,2.9627000000000003,0.0,0.12765,0.0,0.0,0.0,0.0,0.0,0.0,0.0,0.0
HD-79,0.01198,0.0,0.0,0.00061,0.0,1.41871,0.0,52.08316,0.00698,0.0,0.0,0.0,0.0,0.00124,0.2508,24.776340000000005,0.23558,14.3716,0.77161,0.00275,0.0,0.10117000000000001,0.0,0.0,0.9758800000000001,0.0,0.0,0.0,0.0,4.752709999999998,0.0,0.16920000000000002,0.0,0.0,0.0,0.0082,0.0,0.06143,0.0,0.0
HD-7,0.0,0.0,0.0,0.0007,0.22516999999999998,0.28925999999999996,0.0,66.26451999999999,0.0144,0.0,0.0,0.0,0.0,0.07787000000000001,0.19534,27.562330000000003,0.28671,0.043859999999999996,0.20534999999999998,0.0,0.0,3.42256,0.0,0.0,0.31620000000000004,0.0,0.0,0.0,0.0,0.38578999999999997,0.0,0.69599,0.0,0.0,0.0,0.0,0.0,0.013919999999999998,0.0,0.0
HD-80,0.0,0.0,0.0,0.0,0.07107,0.18697999999999998,0.0,70.49347,0.0,0.0,0.0,0.0,0.0,0.0,1.09785,19.5918,0.005679999999999999,5.30562,0.62121,0.0,0.0,0.12967,0.0,0.0,0.66329,0.0,0.0,0.0,0.0,1.70753,0.0,0.12082000000000001,0.0,0.0,0.0,0.0,0.0,0.005,0.0,0.0
HD-81,0.0,0.0,0.0,0.01102,0.01406,0.21185,0.0,48.555009999999996,0.01234,0.0,0.0,0.0,0.0,0.0,0.22433,44.787459999999996,0.03427,0.09081,0.08902,0.0,0.0,1.5718699999999999,0.0,0.0,1.6006,0.0,0.0,0.0,0.0,0.32884,0.0,0.06382,0.0,0.0,0.0,0.0,0.0,2.40472,0.0,0.0
HD-82,0.0,0.0,0.0,0.013649999999999999,0.06811,0.13946999999999998,0.0,56.80537,0.0,0.0,0.0,0.0,0.0,0.0,0.40343,25.71902,1.08701,0.372,0.8998899999999999,0.0,0.0,0.5141500000000001,0.02147,0.0,0.18237,0.0,0.0,0.0,0.0,13.73237,0.0,0.04172,0.0,0.0,0.0,0.0,0.0,0.0,0.0,0.0
HD-83,0.0,0.0,0.0,0.0,13.23348,0.50068,0.0,42.339019999999984,0.0,0.0,0.0,0.0,0.0,0.0,0.70163,37.98924999999999,0.00252,1.3494499999999998,0.05934,0.0,0.0,3.19057,0.0,0.0,0.09779,0.0,0.0,0.0,0.0,0.2858,0.0,0.24423,0.0,0.0,0.0,0.0,0.0,0.00626,0.0,0.0
HD-8,0.0,0.0,0.0,0.00365,3.93877,0.16082000000000002,0.0,46.095049999999986,0.0,0.0,0.0,0.0,0.0033399999999999997,0.0,0.68411,47.23847999999999,0.29241,0.05055,0.0,0.0,0.0,0.5497799999999999,0.0,0.0,0.46984,0.0,0.0,0.0,0.0,0.28270999999999996,0.0,0.0,0.0,0.0,0.0,0.0,0.0,0.23046999999999998,0.0,0.0
HD-9,0.0,0.0,0.0,0.0069900000000000006,1.44944,0.18793,0.0,77.87729999999999,0.0,0.0,0.0,0.0,0.0,0.0,0.23024,15.33241,0.08119,0.22515,0.0,0.0,0.0,1.22503,0.0,0.0,0.28265999999999997,0.0,0.0,0.0,0.0,0.67252,0.0,0.02611,0.0,0.0,0.0,0.0,0.0,2.40305,0.0,0.0
HV-10,0.0,0.0,0.0,0.0,0.0,0.23287,0.0,50.412409999999994,0.0,0.0,0.0,0.0,0.0,0.0,0.28041,37.22995999999999,0.01195,3.87581,0.0,0.0,0.0,3.90081,0.0,0.0,3.7602200000000003,0.0,0.0,0.0,0.0,0.02828,0.0,0.0,0.0,0.0,0.0,0.0,0.0,0.26726,0.0,0.0
HV-11,0.009040000000000001,0.0,0.0,0.0,0.0,0.36278,0.0,40.73521,0.0,0.0,0.0,0.0,0.0,0.0,0.25212,34.03125,0.55614,14.0076,5.21404,0.0,0.0,2.9587000000000003,0.0,0.0,1.05752,0.0,0.0,0.0,0.0,0.81558,0.0,0.0,0.0,0.0,0.0,0.0,0.0,0.0,0.0,0.0
HV-12,0.0,0.0,0.0,0.0,0.66988,0.25567,0.0,69.94632,0.0,0.0,0.0,0.0,0.0,0.0,0.16932,26.74495,0.0,0.15586,0.054329999999999996,0.0,0.0,0.07937999999999999,0.0,0.0,1.72177,0.0,0.0,0.0,0.0,0.17133,0.0,0.0312,0.0,0.0,0.0,0.0,0.0,0.0,0.0,0.0
HV-13,0.0,0.0,0.0,0.0,0.0,0.03473,0.0,63.92232,0.0,0.0,0.0,0.0,0.0,0.0,0.0235,33.99586999999999,0.004070000000000001,1.19334,0.25493000000000005,0.0,0.0,0.14837,0.0,0.0,0.41315,0.0,0.0,0.0,0.0,0.00967,0.0,0.0,0.0,0.0,0.0,0.0,0.0,0.0,0.0,0.0
HV-14,0.0,0.0,0.0,0.01626,0.010770000000000002,0.046310000000000004,0.0,39.23537,0.0,0.0,0.0,0.0,0.0,0.0,0.35438000000000003,57.26556999999999,0.00881,0.5810199999999999,0.0,0.0,0.0,0.10112,0.0,0.06991,0.05831,0.0,0.00216,0.0,0.0,1.6518,0.0,0.5982099999999999,0.0,0.0,0.0,0.0,0.0,0.0,0.0,0.0
HV-15,0.0,0.0,0.0,0.0,0.044910000000000005,0.13029000000000002,0.0,83.06810000000002,0.0,0.0,0.0,0.0,0.0,0.0,0.25273,15.844149999999999,0.0294,0.16136000000000003,0.0,0.0,0.0,0.20847,0.0,0.0,0.04533,0.0,0.0,0.0,0.0,0.1529,0.0,0.03347,0.0,0.0,0.0,0.0,0.0,0.02889,0.0,0.0
HV-16,0.0,0.0,0.0,0.0,0.0069299999999999995,0.0069500000000000004,0.0,79.80512999999999,0.0,0.0,0.0,0.0,0.0,0.0,0.1641,15.28011,0.05263999999999999,3.8856699999999997,0.008,0.0,0.0,0.21294000000000002,0.0,0.013630000000000001,0.34018,0.0,0.0,0.0,0.0,0.09401,0.0,0.12971,0.0,0.0,0.0,0.0,0.0,0.0,0.0,0.0
HV-17,0.0,0.0,0.0,0.0,0.22369,0.059120000000000006,0.0,91.86827,0.0,0.0,0.0,0.0,0.0,0.0,0.035269999999999996,6.167769999999999,0.00303,0.06951000000000002,0.00974,0.0,0.0,1.1457899999999999,0.0,0.0,0.20038,0.0,0.0,0.0,0.0,0.07074,0.0,0.14233,0.0,0.0,0.0,0.004379999999999999,0.0,0.0,0.0,0.0
HV-18,0.0,0.0,0.01571,0.0,0.49788,0.052199999999999996,0.0,76.83672999999999,0.0,0.0,0.0,0.0,0.0,0.0,0.02497,18.37761,0.14418,1.9726800000000002,0.0,0.0,0.0,0.36137,0.0,0.0,1.53087,0.0,0.0,0.0,0.0,0.18581,0.0,0.0,0.0,0.0,0.0,0.0,0.0,0.0,0.0,0.0
HV-19,0.0,0.0,0.0,0.0164,0.0,0.023469999999999998,0.0,45.455870000000004,0.0,0.0,0.0,0.0,0.0,0.0,0.88492,40.850970000000004,0.93192,0.5787599999999999,0.4094,0.0,0.0,3.04163,0.0,0.0,0.05803,0.0033399999999999997,0.0,0.0,0.0,2.87283,0.0,4.872459999999999,0.0,0.0,0.0,0.0,0.0,0.0,0.0,0.0
HV-1,0.0,0.0,0.0,0.10513,0.1387,0.0,0.0,16.241819999999997,0.0,0.0,0.0,0.0,0.0,0.0,0.33764,79.94369000000002,1.09258,0.20468000000000003,0.5214,0.0,0.0,0.5009399999999999,0.0,0.0,0.00114,0.0,0.0,0.0,0.0,0.0,0.0,0.9123,0.0,0.0,0.0,0.0,0.0,0.0,0.0,0.0
HV-20,0.0,0.0,0.0,0.0,0.96085,0.12602999999999998,0.0,49.48671,0.0,0.0,0.0,0.0,0.0,0.0,0.18042000000000002,39.29656,0.95599,4.01199,0.5232600000000001,0.0,0.0,2.0828900000000004,0.0,0.0,1.2530000000000001,0.0,0.0,0.0,0.0,0.06725,0.0,0.11567000000000001,0.0,0.0,0.0,0.0,0.0,0.93935,0.0,0.0
HV-21,0.0,0.0,0.0,0.0,0.0316,0.22509,0.0,58.872899999999994,0.0,0.0,0.0,0.0,0.0,0.0,0.00066,31.624889999999997,0.31325,2.1507699999999996,0.02327,0.0,0.0,0.5397,0.0,0.0,0.39454,0.0,0.0,0.0,0.0,4.66944,0.0,1.1538700000000002,0.0,0.0,0.0,0.0,0.0,0.0,0.0,0.0
HV-22,0.0,0.0,0.0,0.0,0.02665,0.0,0.0,61.703999999999986,0.0,0.0,0.0,0.0,0.0,0.0,0.17738,35.405150000000006,0.00039,0.69607,0.09117,0.0,0.0,0.14517,0.0,0.0,0.00988,0.0,0.0022600000000000003,0.0,0.0,1.7313399999999999,0.0,0.01055,0.0,0.0,0.0,0.0,0.0,0.0,0.0,0.0
HV-23,0.0,0.0,0.0,0.0,0.22184,0.05579,0.0,49.40281999999999,0.0,0.0,0.0,0.0,0.0,0.0,0.05965,44.732079999999996,0.0,1.1455799999999998,1.4987,0.0,0.0,1.52962,0.0,0.0,0.24424,0.0,0.0,0.0,0.0,0.9206000000000001,0.0,0.02109,0.0,0.0,0.0,0.16801,0.0,0.0,0.0,0.0
HV-24,0.009909999999999999,0.0,0.0,0.0,0.40081999999999995,0.49785,0.0,46.31253999999999,0.0,0.0,0.0,0.0,0.0,0.0,0.21281999999999998,33.615050000000004,0.35144,9.070030000000001,1.845,0.0,0.0,2.40089,0.0,0.0,0.98985,0.0,0.0,0.0,0.0,4.02342,0.0,0.27042,0.0,0.0,0.0,0.0,0.0,0.0,0.0,0.0
HV-25,0.0,0.0,0.0,0.0,0.09705,0.027010000000000003,0.0,75.89806,0.018119999999999997,0.0,0.0,0.0,0.0,0.0,0.009890000000000001,18.186349999999997,0.047529999999999996,1.94834,0.20498000000000002,0.0,0.0,2.86876,0.0287,0.03567,0.24543999999999996,0.0,0.0,0.0,0.0,0.22215999999999997,0.0,0.09325000000000001,0.0,0.0,0.0,0.0,0.0,0.06869,0.0,0.0
HV-26,0.27082,0.0,0.0,0.0,2.48753,0.49979999999999997,0.0,45.62039000000001,0.0,0.0,0.00201,0.0,0.0,0.0,0.66015,38.76821,0.45977,0.3952,0.01878,0.0,0.0,0.13647,0.0,0.0,1.3971399999999998,0.0055899999999999995,0.0,0.0,0.0,8.91842,0.0,0.0,0.0,0.0,0.0,0.0,0.0,0.35971,0.0,0.0
HV-27,0.0,0.0,0.0,0.00137,9.13194,0.09272000000000001,0.0,34.42477999999999,0.0,0.0,0.0,0.0,0.0,0.0,0.26314,35.996689999999994,0.48748,0.16454999999999997,12.266800000000002,0.0,0.0,1.25434,0.0,0.0,0.58953,0.0,0.0,0.0,0.0,5.32668,0.0,0.0,0.0,0.0,0.0,0.0,0.0,0.0,0.0,0.0
HV-28,0.0,0.0,0.0,0.0,2.88385,1.54546,0.0,51.764,0.0,0.0,0.0,0.0,0.01804,0.0,0.6175300000000001,33.28653,3.2323,4.77216,0.0,0.0,0.0,0.38994,0.0,0.0,1.25415,0.0,0.0,0.0,0.0,0.18091,0.0,0.02876,0.0,0.0,0.0,0.0,0.0,0.02638,0.0,0.0
HV-29,0.0,0.0,0.0,0.0,0.59067,0.14009,0.0,23.95040000000001,0.0,0.0,0.0,0.0,0.0,0.0,0.41153,33.645140000000005,1.20656,38.03458,0.47546000000000005,0.0,0.0,0.40442999999999996,0.01798,0.0,0.10672,0.0,0.0,0.0,0.0,1.0011299999999999,0.0,0.013130000000000001,0.0,0.0,0.0,0.0,0.0,0.00216,0.0,0.0
HV-2,0.0,0.0,0.0,0.0,0.08451,0.0,0.0,53.08976999999998,0.0,0.0,0.0,0.0,0.0,0.0,0.05606,24.711149999999996,0.0036200000000000004,16.12227,1.90432,0.0,0.0,0.0,0.0,0.0,0.0,0.0,0.0,0.0,0.0,2.97598,0.0,1.05085,0.0,0.0,0.0,0.0,0.0,0.00149,0.0,0.0
HV-30,0.0,0.0,0.0,0.0,0.00926,0.02495,0.0,80.70654,0.0,0.0,0.0,0.0,0.0,0.0,0.22667,14.25459,1.1842800000000002,0.06773000000000001,0.00978,0.0,0.0,1.4024,0.0,0.0,0.46706000000000003,0.0,0.0,0.0,0.0,1.57883,0.0,0.06796,0.0,0.0,0.0,0.0,0.0,0.0,0.0,0.0
HV-31,0.0,0.0,0.0,0.0,0.31821,0.22858,0.0,56.521109999999986,0.0,0.0,0.0,0.0,0.0,0.0,0.28570999999999996,36.89075999999999,0.04838,4.8215900000000005,0.0,0.0,0.0,0.32073,0.02223,0.0,0.19971,0.0,0.0,0.0,0.0,0.24677000000000002,0.0,0.09621,0.0,0.0,0.0,0.0,0.0,0.0,0.0,0.0
HV-3,0.0,0.0,0.0,0.0,0.0,0.06124,0.0,78.35891000000002,0.028489999999999998,0.0,0.0,0.0,0.0,0.0,0.09094000000000001,17.025180000000002,0.67936,0.08107,1.02874,0.0,0.0,1.28206,0.0,0.0,0.43470000000000003,0.0,0.0,0.0,0.0,0.87313,0.0,0.0562,0.0,0.0,0.0,0.0,0.0,0.0,0.0,0.0
HV-4,0.0,0.0,0.0,0.0,0.8597100000000001,0.10848,0.0,49.88705999999999,0.0,0.0,0.0,0.0,0.0,0.0,0.0622,47.24436,0.0,0.54323,0.0,0.0,0.0,0.688,0.0,0.0,0.2656,0.0,0.0,0.0,0.0,0.29166000000000003,0.0,0.04972,0.0,0.0,0.0,0.0,0.0,0.0,0.0,0.0
HV-5,0.0,0.0,0.0,0.0,0.0,0.07551,0.0,81.01728999999997,0.0,0.0,0.0,0.0,0.0,0.0,0.03959,16.10772,0.00941,0.08654999999999999,0.20205,0.0,0.0,0.07902999999999999,0.0,0.0,0.5576099999999999,0.0,0.0,0.0,0.0,1.7670599999999999,0.0,0.058210000000000005,0.0,0.0,0.0,0.0,0.0,0.0,0.0,0.0
HV-6,0.0,0.0,0.0,0.0,0.02536,0.39150000000000007,0.0,39.43494999999999,0.0,0.0,0.0,0.0,0.0,0.0,0.04636,54.01830000000001,0.05129,0.0865,0.0,0.0,0.0,1.68334,0.0,0.0,1.22406,0.0,0.0,0.0,0.0,3.0247400000000004,0.0,0.0,0.0,0.0,0.0,0.00451,0.0,0.00908,0.0,0.0
HV-7,0.0,0.0,0.0,0.0102,0.7134099999999999,0.08417,0.0,57.885859999999994,0.0,0.0,0.0,0.0,0.0,0.0,0.39846,30.48459,0.17638,3.21718,0.0,0.0,0.0,0.07684,0.0,0.0,0.77037,0.0,0.0,0.0,0.0,0.30205000000000004,0.0,0.08473,0.0,0.0,0.0,0.0,0.0,5.79576,0.0,0.0
HV-8,1.3349600000000001,0.0,0.0,0.0,0.14386,0.48495,0.0,45.071369999999995,0.0,0.0,0.0,0.0,0.0,0.0,0.0,48.60357,0.14484,0.04135,0.0,0.0,0.0,1.21802,0.0,0.0,1.04775,0.0,0.0,0.0,0.0,0.7625,0.0,0.0,0.0,0.0,0.0,0.0,0.0,1.14687,0.0,0.0
HV-9,0.0,0.0,0.0,0.00145,0.0,0.01831,0.0,80.23474,0.0,0.0,0.0,0.0,0.0,0.0,0.15479,15.705789999999997,0.25015000000000004,3.0238700000000005,0.0,0.0,0.0,0.41272,0.0,0.0,0.03658,0.0,0.0,0.0,0.0,0.09905,0.0,0.06256,0.0,0.0,0.0,0.0,0.0,0.0,0.0,0.0
LD-10,0.0,0.0,0.0,0.0,0.17637,0.06295,0.0,65.22907999999998,0.0,0.01091,0.0,0.0,0.0,0.0,0.024390000000000002,22.495450000000005,0.058730000000000004,0.12963,0.5277499999999999,0.0,0.0,0.64213,0.0,0.0,0.5928300000000001,0.0,0.0,0.0,0.0,9.9275,0.0,0.12118,0.0,0.0,0.0,0.0,0.0,0.0011099999999999999,0.0,0.0
LD-11,0.0,0.0,0.0,0.00015,0.03484999999999999,0.08238999999999998,0.0,53.50149000000001,0.0,0.0,0.0,0.0,0.0,0.0,0.038979999999999994,26.557340000000003,0.12673,18.94838,0.0,0.0,0.0,0.26174000000000003,0.0,0.0,0.30741,0.0,0.0,0.0,0.0,0.09342999999999999,0.0,0.00056,0.0,0.0,0.0,0.044910000000000005,0.0,0.0016600000000000002,0.0,0.0
LD-12,0.0,0.0,0.0,0.0,0.00373,0.07732,0.0,55.68967000000001,0.0,0.0,0.0,0.0,0.0,0.0,0.12101,42.623889999999996,0.027460000000000002,0.18514,0.0,0.0,0.0,0.08892,0.0,0.0,0.7469899999999999,0.0,0.0,0.0,0.0,0.07418000000000001,0.0,0.36165,0.0,0.0,0.0,0.0,0.0,0.0,0.0,0.0
LD-13,0.0,0.0,0.0,0.0013,0.0035600000000000002,0.015149999999999999,0.0,87.16009999999999,0.0,0.0,0.0,0.0,0.0,0.0,0.0377,9.11656,0.0038299999999999996,1.2023100000000002,0.0018800000000000002,0.0,0.0,1.6440000000000001,0.0,0.0,0.30824,0.0,0.0,0.0,0.0,0.09357,0.0,0.053360000000000005,0.0,0.0,0.0,0.0,0.0,0.35843,0.0,0.0
LD-14,0.0,0.0,0.0,0.0,0.0,0.06903999999999999,0.0,62.893130000000006,0.0,0.0,0.0,0.0,0.0,0.0,3.27113,28.09179,0.04685,1.7020300000000002,0.0,0.0,0.0,0.16595,0.0,0.0,0.36216,0.0,0.0,0.0,0.0,2.18168,0.0,1.21192,0.0,0.0,0.0,0.00436,0.0,0.0,0.0,0.0
LD-15,0.039060000000000004,0.0,0.0,0.00578,0.09361000000000001,0.12633,0.0,50.54414999999999,0.0,0.0,0.0,0.0,0.0,0.0,0.07169,22.61894,0.37647,20.639219999999998,0.00371,0.0,0.0,3.05746,0.0,0.0,0.5898000000000001,0.0,0.0,0.0,0.0,1.6757699999999998,0.0,0.07119,0.0,0.0,0.0,0.0,0.0,0.08684,0.0,0.0
LD-17,0.06976,0.0,0.0,0.045520000000000005,0.00472,0.07662999999999999,0.0,65.89589000000001,0.0,0.0,0.00123,0.0,0.0,0.00162,1.9029100000000003,16.980220000000003,0.08225,6.43331,0.00425,0.0,0.0,2.75349,0.00628,0.00785,0.59195,0.0020800000000000003,0.0,0.0,0.0,5.014519999999999,0.0,0.12553,0.0,0.0,0.0,0.0,0.0,0.0,0.0,0.0
LD-18,0.0,0.0,0.0,0.00292,0.17206000000000002,0.0,0.0,4.22731,0.0,0.0,0.0,0.0,0.0,0.0,0.28733,1.10103,0.07463,0.25321000000000005,0.7993899999999999,0.0,0.0,0.08616,0.0,0.0,0.0,0.00045,0.45802,0.0,0.0,92.39370000000001,0.0,0.1438,0.0,0.0,0.0,0.0,0.0,0.0,0.0,0.0
LD-19,0.0,0.0,0.0,0.06090999999999999,0.048920000000000005,0.01339,0.0,69.34209,0.0,0.0,0.0,0.0,0.0,0.01291,7.104000000000001,5.55341,0.3925,10.124469999999999,0.019459999999999998,0.0,0.0,0.40148,0.0,0.00705,0.05354,0.0,0.00475,0.0,0.0,4.816019999999999,0.0,2.0450700000000004,0.0,0.0,0.0,0.0,0.0,0.0,0.0,0.0
LD-1,0.0,0.0,0.0,0.0,0.0,0.051359999999999996,0.0,36.64593,0.0,0.0,0.0,0.0,0.0,0.50834,10.0603,46.01277999999999,0.0558,5.54199,0.056479999999999995,0.0,0.0,0.09885,0.0,0.0,0.36672,0.0009,0.0,0.0,0.0,0.19327,0.0,0.40729000000000004,0.0,0.0,0.0,0.0,0.0,0.0,0.0,0.0
LD-20,0.0,0.0,0.0,0.062029999999999995,0.0009599999999999999,0.08552,0.0,52.622830000000015,0.0,0.0,0.0,0.0,0.0,0.19287,4.144530000000001,19.214740000000006,0.008919999999999999,6.994470000000001,1.39246,0.0,0.0,1.18672,0.0,0.9573,0.00743,0.06592999999999999,0.0,0.0,0.0,0.12893,0.0,12.930379999999998,0.0,0.0,0.0,0.0,0.0,0.00394,0.0,0.0
LD-21,0.0,0.0,0.0,0.0061600000000000005,0.011219999999999999,0.0129,0.0,55.39507,0.0,0.0,0.0,0.00391,0.0,0.01012,1.7518099999999996,22.108880000000003,0.023610000000000003,12.386939999999997,0.31284,0.0,0.0,0.08138,0.0,0.32022,0.0,0.15742,0.0,0.0,0.0064399999999999995,4.24622,0.0,3.1648899999999998,0.0,0.0,0.0,0.0,0.0,0.0,0.0,0.0
LD-22,0.0,0.0,0.00216,0.01521,0.0,0.02706,0.0,65.65954999999998,0.0,0.0,0.0,0.0,0.00235,0.0,4.62205,15.205899999999998,0.05636000000000001,1.5889099999999998,0.0,0.0,0.0,0.07582,0.00562,0.00245,0.97559,0.00909,0.0,0.0,0.00745,2.61155,0.0,0.19421999999999998,0.0,0.0,0.0,0.07076,0.0,8.86797,0.0,0.0
LD-23,0.0,0.0,0.0,0.01162,0.67579,0.09929,0.0,17.3047,0.0,0.0,0.0035,0.0,0.0,0.0005099999999999999,0.6203699999999999,24.93632,0.51398,29.34705,0.5176,0.0,0.0,0.21511000000000002,0.0,0.0030600000000000002,0.18569000000000002,0.0,0.0,0.0,0.0,23.766599999999997,0.0081,1.7894700000000001,0.0,0.0,0.0,0.0,0.0,0.0012699999999999999,0.0,0.0
LD-24,0.0,0.0,0.0,0.04485,0.38435,0.36197,0.0,40.565859999999994,0.0,0.0,0.0,0.0,0.0,0.00041,10.016770000000001,22.78665999999999,0.06722,24.62962,0.15262,0.0,0.0,0.12467,0.0,0.0,0.5358999999999999,0.01831,0.0,0.0,0.0,0.04927,0.0,0.259,0.0,0.0,0.0,0.00165,0.0,0.0008699999999999999,0.0,0.0
LD-25,0.32528,0.00355,0.0,0.0008900000000000001,1.0547600000000001,0.14014999999999997,0.0,61.43534999999999,0.0,0.0,0.0,0.0,0.0,0.0,0.93947,24.68269,0.011009999999999999,7.400900000000002,0.0,0.0,0.0,1.1595799999999998,0.0,0.0,0.6793899999999999,0.0,0.0,0.0,0.0,1.6179700000000001,0.0,0.49556999999999995,0.0,0.0,0.0,0.04732,0.0,0.00613,0.0,0.0
LD-26,0.0,0.0,0.0,0.02578,0.09175,0.29553,0.0,51.34053,0.0,0.0,0.00057,0.0,0.0,0.0038399999999999997,3.1212200000000005,28.600140000000003,0.7738600000000001,3.2433299999999994,1.32923,0.0,0.0,0.8626099999999999,0.0,0.0,0.0247,0.0,0.0,0.0,0.0,2.86441,0.0,7.396890000000001,0.0,0.0,0.0,0.0,0.0,0.02562,0.0,0.0
LD-27,0.0,0.0,0.0,0.0,0.14064000000000002,0.06258,0.0,49.81906,0.0,0.0,0.0,0.0,0.0,0.0,5.853280000000001,36.832899999999995,0.0548,3.5198400000000003,0.31636,0.0,0.0,0.43868,0.0,0.0,0.08501,0.0,0.0,0.0,0.0,2.70083,0.0,0.16681999999999997,0.0,0.0,0.0,0.0,0.0,0.0092,0.0,0.0
LD-28,0.0,0.0,0.0,0.00037,0.26243,0.01799,0.0,15.43954,0.0,0.0,0.0,0.0,0.0,0.00023999999999999998,1.0617999999999999,4.85206,0.10899999999999999,2.89336,5.207879999999999,0.0,0.0,0.23787,0.0,0.02012,0.043230000000000005,0.0,2.94793,0.08073,0.0,65.86138,0.0,0.86724,0.0,0.0,0.0,0.0,0.0,0.09684,0.0,0.0
LD-29,0.0,0.0,0.0,0.0,0.3526,0.28373000000000004,0.0,65.35997999999998,0.0,0.0,0.0,0.0,0.0,0.0,0.05182,23.417060000000003,0.05667999999999999,7.1346300000000005,0.08577,0.0,0.0,0.45754,0.0,0.0,0.34236,0.0,0.0,0.0,0.0,2.1935900000000004,0.0,0.0024100000000000002,0.0,0.0,0.0,0.0,0.0,0.26183,0.0,0.0
LD-2,0.0,0.0,0.0,0.0704,1.35422,0.02384,0.0,32.87968,0.0,0.0,0.00364,0.0,0.0,0.00768,5.8444,28.216159999999995,0.12559,12.57899,0.50174,0.0,0.0,0.21341,0.0,0.03648,0.06674999999999999,0.21597,0.0,0.0,0.00646,0.85696,0.0,16.99278,0.0,0.0,0.0,0.0,0.0,0.0049,0.0,0.0
LD-30,0.0,0.0,0.0,0.029679999999999998,0.14956999999999998,0.15306,0.0,59.464760000000005,0.0,0.00621,0.00823,0.0,0.0,0.004580000000000001,8.354429999999999,16.840309999999995,0.06579,9.055750000000002,0.00064,0.0,0.0,0.11418,0.0,0.00143,0.32806,0.0097,0.0,0.0,0.0,0.23720000000000002,0.0,0.24549,0.0,0.0,0.0,0.02504,0.0,4.90589,0.0,0.0
LD-31,0.0,0.0,0.0,0.00168,0.74006,0.14232999999999998,0.0,52.377810000000004,0.0,0.0,0.0,0.0,0.01253,0.0,3.4878400000000003,29.780540000000002,0.44200999999999996,0.34664999999999996,0.0,0.0,0.0,1.3139999999999998,0.0,0.0,5.106090000000001,0.0,0.0,0.0,0.0,6.1835,0.0,0.04566,0.0096,0.0,0.0,0.0,0.0,0.00972,0.0,0.0
LD-32,0.0,0.0,0.0,0.00112,0.0,0.056260000000000004,0.0,48.352059999999994,0.0,0.0,0.0,0.0,0.0,0.0,0.3044,32.03774000000001,0.04937,3.98686,0.37601,0.0,0.0,0.1696,0.0,0.02258,0.0,0.0969,0.0,0.0,0.0,14.382830000000002,0.0,0.16424999999999998,0.0,0.0,0.0,0.0,0.0,0.0,0.0,0.0
LD-34,0.039139999999999994,0.0,0.0,0.0,2.1506499999999997,1.8110200000000003,0.0,54.57555,0.0,0.0,0.0,0.0,0.00539,0.0,0.09955,37.76101999999999,0.45796,0.07819999999999999,0.0,0.0,0.0,1.46071,0.0,0.0,0.36257,0.0,0.03833,0.0,0.0,1.1579199999999998,0.0,0.00199,0.0,0.0,0.0,0.0,0.0,0.0,0.0,0.0
LD-35,0.0,0.0,0.0,0.00691,1.61721,1.5291899999999998,0.0,43.150600000000004,0.0,0.0,0.0049,0.0,0.0,0.00047999999999999996,0.40919,18.3372,1.5721999999999998,0.17564999999999997,0.0013,0.0,0.0,0.56533,0.0,0.0,1.01221,0.0,0.0,0.0,0.0,0.6785599999999999,0.0,0.01404,0.0,0.0,0.0,0.0,0.0,30.925009999999997,0.0,0.0
LD-36,0.0,0.0,0.0,0.00359,0.06263,0.13436,0.0,53.12953999999999,0.0,0.0,0.0,0.0,0.0,0.0,0.7471800000000001,38.08677999999999,0.34332,5.309279999999999,0.00238,0.0,0.0,0.0673,0.0,0.0,0.0,0.0009400000000000001,0.0,0.0,0.0,0.32083000000000006,0.0,1.79183,0.0,0.0,0.0,0.0,0.0,0.0,0.0,0.0
LD-37,0.0,0.0,0.0,0.0,0.09418,0.14674,0.0,34.81441000000002,0.00903,0.0,0.0,0.0,0.0,0.0,0.00428,44.26529,0.23333000000000004,0.05377,11.00156,0.0,0.0,7.58786,0.0,0.0,0.37257,0.0,0.0,0.0,0.0,0.9249700000000001,0.0,0.49204,0.0,0.0,0.0,0.0,0.0,0.0,0.0,0.0
LD-38,0.0,0.0,0.0,0.007010000000000001,1.06291,0.03933,0.0,42.216620000000006,0.00442,0.0,0.0,0.0,0.0,0.0,9.180440000000003,35.052049999999994,0.02562,6.0526300000000015,0.34181000000000006,0.0,0.0,0.055369999999999996,0.0,0.0,0.03889,0.08239,0.0,0.0,0.0,4.40391,0.0,1.43662,0.0,0.0,0.0,0.0,0.0,0.0,0.0,0.0
LD-39,0.0,0.0,0.0,0.11506999999999999,0.81671,0.05197,0.0,53.25910000000001,0.0,0.0,0.0,0.0,0.0,0.0,6.50257,34.782630000000005,0.14959,4.1820699999999995,0.0027199999999999998,0.0,0.0,0.00893,0.0,0.01225,0.09796,0.0,0.0,0.0,0.0,0.00463,0.0,0.013730000000000001,0.0,0.0,0.0,0.0,0.0,0.0,0.0,0.0
LD-3,0.0,0.0,0.0,0.00779,0.08463000000000001,0.015609999999999999,0.0,63.90901,0.0,0.0,0.0010299999999999999,0.0,0.0,0.0,4.181080000000001,25.666549999999997,0.08123,3.3856900000000003,1.3572799999999998,0.0,0.0,0.5598,0.0,0.0,0.14836,0.03779999999999999,0.0,0.0,0.0,0.13483,0.0,0.42932,0.0,0.0,0.0,0.0,0.0,0.0,0.0,0.0
LD-40,0.0,0.0,0.0,0.02203,2.20494,0.01898,0.013890000000000001,47.000750000000004,0.0,0.0,0.0,0.0,0.0,0.0,17.02682,9.502460000000001,0.08564000000000001,8.37388,0.10919000000000001,0.0,0.0,13.440529999999999,0.01684,0.01207,0.03438,0.18875,0.0,0.0,0.0,0.07780999999999999,0.0,1.8109,0.0,0.0,0.0,0.0,0.0,0.060129999999999996,0.0,0.0
LD-41,0.0,0.0,0.0,0.0031,0.25168,0.0051600000000000005,0.0,81.16154999999999,0.0,0.0,0.0014199999999999998,0.0,0.0,0.0,0.0595,15.01306,0.05255,0.90694,0.00043,0.0,0.0,0.21781999999999999,0.0,0.0,0.5861700000000001,0.0,0.0,0.0,0.0,0.24934999999999996,0.0,1.1624800000000002,0.0,0.0,0.0,0.0,0.0,0.32874000000000003,0.0,0.0
LD-42,0.0,0.0,0.0,0.0,0.82478,0.2455,0.0,65.38510000000001,0.0,0.0,0.0,0.0,0.0,0.022609999999999998,1.13283,25.243520000000004,0.05143999999999999,3.9384499999999996,0.0,0.0,0.0,0.13672,0.0,0.0,0.41719,0.01155,0.0,0.0,0.0,0.40847,0.0,1.33653,0.0,0.0,0.0,0.0,0.0,0.8453299999999999,0.0,0.0
LD-43,0.0,0.0,0.0,0.03064,0.03808,0.13193,0.0,53.02040000000001,0.0,0.0,0.00318,0.0,0.0,0.01369,5.205190000000001,17.31362,0.11418,17.94503,0.15058,0.0,0.0,0.31613,0.0,0.10428999999999998,0.14722999999999997,0.0319,0.0,0.0,0.0,0.40962,0.0,2.76393,0.0,0.0,0.0,0.0,0.0,2.26038,0.0,0.0
LD-44,0.0,0.0,0.0,0.05427,0.4831900000000001,0.050910000000000004,0.0,33.59533999999999,0.0,0.0,0.0,0.0,0.0,0.007520000000000001,8.716449999999998,12.6688,0.11205999999999999,35.71002000000001,0.58053,0.0,0.0,0.11705,0.0,0.05017,0.028909999999999998,0.16902,0.0,0.0,0.00033,0.81555,0.0,6.839859999999999,0.0,0.0,0.0,0.0,0.0,0.0,0.0,0.0
LD-46,0.0,0.0,0.0,0.0,0.42499000000000003,0.009909999999999999,0.0,87.13034000000002,0.0,0.0,0.0,0.0,0.0,0.0,0.07674000000000002,10.206100000000001,0.0326,0.29151,0.0,0.0,0.0,0.65856,0.0,0.0,0.21527,0.0,0.0,0.0,0.0,0.89544,0.0,0.03854,0.0,0.0,0.0,0.0,0.0,0.020040000000000002,0.0,0.0
LD-47,0.0,0.0,0.0,0.006230000000000001,0.042390000000000004,0.10264000000000001,0.0,36.727959999999996,0.0072,0.0,0.0,0.0,0.0,0.00275,0.8686399999999997,44.268250000000016,0.0632,10.722290000000001,0.01207,0.0,0.0,0.51245,0.0,0.0,0.008759999999999999,0.0,0.0,0.0,0.0,1.2047999999999999,0.0,1.5791499999999996,0.0,0.0,0.0,0.0,0.0,3.8712400000000002,0.0,0.0
LD-48,0.0,0.0,0.0,0.01089,0.058530000000000006,0.08872,0.0,61.76443,0.0,0.0,0.0,0.0,0.0,0.0067399999999999995,13.235199999999999,14.55764,0.0016600000000000002,2.1966699999999997,0.00353,0.0,0.0,0.25684,0.0,0.0018899999999999998,0.0,0.0572,0.0,0.0,0.0,0.059829999999999994,0.0,7.7002500000000005,0.0,0.0,0.0,0.0,0.0,0.0,0.0,0.0
LD-49,0.0,0.0,0.0,0.021129999999999996,1.6439400000000002,0.19241000000000003,0.0,65.79902000000001,0.0,0.0,0.0,0.0,0.0,0.00619,3.5520299999999994,16.56032,0.41081,10.070820000000001,0.22505,0.0,0.0,1.0160799999999999,0.0,0.0,0.28099,0.0,0.0,0.0,0.0,0.19602,0.0,0.00619,0.0,0.0,0.0,0.0,0.0,0.01811,0.0,0.0009199999999999999
LD-4,0.0,0.0,0.0,0.0,0.18242000000000003,0.028480000000000002,0.0,52.89613999999999,0.0,0.0,0.0,0.0,0.0,0.0,0.28213,42.37377000000002,0.24702000000000002,1.1378899999999998,0.01995,0.0,0.0,0.07099,0.0,0.0,1.76464,0.0,0.0,0.0,0.0,0.5396,0.0,0.4569,0.0,0.0,0.0,0.0,0.0,0.0,0.0,0.0
LD-50,0.0,0.0,0.0,0.0037,0.39786,0.006,0.0,32.63446,0.0,0.0,0.0,0.0,0.0,0.0,1.34138,17.68491,0.01833,9.664200000000001,0.0016300000000000002,0.0,0.0,0.42363999999999996,0.0,0.00456,0.010929999999999999,0.0054399999999999995,0.00949,0.0,0.0,37.09796,0.0,0.6800900000000001,0.012459999999999999,0.0,0.0,0.0,0.0,0.00294,0.0,0.0
LD-51,0.0,0.0,0.0,0.032729999999999995,0.17733000000000002,0.00808,0.0,46.30005999999999,0.0,0.0,0.00181,0.0,0.0,0.04416,7.89761,8.941180000000001,0.51489,16.19917,0.89144,0.0,0.0,0.15549,0.00451,0.048810000000000006,0.0,0.18718,0.0016099999999999999,0.0,0.00403,10.77582,0.0,7.8042300000000004,0.00251,0.00509,0.0,0.0,0.0,0.00223,0.0,0.0
LD-52,0.5407,0.0,0.0,0.01299,3.19043,0.14303,0.0,44.98677000000001,0.0,0.0,0.00617,0.0,0.0,0.0,1.63994,18.993780000000008,0.26485000000000003,1.1455,0.00841,0.0,0.0,0.7783599999999999,0.0,0.0,0.08766,0.00033999999999999997,0.0,0.0,0.0,16.36857,0.0,9.83814,0.0,0.0,0.0,0.00037999999999999997,0.0,1.9939200000000001,0.0,0.0
LD-53,0.0,0.0,0.0,0.03203,0.07427,0.01987,0.0,19.509930000000004,0.0,0.0,0.0,0.0,0.0,0.013800000000000002,8.208530000000001,10.263990000000002,0.054099999999999995,47.71645000000001,2.27826,0.0,0.0,1.9522300000000001,0.0,0.14751999999999998,0.00328,0.33786,0.0,0.0,0.0,0.08055999999999999,0.0,9.307319999999999,0.0,0.0,0.0,0.0,0.0,0.0,0.0,0.0
LD-54,0.0,0.0,0.0,0.0161,0.01764,0.01488,0.0,23.331169999999997,0.0,0.0,0.0,0.0,0.0,0.00359,13.36613,46.01936,0.05798,14.890979999999999,0.35742,0.0,0.0,1.1953600000000002,0.0,0.04508,0.07967,0.04269,0.0,0.0,0.0,0.05706,0.0,0.34312000000000004,0.0,0.0,0.0,0.0,0.0,0.1618,0.0,0.0
LD-55,0.0,0.0,0.0,0.0,0.4816,0.36136999999999997,0.0,37.6284,0.0,0.0,0.0,0.0,0.0,0.0,0.15990999999999997,59.473429999999986,0.29603,0.53935,0.01182,0.0,0.0,0.13978000000000002,0.0,0.0,0.26092000000000004,0.0,0.0,0.0,0.0,0.049679999999999995,0.0,0.0986,0.0,0.0,0.0,0.0,0.11163,0.38745999999999997,0.0,0.0
LD-56,0.0,0.0,0.0,0.0,0.29318,0.07258,0.0,74.34160999999999,0.0,0.03211,0.0,0.0,0.0,0.0,0.46287,17.79178,0.00732,2.82054,0.8255600000000001,0.0,0.0,2.05862,0.0,0.0,0.0,0.0,0.0,0.0,0.0,0.06894,0.0,1.22485,0.0,0.0,0.0,0.0,0.0,0.0,0.0,0.0
LD-57,0.0,0.0,0.0,0.30452999999999997,0.08054,0.025070000000000002,0.0,16.64066,0.01057,0.0,0.0,0.0,0.0,0.023000000000000003,21.562749999999994,0.42113,0.0022199999999999998,54.492369999999994,0.42869,0.0,0.0,0.0018,0.0,0.014759999999999999,0.0,0.07016,0.0,0.0,0.0,1.4385899999999998,0.0,4.48316,0.0,0.0,0.0,0.0,0.0,0.0,0.0,0.0
LD-58,0.0,0.0,0.0,0.0,0.13918000000000003,0.00787,0.0,64.27356999999999,0.0,0.0,0.0,0.0,0.0,0.0,0.20526,33.69552,0.21595999999999999,0.12473000000000001,0.012159999999999999,0.0,0.0,0.90229,0.0,0.0,0.13773000000000002,0.0,0.0,0.0,0.0,0.09195,0.0,0.1938,0.0,0.0,0.0,0.0,0.0,0.0,0.0,0.0
LD-59,0.0,0.0,0.0,0.0,0.07250000000000001,0.07783,0.0,73.51554000000002,0.0,0.0,0.0,0.0,0.0,0.0,0.43389,23.491860000000003,0.02565,0.6341200000000001,0.00402,0.0,0.0,0.024319999999999998,0.0,0.0,0.08185,0.0,0.0,0.0,0.0,0.93732,0.0,0.60681,0.0,0.0,0.0,0.09425,0.0,0.0,0.0,0.0
LD-5,0.0,0.0,0.0,0.00866,2.2718,0.03139,0.0,20.489520000000002,0.0,0.0,0.0,0.0,0.0,0.0,39.158719999999995,24.334279999999993,0.10814,12.78963,0.05642,0.0,0.0,0.30918999999999996,0.0,0.0,0.0,0.0941,0.0,0.0,0.0,0.00936,0.0,0.33874,0.0,0.0,0.0,0.0,0.0,0.0,0.0,0.0
LD-60,0.0026,0.0,0.0,0.0086,0.0,0.04851,0.0,56.251189999999994,0.0,0.0,0.0,0.0,0.0,0.004079999999999999,12.21941,17.49263,0.34749,7.939839999999999,0.48515,0.0,0.0,0.05133,0.00773,0.008440000000000001,0.029429999999999998,0.08996,0.0,0.0,0.0,2.3255600000000003,0.0,2.68802,0.0,0.0,0.0,0.0,0.0,0.0,0.0,0.0
LD-61,0.0,0.0,0.0,0.011120000000000001,2.43609,0.034780000000000005,0.0,44.37202,0.0,0.0,0.0,0.0,0.0,0.0019299999999999999,12.239850000000002,21.30006,0.7627900000000001,12.67762,2.5761100000000003,0.0,0.0,0.03997,0.0,0.0,0.0,0.09811,0.0,0.0,0.0,2.6018000000000003,0.0,0.84776,0.0,0.0,0.0,0.0,0.0,0.0,0.0,0.0
LD-62,0.0,0.0,0.0,0.0,0.7098200000000001,0.0,0.0,72.02638,0.0,0.0,0.0,0.0,0.0,0.0,1.30492,8.29027,0.66533,15.13397,0.025039999999999996,0.0,0.0,0.07379,0.0,0.0,0.0,0.01736,0.0,0.0,0.0,1.2612599999999998,0.0,0.4919,0.0,0.0,0.0,0.0,0.0,0.0,0.0,0.0
LD-63,0.0,0.0,0.0,0.40724,0.01257,0.07417000000000001,0.0,78.54647000000003,0.0,0.0,0.0,0.0,0.0,0.0,7.445140000000001,11.84278,0.07649,1.3229700000000002,0.15071,0.0,0.0,0.00636,0.0193,0.0,0.01541,0.0,0.0,0.0,0.0,0.020989999999999998,0.0,0.059379999999999995,0.0,0.0,0.0,0.0,0.0,0.0,0.0,0.0
LD-64,0.0,0.0,0.0,0.13164,3.5678200000000007,0.019860000000000003,0.0,12.449619999999998,0.0,0.0,0.0,0.0,0.0,0.0,34.809239999999996,31.32525,0.026660000000000003,16.242269999999998,0.12313000000000002,0.0,0.0,0.34846,0.0,0.00767,0.01083,0.0065699999999999995,0.0,0.0,0.0,0.06920000000000001,0.0,0.8573200000000001,0.0,0.0,0.0,0.0,0.0,0.0,0.0,0.00449
LD-65,0.31585,0.00503,0.0,0.02989,0.12251000000000001,0.26080000000000003,0.0,39.750200000000014,0.0,0.0,0.0,0.0,0.0,0.00168,12.224540000000001,25.996419999999997,0.15661999999999998,7.21527,0.01309,0.0,0.0,0.19023,0.0,0.01114,0.04973,0.0,0.0,0.0,0.0,12.623380000000001,0.0,1.03366,0.0,0.0,0.0,0.0,0.0,0.0,0.0,0.0
LD-66,0.0,0.0,0.0,0.04775,1.27193,0.058350000000000006,0.0,23.638339999999996,0.0,0.0,0.0,0.0,0.0,0.04547999999999999,11.699580000000001,11.4232,0.06236,27.108570000000004,1.79469,0.0,0.0,2.34014,0.0,0.036660000000000005,0.00224,0.28836,0.0,0.0,0.0,0.62786,0.0,19.547100000000004,0.0,0.0,0.0,0.0,0.0,0.0,0.0,0.00745
LD-67,0.0,0.0,0.0,0.0,0.0554,0.07593,0.0,80.47847999999999,0.0,0.0,0.00367,0.0,0.0,0.0,0.12114,16.164440000000003,0.1196,0.24044000000000004,0.0,0.0,0.0,1.69078,0.0,0.0,0.46025999999999995,0.0,0.0,0.0,0.0,0.18501,0.0,0.40481999999999996,0.0,0.0,0.0,0.0,0.0,0.0,0.0,0.0
LD-68,0.0,0.0,0.0,0.02322,1.8620199999999998,0.02596,0.0,24.42848,0.0,0.0,0.00811,0.0,0.0,0.0,2.1243,61.53020000000001,0.047909999999999994,3.32652,0.44550999999999996,0.0,0.0,1.24839,0.0,0.052180000000000004,0.0,0.01575,0.0,0.0,0.0,4.582809999999999,0.0,0.25027999999999995,0.0,0.0,0.0,0.0,0.0,0.02833,0.0,0.0
LD-69,0.0,0.0,0.0,0.00289,0.00253,0.04596,0.0,74.25534000000002,0.0,0.00806,0.0,0.0,0.0,0.0,0.5833900000000001,6.690719999999998,0.24097,7.64056,3.8500799999999997,0.0,0.0,0.00372,0.0,0.0017699999999999999,0.0002,0.01143,0.0,0.0,0.0007,6.02501,0.0,0.6348400000000001,0.0,0.0,0.0,0.0,0.0,0.00185,0.0,0.0
LD-6,0.0,0.0,0.0,0.0018100000000000002,0.12269000000000001,0.11078,0.0,30.38779999999999,0.0,0.0,0.0,0.0,0.0,0.0,3.9023900000000005,37.86482000000001,0.060750000000000005,2.62632,0.00782,0.0,0.0,0.0,0.0,0.0,0.01381,0.0,0.04428000000000001,0.0,0.0,23.882689999999997,0.0,0.21721000000000001,0.0,0.0,0.0,0.04381,0.0,0.71302,0.0,0.0
LD-70,0.0,0.0,0.0,0.027000000000000003,0.27097,0.02142,0.0,49.123200000000004,0.008029999999999999,0.0,0.0,0.0,0.0,0.00283,5.97996,12.541129999999997,0.13128,20.14875,0.84864,0.0,0.0,0.08636999999999999,0.0,0.011550000000000001,0.14966000000000002,0.13469,0.43751999999999996,0.0,0.0,1.0654499999999998,0.0,9.01156,0.0,0.0,0.0,0.0,0.0,0.0,0.0,0.0
LD-71,0.0,0.0,0.0,0.02113,0.36939,0.0071200000000000005,0.0,63.77962,0.0,0.0,0.0,0.0,0.0,0.0,2.4956499999999995,8.430560000000003,0.33646,4.072649999999999,1.28026,0.0,0.0,0.36655,0.0,0.07367,0.0,0.04044,0.0018899999999999998,0.0,0.00674,8.39249,0.0,10.32541,0.0,0.0,0.0,0.0,0.0,0.0,0.0,0.0
LD-72,0.0,0.0,0.0,0.00379,0.0,0.015280000000000002,0.0,31.62168,0.0,0.0,0.0,0.0,0.0,0.0009599999999999999,0.8953900000000001,14.874279999999999,0.27502999999999994,0.14724999999999996,0.34292,0.0,0.0,0.01726,0.0,0.0,0.0,0.0,0.0,0.0,0.0,51.61673999999999,0.0,0.15932,0.02945,0.0,0.0,0.0,0.0,0.00067,0.0,0.0
LD-73,0.0,0.0,0.0,0.0,0.21138,0.13669,0.0,49.928740000000005,0.00456,0.0,0.0,0.0,0.0,0.0,1.02114,42.10852,0.21169,1.6289600000000002,0.09387999999999999,0.0,0.0,0.12158000000000001,0.0,0.0,0.29766,0.0002,0.0,0.0,0.0,3.8617700000000004,0.0,0.16995,0.0,0.0,0.0,0.0,0.06888999999999999,0.1344,0.0,0.0
LD-74,0.0,0.0,0.0,0.00122,0.09444,0.23003,0.0,35.57079999999999,0.0,0.0,0.0,0.0,0.0038200000000000005,0.0,2.0777099999999997,33.28039000000001,0.2586,4.0892100000000005,0.73641,0.0,0.0,0.39537,0.0,0.0,0.32824999999999993,0.00843,0.0,0.0,0.0,22.834230000000005,0.0,0.09109,0.0,0.0,0.0,0.0,0.0,0.0,0.0,0.0
LD-75,0.0,0.0,0.0,0.012470000000000002,0.050269999999999995,0.15903,0.0,38.80647,0.0,0.00098,0.0,0.0,0.0,0.0,1.29028,47.63879,0.5063799999999999,2.5942499999999997,4.150369999999999,0.0,0.0,0.90337,0.0,0.01128,0.7467900000000001,0.06427999999999999,0.0,0.0,0.0,0.5663999999999999,0.0,2.4986099999999998,0.0,0.0,0.0,0.0,0.0,0.0,0.0,0.0
LD-76,0.0,0.0,0.0,0.01437,7.3531,1.3005400000000003,0.0,39.65197999999999,0.0,0.0,0.0054199999999999995,0.0,0.0,0.01117,8.08994,22.150100000000002,0.007520000000000001,4.51195,0.7803599999999999,0.0,0.0,2.52707,0.0,0.22569999999999998,0.01603,0.059680000000000004,0.0,0.0,0.00053,0.15421,0.0,13.13567,0.0,0.00328,0.0,0.00128,0.0,0.0,0.0,0.0
LD-77,0.0,0.0,0.0,0.0811,2.46781,0.010839999999999999,0.0,26.451029999999996,0.0,0.0,0.00143,0.0,0.0,0.00436,7.55644,28.725550000000002,1.5856000000000001,14.264990000000001,2.38203,0.0,0.0,0.00665,0.0,0.01731,0.0,0.03816,0.0,0.0,0.0,0.6399799999999999,0.0,15.763580000000001,0.00285,0.0,0.0,0.0,0.0,0.00033999999999999997,0.0,0.0
LD-78,0.0,0.0,0.0,0.0299,0.02697,0.02732,0.0,41.26323000000001,0.0,0.0,0.0,0.0,0.0,0.0031899999999999997,10.511779999999998,25.934639999999998,0.00884,19.333399999999997,0.18600999999999998,0.0,0.0,0.1916,0.0,0.00847,0.056479999999999995,0.12903,0.0,0.0,0.0,0.20712999999999998,0.0,2.0804,0.0,0.0,0.0,0.0,0.0,0.00164,0.0,0.0
LD-79,0.0,0.0,0.0,0.018140000000000003,0.38017,0.03906,0.0,25.525589999999994,0.0,0.0,0.00668,0.0,0.0,0.06789,11.792489999999995,18.617810000000002,0.025849999999999998,37.16471,1.03853,0.0085,0.0,1.1588800000000001,0.00744,0.0903,0.11428999999999999,0.03517,0.0038200000000000005,0.0,0.0,3.26086,0.0,0.63034,0.0,0.0,0.00014,0.00889,0.0,0.00449,0.0,0.0
LD-7,0.0,0.0,0.0,0.0,0.03908,0.26936,0.0,70.98116,0.0,0.0,0.0,0.0,0.0,0.0,0.17708000000000002,12.934730000000002,0.45275,12.82747,0.0037600000000000003,0.0,0.0,1.91108,0.0,0.0,0.16346,0.0,0.0,0.0,0.0,0.04171,0.0,0.19835999999999995,0.0,0.0,0.0,0.0,0.0,0.0,0.0,0.0
LD-80,0.0,0.0,0.0,0.0075,0.12774000000000002,0.11852999999999998,0.0,49.280849999999994,0.0,0.0,0.0,0.0,0.0,0.0,6.838379999999999,18.5442,0.03884,21.41825,0.04921999999999999,0.0,0.0,0.047439999999999996,0.0,0.0,0.06348000000000001,0.04138,0.0,0.0,0.0,2.69844,0.0,0.72577,0.0,0.0,0.0,0.0,0.0,0.0,0.0,0.0
LD-81,0.0,0.0,0.0,0.01837,5.838500000000001,0.29738000000000003,0.0,61.254690000000004,0.0,0.0,0.00427,0.0,0.00499,0.14366,2.1386800000000004,19.32508,0.34193,0.8655799999999999,0.05754,0.0,0.0,2.59242,0.0,0.01646,1.11984,0.0,0.0,0.0,0.0,4.91159,0.0,0.7700299999999999,0.0,0.0,0.0,0.29395,0.0,0.00509,0.0,0.0
LD-82,0.0,0.0,0.0,0.07024000000000001,4.7736,0.43667,0.0,13.51607,0.0,0.0,0.0,0.0,0.00545,0.01114,3.61789,57.71349,0.07955999999999999,6.352850000000001,0.26311,0.0,0.0,0.36821,0.0,0.0,0.09749000000000001,0.12922,0.0497,0.0,0.0,8.44522,0.0,4.04911,0.0,0.00735,0.0,0.0,0.0,0.013580000000000002,0.0,0.0
LD-83,0.0,0.0,0.0,0.00963,0.239,0.030899999999999997,0.0,67.59155,0.0,0.0,0.0,0.0,0.00361,0.0,0.32646000000000003,27.60449,0.18678,0.43894,0.00592,0.0,0.0,0.32631,0.0,0.0,0.00417,0.0,0.0,0.0,0.0,0.14715,0.0,0.06674,0.0,0.0,0.0,0.0,0.0,3.01837,0.0,0.0
LD-84,0.0,0.0,0.0,0.008270000000000001,0.029240000000000002,0.03535,0.0,59.92193999999999,0.0,0.0,0.00103,0.0,0.00213,0.00841,3.9549800000000013,26.28893,0.05233,1.4909699999999995,0.70416,0.0,0.0,0.9984999999999999,0.0,0.0,0.5772600000000001,0.0,0.04502,0.0,0.0,1.74802,0.0,0.04174,0.0,0.0,0.0,0.0,0.0,4.09169,0.0,0.0
LD-85,0.0,0.0,0.0,0.00214,1.3517,0.008910000000000001,0.0,46.34506,0.0,0.0,0.0,0.0,0.00159,0.00587,3.9003,39.296610000000015,0.035949999999999996,4.46444,0.01077,0.0,0.0,0.27517,0.0,0.0008300000000000001,0.05888,0.00982,0.0038900000000000002,0.0,0.0,0.85507,0.0,3.36852,0.0,0.0,0.0,0.0,0.0,0.0045,0.0,0.0
LD-86,0.18414,0.0,0.0,0.007690000000000001,0.09108000000000001,0.13918999999999998,0.0,35.68896999999999,0.0,0.0,0.0,0.0,0.0027600000000000003,0.00331,12.215810000000003,18.738950000000003,1.29074,23.935950000000005,0.054920000000000004,0.0,0.0,0.6100800000000001,0.0,0.00587,0.35680999999999996,0.01257,0.0,0.0,0.0,5.4871799999999995,0.0,1.1576199999999999,0.0086,0.0,0.0,0.0028399999999999996,0.0,0.0049,0.0,0.0
LD-87,0.0,0.0,0.0,0.00543,0.38782,0.0028200000000000005,0.0,69.0097,0.0,0.0,0.0,0.0,0.0,0.0,7.22167,7.2722500000000005,0.06722,5.35255,3.18445,0.0,0.0,5.41989,0.0,0.0,0.15774000000000002,0.13229,0.0,0.0,0.0,0.07134000000000001,0.0,1.7148,0.0,0.0,0.0,0.0,0.0,0.0,0.0,0.0
LD-88,0.0,0.0,0.0,0.01042,2.4554,0.016430000000000004,0.0,13.695440000000001,0.0,0.0,0.0029,0.0,0.0,0.00292,1.2245199999999998,29.308850000000003,0.059680000000000004,4.22982,0.46076,0.0,0.0,0.0023899999999999998,0.0,0.0204,0.00131,0.02099,0.0,0.0,0.0,39.591210000000004,0.0,8.89003,0.0,0.0,0.0,0.0,0.00275,0.00385,0.0,0.0
LD-89,0.0,0.0,0.0,0.0,0.00989,0.0,0.0,59.14159000000001,0.0,0.0,0.0,0.0,0.0,0.00081,12.458089999999999,11.686339999999998,2.1106599999999998,0.44034999999999996,3.48583,0.0,0.0,0.85178,0.0,0.0,1.37552,0.0,0.0,0.0,0.0,8.339519999999998,0.0,0.09963,0.0,0.0,0.0,0.0,0.0,0.0,0.0,0.0
LD-8,0.0,0.0,0.0,0.0,11.288170000000001,0.43337000000000003,0.0,40.87958999999999,0.0,0.0,0.0,0.0,0.0,0.0,3.41249,4.660409999999999,0.01076,31.245739999999998,0.007559999999999999,0.0,0.0,2.20012,0.0,0.0,1.41653,0.0,0.0,0.0,0.0,4.41341,0.0,0.03182,0.0,0.0,0.0,0.0,0.0,0.0,0.0,0.0
LD-90,0.0,0.0,0.0,0.0081,1.64888,0.04333,0.0,37.64220999999999,0.0,0.0,0.0,0.0,0.0,0.0,2.91474,39.76286000000001,0.01464,5.48686,0.38051999999999997,0.0,0.0,0.15572999999999998,0.0,0.03216,0.6608799999999999,0.00524,0.0,0.0,0.0,2.08244,0.0,9.074510000000002,0.0,0.0,0.0,0.0,0.0,0.08688,0.0,0.0
LD-91,0.0,0.0,0.0,0.0,1.30451,0.05493,0.0,28.59841,0.0,0.0,0.0,0.0,0.00659,0.0,20.232960000000002,12.66306,0.00511,34.324400000000004,0.02393,0.0,0.0,0.0038,0.0,0.022330000000000003,0.00078,0.24289,0.0,0.0,0.0,2.01187,0.0,0.50442,0.0,0.0,0.0,0.0,0.0,0.0,0.0,0.0
LD-92,0.0,0.0,0.0,0.01971,0.00146,0.06341000000000001,0.0,49.48890999999999,0.0077599999999999995,0.0,0.005719999999999999,0.0,0.0,0.023629999999999998,6.082859999999998,11.46524,0.32182,13.836339999999996,5.156639999999999,0.0,0.0,1.0626899999999997,0.0,0.01772,0.00255,0.1585,0.0,0.0,0.02122,2.3315,0.0,9.927960000000002,0.0,0.0,0.0,0.00439,0.0,0.0,0.0,0.0
LD-93,0.0,0.0,0.0,0.10003000000000001,0.11731,0.07057000000000001,0.0,44.29724,0.0,0.0,0.05022,0.0,0.0,0.0,4.05033,39.382500000000014,0.24122000000000002,4.1466199999999995,0.02693,0.0,0.0,2.4653400000000003,0.0,0.10197,0.00317,0.0137,0.0,0.0,0.00183,2.61681,0.0,2.3141900000000004,0.0,0.0,0.0,0.0,0.0,0.0,0.0,0.0
LD-94,0.0,0.0,0.0,0.0,0.04066,0.03531,0.0,50.976020000000005,0.0,0.0,0.0,0.0,0.0,0.0,0.10618,36.69414,0.37766,2.0340400000000005,3.9520100000000005,0.0,0.0,0.54288,0.0,0.0,0.35351,0.0,0.0,0.0,0.0,4.36514,0.0,0.51879,0.0,0.0,0.0,0.0,0.0,0.0018899999999999998,0.0,0.0018
LD-95,0.0,0.0,0.0,0.0,0.0022,0.04277,0.0,79.50079999999998,0.0,0.0,0.00339,0.0,0.0,0.0,0.23179000000000002,16.94801,0.030610000000000002,1.7560200000000001,0.056440000000000004,0.0,0.0,0.6328,0.01406,0.0015199999999999999,0.6660999999999999,0.0,0.0,0.0,0.0,0.030899999999999997,0.0,0.08263,0.0,0.0,0.0,0.0,0.0,0.0,0.0,0.0
LD-96,0.0,0.0,0.0,0.07391,0.05577000000000001,0.039830000000000004,0.0,38.189790000000016,0.017480000000000002,0.0,0.00984,0.0,0.0,0.013470000000000001,8.06821,6.597700000000001,0.34803,15.61236,1.14689,0.0,0.0,0.43202999999999997,0.011340000000000001,0.17492,0.18627,0.05566,0.0,0.0,0.0,22.344970000000004,0.0,6.6215,0.0,0.0,0.0,0.0,0.0,0.0,0.0,0.0
LD-97,0.0,0.0,0.0,0.00045,0.02425,0.08481,0.0,59.39477999999999,0.0,0.0,0.0,0.0,0.00323,0.0,0.33825,35.37572999999998,0.05747999999999999,3.6369299999999996,0.01831,0.0,0.0,0.59749,0.0,0.0,0.32977999999999996,0.0019100000000000002,0.0,0.0,0.0,0.009819999999999999,0.0,0.09248,0.0,0.0,0.0,0.0,0.0,0.03427,0.0,0.0
LD-98,0.0,0.0,0.0,0.0,0.02449,0.0439,0.0,50.190780000000004,0.0,0.0,0.0,0.0,0.0,0.0,0.7085100000000001,21.01874,0.06860999999999999,5.7460700000000005,14.78129,0.0,0.0,2.02998,0.0,0.0,0.0,0.00228,0.0,0.0,0.0,4.211110000000001,0.0,1.17424,0.0,0.0,0.0,0.0,0.0,0.0,0.0,0.0
LD-9,0.0,0.0,0.0,0.0,0.00166,0.05258999999999999,0.0,65.43575000000001,0.0,0.0,0.0,0.0,0.0,0.0,0.07098,23.669869999999996,0.6516099999999999,0.2865,0.23886,0.0,0.0,0.18181000000000003,0.0,0.0,0.15582000000000001,0.0,0.0,0.0,0.0,9.094899999999999,0.01365,0.14603,0.0,0.0,0.0,0.0,0.0,0.0,0.0,0.0
LV-10,0.0,0.0,0.0,0.01699,0.0155,0.0,0.0,4.38094,0.0,0.0,0.0,0.0,0.0,0.007569999999999999,4.1120199999999985,76.1318,9.707360000000001,2.6177599999999996,0.015040000000000001,0.0,0.0,0.0,0.0,0.0565,0.0,0.1359,0.0,0.0,0.0,2.5762300000000002,0.0,0.22089,0.0,0.0,0.0,0.0,0.0,0.0,0.0,0.00545
LV-11,1.35651,0.0,0.0,0.0,0.04342,0.05624,0.0,55.71668000000002,0.0,0.0,0.0,0.0,0.0,0.0,0.29717000000000005,24.858819999999998,0.30579,14.663799999999995,0.00939,0.0,0.0,0.92186,0.0,0.0,0.13948,0.0,0.0,0.0,0.0,0.39415,0.0,1.19475,0.0,0.0,0.0,0.0,0.0,0.04198,0.0,0.0
LV-13,0.0,0.0,0.0,0.01315,0.04736,0.16734,0.0,50.75587,0.0,0.0,0.0,0.0,0.0,0.0,7.72063,10.30608,0.87228,20.207549999999998,3.24515,0.0,0.0,2.39834,0.0,0.01601,0.03532,0.14224,0.0,0.0,0.0,0.67311,0.0,3.39959,0.0,0.0,0.0,0.0,0.0,0.0,0.0,0.0
LV-14,0.0,0.0,0.0,0.02811,1.15972,0.3918,0.0,62.66757,0.0,0.0,0.0,0.0,0.0,0.0,0.72711,28.79101,0.1018,3.6617699999999997,0.0,0.0,0.0,1.59521,0.0,0.0,0.0,0.0,0.0,0.0,0.0,0.8313200000000001,0.0,0.04459,0.0,0.0,0.0,0.0,0.0,0.0,0.0,0.0
LV-15,0.0,0.0,0.0,0.021039999999999996,0.00933,0.0,0.0,26.353140000000003,0.0,0.0,0.0,0.0,0.0,0.0,0.9900299999999999,10.917810000000001,0.50905,13.170250000000001,0.14731,0.0,0.0,0.015390000000000001,0.0,0.17689000000000002,0.0,0.05016,0.0,0.0,0.0,42.43985,0.0,5.1997599999999995,0.0,0.0,0.0,0.0,0.0,0.0,0.0,0.0
LV-16,0.0,0.0,0.0,0.35962999999999995,1.7512,0.0311,0.0,10.220960000000002,0.027030000000000002,0.0,0.0,0.0,0.0,0.02075,37.66733,14.36528,0.65162,33.06211,0.23008,0.0,0.0,0.02528,0.0,0.09502000000000001,0.0035700000000000003,0.043680000000000004,0.0,0.0,0.0,0.08452,0.0,1.3480599999999998,0.0,0.0,0.0,0.0,0.0,0.0,0.0,0.01276
LV-17,0.0,0.0,0.0,0.03337,0.0,0.006509999999999999,0.0,83.21311999999999,0.0,0.0,0.0,0.0,0.0,0.0,0.48059999999999997,9.843900000000001,0.5131399999999999,0.73624,0.36018,0.0,0.0,0.0,0.0,0.0,0.0,0.0,0.0,0.0,0.0,4.1754,0.0,0.63754,0.0,0.0,0.0,0.0,0.0,0.0,0.0,0.0
LV-18,0.0,0.0,0.0,0.023950000000000003,0.06675,0.0,0.00583,11.584289999999998,0.0,0.0,0.0,0.0,0.0,0.00447,0.52094,4.4362,2.5304599999999997,44.28297,22.34547,0.0,0.0,0.00515,0.0,0.20299,0.0,0.00732,0.0,0.0,0.0,7.51243,0.0,6.05234,0.0,0.0,0.36436999999999997,0.05231,0.0,0.00183,0.0,0.0
LV-19,0.0,0.0,0.0,0.39636,0.0,0.01009,0.0,0.8869800000000001,0.0,0.0,0.0,0.0,0.0,0.06484000000000001,5.25989,38.15928,0.52069,18.29736,1.0352599999999998,0.0,0.0,0.0,0.0,1.6919500000000003,0.0,0.5581699999999999,0.0,0.0,0.0,0.78852,0.0,32.330600000000004,0.0,0.0,0.0,0.0,0.0,0.0,0.0,0.0
LV-1,0.0,0.0,0.0,0.0,0.04045,0.25546,0.0,73.55284,0.0,0.0,0.0,0.0,0.0,0.0,0.3453,12.801720000000003,0.13629,0.9535699999999999,4.17479,0.0,0.0,6.60465,0.0,0.0,0.67055,0.0,0.0,0.0,0.0,0.28933,0.0,0.17502,0.0,0.0,0.0,0.0,0.0,0.0,0.0,0.0
LV-20,0.0,0.0,0.0,0.0322,1.67018,0.11408,0.0,51.295279999999984,0.0183,0.0,0.0,0.0,0.0,0.0,13.2791,9.081019999999997,0.69964,9.85264,3.4049400000000003,0.0,0.0,0.48286999999999997,0.0,0.32962,0.0,0.0018100000000000002,0.0,0.0,0.0,8.48842,0.0,1.2440299999999997,0.0,0.0,0.0,0.0,0.0,0.00587,0.0,0.0
LV-21,0.0,0.0,0.0,0.0,1.92475,0.04543,0.0,45.89487,0.0,0.0,0.0,0.0,0.0,0.2445,1.26458,43.19765,0.19201,4.31837,0.15908,0.0,0.0,1.1487500000000002,0.0,0.0,0.14207000000000003,0.0,0.0,0.0,0.0,0.53116,0.0,0.84667,0.0,0.0,0.0,0.00064,0.0,0.08946,0.0,0.0
LV-22,0.0,0.0,0.0,0.019690000000000003,0.02412,0.23629999999999998,0.0,1.8292799999999996,0.0,0.0,0.01349,0.0,0.0,0.00945,1.2509100000000002,36.033010000000004,0.21525999999999998,0.25908,0.0,0.0,0.0,0.02645,0.0,0.0,0.00617,0.00445,0.0,0.0,0.0,0.14298,0.0,0.00527,0.0,0.0,0.0,0.0,0.0,59.92406,0.0,0.0
LV-23,0.0,0.0,0.0,0.0,0.35724999999999996,0.037809999999999996,0.0,75.02818,0.01499,0.0,0.0,0.0,0.0,0.0,2.54063,12.51919,0.112,0.587,0.0,0.0,0.0,1.9651,0.0,0.0,0.04471,0.0,0.0,0.0,0.0,3.8041099999999997,0.0,0.0506,0.0,0.0,0.0,0.0,0.0,2.93844,0.0,0.0
LV-24,0.0,0.0,0.0,0.0,0.0028,0.15474,0.0,55.62676,0.0,0.0,0.0,0.0,0.0,0.0,0.05246000000000001,37.480149999999995,0.08399000000000001,1.0932700000000002,0.07774,0.0,0.0,0.11912,0.0,0.0,0.24064000000000002,0.0,0.0,0.0,0.0,4.9199600000000006,0.0,0.12407,0.0,0.0,0.0,0.01616,0.0,0.0076,0.0,0.0005200000000000001
LV-25,0.0,0.0,0.0,0.01193,1.49836,0.04867,0.0,70.64058,0.0,0.0,0.0,0.0,0.0,0.0,0.48220999999999997,18.829950000000004,0.19475,3.7729499999999994,0.16151,0.0,0.0,0.014119999999999999,0.0,0.1003,0.00771,0.0,0.0,0.0,0.0,1.7458700000000003,0.0,1.89817,0.0,0.0,0.0,0.0,0.0,0.5928899999999999,0.0,0.0
LV-2,0.0,0.0,0.0,0.0,5.62893,0.0,0.0,30.46814,0.0,0.0,0.0,0.0,0.0,0.0,0.18191,52.58342000000001,0.53636,1.43071,0.06155,0.0,0.0,0.09208999999999999,0.0,0.0,0.0,0.0,0.0,0.0,0.0,6.3485499999999995,0.0,2.65179,0.0,0.0,0.0,0.0,0.0,0.01653,0.0,0.0
LV-3,0.0,0.0,0.0,0.25532,0.12426,0.42557,0.0,43.51484,0.01899,0.0,0.0,0.0,0.0,0.0,5.984359999999999,35.458969999999994,0.00659,6.614579999999999,0.08899,0.0,0.0,0.29767,0.0,0.03478,1.29405,0.00278,0.0,0.0,0.0,3.7357899999999997,0.0,0.5168100000000001,0.0,0.0,0.0,1.55179,0.0,0.07389,0.0,0.0
LV-4,0.0,0.0,0.0,0.0,0.016560000000000002,0.073,0.0,81.27411,0.0,0.0,0.0,0.0,0.0,0.0,0.0925,11.51181,0.0,0.11413000000000001,0.0,0.0,0.0,0.80705,0.0,0.0,0.05439,0.0,0.0,0.0,0.0,5.822579999999999,0.0,0.22885999999999998,0.0,0.0,0.0,0.0,0.0,0.00503,0.0,0.0
LV-5,0.0,0.0,0.0,0.0,0.34156000000000003,0.12046,0.0,76.08829,0.0,0.0,0.0,0.0,0.0,0.0038200000000000005,0.04713,10.444009999999997,0.06462,4.06815,0.30701999999999996,0.0,0.0,0.2319,0.0,0.0,0.0796,0.0,0.0,0.0,0.0,8.1143,0.0,0.08909,0.0,0.0,0.0,0.0,0.0,0.0,0.0,0.0
LV-6,0.0,0.0,0.0,0.00213,0.23185999999999998,0.0,0.0,65.41575,0.0,0.0,0.0,0.0,0.0,0.00815,7.489279999999998,5.41641,0.34881,9.30832,7.383840000000001,0.0,0.0,0.66082,0.0,0.02314,0.00193,0.0034100000000000003,0.0,0.0,0.006659999999999999,1.4199,0.0,2.27957,0.0,0.0,0.0,0.0,0.0,0.0,0.0,0.0
LV-7,0.0,0.0,0.0,0.03204,0.08371,0.18572000000000002,0.00399,73.53348999999997,0.0,0.0,0.0,0.0,0.0,0.0409,0.69296,15.707430000000002,0.28482,5.234360000000001,0.30329999999999996,0.0,0.0,1.29069,0.0,0.0,0.46213,0.0059,0.0,0.0,0.0,2.09382,0.0,0.037160000000000006,0.0,0.0,0.0,0.006999999999999999,0.0,0.0006,0.0,0.0
LV-8,0.0,0.0,0.0,0.009609999999999999,0.02999,0.22182999999999997,0.0,53.68634,0.0,0.0,0.0,0.0,0.0,0.0,2.74463,27.83157,0.68048,2.29914,2.27562,0.0,0.0,1.07932,0.0,0.0,0.01969,0.0,0.0,0.0,0.0,3.6425800000000006,0.0,5.47038,0.0,0.0,0.0,0.0,0.0,0.00877,0.0,0.0
