SampleID,k__Archaea|p__Euryarchaeota,k__Bacteria|p__Acidobacteria,k__Bacteria|p__Actinobacteria,k__Bacteria|p__Bacteroidetes,k__Bacteria|p__Candidatus_Saccharibacteria,k__Bacteria|p__Chlorobi,k__Bacteria|p__Deinococcus_Thermus,k__Bacteria|p__Firmicutes,k__Bacteria|p__Fusobacteria,k__Bacteria|p__Planctomycetes,k__Bacteria|p__Proteobacteria,k__Bacteria|p__Spirochaetes,k__Bacteria|p__Synergistetes,k__Bacteria|p__Tenericutes,k__Bacteria|p__Verrucomicrobia,k__Eukaryota|p__Ascomycota
CON-001,0.33364,0.0,4.78742,49.427479999999996,0.0,0.0,0.0,34.53378,0.0,0.0,2.87595,0.0,0.07146,0.0,7.9702399999999995,0.0
CON-002,0.62578,0.0,0.04078,61.022510000000004,0.0,0.0,0.0,37.33424,0.0,0.0,0.9766499999999999,0.0,0.0,0.0,0.0,0.0
CON-003,0.0,0.0,0.5089199999999999,62.29885,0.0,0.0,0.0,22.258479999999995,0.0,0.0,14.812629999999999,0.0,0.0,0.0,0.12113,0.0
CON-004,0.0,0.0,0.31513,68.11398,0.0,0.0,0.00435,27.41061999999999,2.26471,0.0,1.89116,0.0,0.0,0.0,0.0,0.0
CON-005,0.56232,0.0,1.18499,51.05207000000001,0.008539999999999999,0.0,0.00599,40.27079999999999,0.48953,0.0,3.5701700000000005,0.0,0.0,0.0,2.8555599999999997,0.0
CON-006,0.0,0.0,5.505700000000001,64.56159999999998,0.0,0.0,0.0,26.186659999999993,0.00271,0.0,2.97363,0.0,0.0,0.0,0.76968,0.0
CON-007,0.0,0.0,0.12466,78.51726000000001,0.0011,0.00359,0.0,10.673639999999999,1.73748,0.0,8.941650000000001,0.0,0.0,0.0,0.00059,0.0
CON-008,0.0,0.0,2.1075299999999997,82.0246,0.01636,0.0,0.0,11.029680000000003,0.00532,0.0,4.8165200000000015,0.0,0.0,0.0,0.0,0.0
CON-009,0.0,0.0,1.17068,76.91025,0.0,0.0,0.0,16.206489999999995,0.0,0.0,5.71258,0.0,0.0,0.0,0.0,0.0
CON-010,0.0,0.0,6.67253,8.6714,0.07780000000000001,0.0,0.0,68.18961999999996,0.0,0.0,16.38865,0.0,0.0,0.0,0.0,0.0
CON-011,0.0,0.0,5.5664,62.792500000000004,0.0,0.0,0.0,26.927010000000006,0.0,0.0,4.6470199999999995,0.0,0.06712,0.0,0.0,0.0
CON-012,0.0,0.0,0.2544,42.238279999999996,0.0,0.0,0.0,47.09034999999999,0.011770000000000001,0.0,10.40522,0.0,0.0,0.0,0.0,0.0
CON-013,0.0,0.0,0.80071,62.38174,0.0,0.0,0.0,10.44275,0.22134,0.0,26.15344,0.0,0.0,0.0,0.0,0.0
CON-014,0.0,0.0,0.4345199999999999,76.04705000000001,0.0010400000000000001,0.0,0.0,22.372089999999993,0.0,0.0,1.1453099999999998,0.0,0.0,0.0,0.0,0.0
CON-015,0.0,0.0,1.3340800000000002,10.863549999999998,0.042789999999999995,0.0,0.0,66.54473000000002,0.00983,0.0,21.20506,0.0,0.0,0.0,0.0,0.0
CON-016,0.0,0.0,14.371400000000001,26.41972,0.0,0.0,0.0,57.52742000000001,0.00053,0.0,1.68093,0.0,0.0,0.0,0.0,0.0
CON-017,0.0,0.0,0.4283699999999999,47.87712,0.01769,0.0,0.0,47.92635,2.3800399999999997,0.0,1.3704399999999999,0.0,0.0,0.0,0.0,0.0
CON-018,0.0,0.0,0.21988,85.68756,0.0,0.0,0.0,7.6401400000000015,0.14768,0.0,6.30475,0.0,0.0,0.0,0.0,0.0
CON-019,0.0,0.0,1.02585,78.96264000000001,0.0,0.0,0.0,16.04945,2.18211,0.0,1.7799200000000002,0.0,0.0,0.0,0.0,0.0
CON-020,0.01711,0.0,0.18199,83.65028,0.0,0.0,0.0,15.841899999999999,0.0,0.0,0.30056999999999995,0.0,0.0,0.0,0.008140000000000001,0.0
CON-021,0.0,0.0,1.39192,30.44735,0.014669999999999999,0.0,0.0,67.17847,0.0,0.0,0.96758,0.0,0.0,0.0,0.0,0.0
CON-022,0.0,0.0,0.44981000000000004,66.67149000000002,0.007670000000000001,0.0,0.0,30.39309,0.0,0.0,2.4779699999999996,0.0,0.0,0.0,0.0,0.0
CON-023,0.0,0.0,2.1858099999999996,64.62407999999999,0.0,0.0,0.0,29.625020000000003,0.0134,0.0,3.55171,0.0,0.0,0.0,0.0,0.0
CON-026,0.0,0.0,0.65905,41.61797000000001,0.0,0.0,0.0,55.76106,0.0,0.0,1.52356,0.0,0.0,0.0,0.43833,0.0
CON-027,0.0,0.0,0.13202,65.72238,0.0,0.0,0.0,7.39797,0.0,0.0,26.747600000000002,0.0,0.0,0.0,0.0,0.0
CON-028,0.0,0.0,0.33116,42.095980000000004,0.00239,0.0,0.0,41.252100000000006,0.0,0.0,16.31837,0.0,0.0,0.0,0.0,0.0
CON-029,0.0,0.0,6.821259999999999,16.7021,0.02756,0.0,0.0,69.89471,0.0,0.0,6.5543700000000005,0.0,0.0,0.0,0.0,0.0
CON-031,0.0,0.0,7.56507,38.59913000000001,0.15877,0.0,0.0,52.25790999999999,0.0,0.0,1.4191500000000004,0.0,0.0,0.0,0.0,0.0
CON-032,0.0259,0.0,0.32237,84.74423999999999,0.0,0.0,0.0,11.398130000000004,0.0,0.0,2.48482,0.0,0.0,0.0,1.02454,0.0
CON-033,0.0,0.0,0.40719,73.24146,0.0,0.0,0.0,24.527540000000002,0.0,0.0,1.80865,0.0,0.0,0.0,0.01515,0.0
CON-034,0.0,0.0,0.07337,76.35765,0.0,0.0,0.0,21.77128,0.0,0.0,1.77132,0.0,0.01053,0.0,0.0159,0.0
CON-035,0.0,0.0,5.8438,35.30489000000001,0.0008900000000000001,0.0,0.0,58.160849999999996,0.0,0.0,0.68097,0.0,0.00856,0.0,0.0,0.0
CON-036,0.0,0.0,0.54523,55.183310000000006,0.0,0.0,0.0,39.63911,0.15162,0.0,2.4224999999999994,0.0,0.0,0.0,2.0582599999999998,0.0
CON-037,0.014100000000000001,0.0,0.6185299999999999,90.52674999999998,0.0,0.0,0.0,6.81135,0.0,0.0,2.02923,0.0,0.0,0.0,0.0,0.0
CON-038,0.0,0.0,9.950260000000002,59.97253000000002,0.00716,0.0,0.0,25.046450000000004,0.0,0.0,5.02155,0.0,0.0,0.0020399999999999997,0.0,0.0
CON-039,0.0,0.0,3.46638,53.60514,0.011989999999999999,0.0,0.0,16.968099999999996,1.96081,0.0,23.97908,0.0,0.0,0.0,0.0,0.00847
CON-040,0.0,0.0,11.52083,19.1576,0.0,0.0,0.0,65.13707,0.0,0.0,4.12355,0.0,0.01166,0.00951,0.03973,0.0
CON-041,0.0,0.0,1.0474299999999999,67.00545000000001,0.0,0.0,0.0072,21.940079999999995,0.0,0.0,8.19495,0.0,0.0,0.0,1.80487,0.0
CON-042,1.28245,0.0042,0.30627,55.198049999999995,0.0,0.0,0.0,11.353119999999999,0.0,0.0,31.59331999999999,0.0,0.2626,0.0,0.0,0.0
CON-043,0.00271,0.0,2.1868400000000006,54.91583,0.0029100000000000003,0.0,0.0,28.044250000000012,0.04514,0.0,13.019420000000002,0.0,0.007559999999999999,0.0,1.77535,0.0
CON-044,0.005830000000000001,0.0,4.99978,50.87422999999999,0.00131,0.0,0.0049,32.69416000000001,0.0,0.0,11.419770000000003,0.0,0.0,0.0,0.0,0.0
CON-045,0.0,0.0,2.78808,47.48244,0.0,0.0,0.0,47.45448999999999,0.004370000000000001,0.0,2.27062,0.0,0.0,0.0,0.0,0.0
CON-046,0.0,0.0,3.07914,89.47820999999999,0.0,0.0,0.0,6.29146,0.0,0.0,1.15119,0.0,0.0,0.0,0.0,0.0
CON-047,0.0,0.0,0.48769,62.244879999999995,0.0,0.0,0.0,36.01387,0.0,0.0,0.48532000000000003,0.0,0.0,0.0,0.76826,0.0
CON-048,0.0,0.0,0.29955,65.48804000000001,0.0,0.0,0.0,13.091700000000003,0.10253999999999999,0.0,21.01603,0.0,0.0,0.0,0.00212,0.0
CON-049,0.0,0.0,0.9524499999999999,52.440569999999994,0.00359,0.0,0.0,45.12825999999999,0.09927000000000001,0.0,1.3758400000000002,0.0,0.0,0.0,0.0,0.0
CON-050,0.0,0.0,0.47246,68.71629,0.0,0.0,0.0,28.66168,0.26523,0.0,1.88431,0.0,0.0,0.0,0.0,0.0
CON-051,0.0,0.0,1.2029500000000004,26.457709999999995,0.032869999999999996,0.0,0.0,66.66773,1.4044200000000002,0.0,4.2343,0.0,0.0,0.0,0.0,0.0
CON-052,0.0,0.0,1.35307,51.58479999999998,0.0,0.0,0.0072299999999999994,39.59447,0.32469000000000003,0.0,7.0754399999999995,0.0,0.0,0.0,0.060289999999999996,0.0
CON-053,0.0,0.0,1.23933,65.48720999999999,0.00415,0.0,0.0,31.792860000000005,0.0,0.0,1.2760799999999999,0.0,0.03441,0.0,0.16598,0.0
CON-054,0.0,0.0,0.09047,51.585679999999996,0.0034200000000000003,0.0,0.0,46.48753000000001,0.0,0.0,1.58976,0.0,0.0,0.0,0.2431,0.0
CON-055,0.0,0.0,2.3324499999999997,71.12822000000001,0.0,0.0,0.0,19.919719999999998,0.31472,0.0,6.30336,0.0,0.00155,0.0,0.0,0.0
CON-056,0.0,0.0,0.58436,50.21381000000001,0.007639999999999999,0.0,0.0,38.62477,0.0,0.0,10.380689999999998,0.0,0.0,0.0,0.18875,0.0
CON-057,0.0,0.0,1.5904099999999999,52.78751,0.0,0.0,0.0,43.347809999999996,0.0,0.0,2.27243,0.0,0.0018,0.0,0.0,0.0
CON-058,0.0,0.0,0.7500299999999999,63.532869999999996,0.0,0.0,0.0,28.66588,0.0524,0.0,1.3686099999999999,0.0,0.0,0.0,5.63016,0.0
CON-059,0.0,0.0,1.15912,34.66501999999999,0.0,0.0,0.0,63.38169999999999,0.0,0.0,0.79417,0.0,0.0,0.0,0.0,0.0
CON-060,0.0,0.0,28.774639999999998,5.15351,0.0022199999999999998,0.0,0.0,59.23176000000001,0.10332999999999999,0.0,6.7345299999999995,0.0,0.0,0.0,0.0,0.0
CON-061,0.0,0.0,0.20544,70.09208,0.0,0.0,0.0,27.71397,0.0,0.0,1.9884499999999998,0.0,0.0,0.0,0.0,0.0
CON-062,0.0,0.0,1.59102,74.23439,0.01261,0.0,0.0,21.504749999999998,0.0,0.0,2.6570099999999996,0.0,0.0,0.0,0.0002,0.0
CON-063,0.25484,0.0,0.9360799999999999,57.28042,0.0,0.0,0.0,39.32399,0.04862,0.0,2.15608,0.0,0.0,0.0,0.0,0.0
CON-064,0.0,0.0,1.10314,57.56213000000002,0.0,0.0,0.0,37.4537,0.00117,0.0,3.8798600000000003,0.0,0.0,0.0,0.0,0.0
CON-065,0.0,0.0,14.64875,23.15713,0.00817,0.0,0.0,60.87812000000001,0.0,0.0,1.3078599999999998,0.0,0.0,0.0,0.0,0.0
CON-066,0.0994,0.0,1.26119,40.68031,0.00788,0.0,0.0,56.18167999999999,0.0,0.0,1.75206,0.0,0.01609,0.0,0.00143,0.0
CON-067,0.0,0.0,18.797060000000002,31.365890000000004,0.03955,0.0,0.0,36.844629999999995,0.18932000000000002,0.0,12.76355,0.0,0.0,0.0,0.0,0.0
CON-068,0.0,0.0,0.26041000000000003,62.35997999999999,0.0,0.0,0.0,33.03853,0.0,0.0,4.12343,0.0,0.21766,0.0,0.0,0.0
CON-069,0.0,0.0,2.5181700000000005,12.00683,0.11708000000000002,0.0,0.0,82.33169999999998,0.030969999999999998,0.0,2.995240000000001,0.0,0.0,0.0,0.0,0.0
CON-070,0.0,0.0,0.12340000000000001,67.96376000000001,0.0,0.0,0.0,30.8439,0.0,0.0,1.0270700000000001,0.0,0.01086,0.0,0.03102,0.0
CON-071,0.0,0.0,0.5867399999999999,82.98456,0.0038,0.0,0.0,15.515699999999999,0.0,0.0,0.57167,0.0,0.0,0.0,0.33752,0.0
CON-072,0.0,0.0,0.14372,20.0779,0.0,0.0,0.0,74.06078000000001,0.0,0.0,5.71757,0.0,0.0,0.0,0.0,0.0
CON-073,2.8774100000000002,0.0,1.8584,31.05158,0.0,0.0,0.0,41.89099,0.02367,0.0,4.474919999999999,0.0,0.03052,0.0,17.79251,0.0
CON-074,0.0,0.0,1.0615,56.51649999999999,0.0018399999999999998,0.0,0.0,37.027089999999994,0.36939,0.0,5.02368,0.0,0.0,0.0,0.0,0.0
CON-075,0.0035299999999999997,0.0,2.23961,53.892880000000005,0.0,0.0,0.0,38.40124999999999,0.0,0.0,5.44346,0.0,0.01318,0.0,0.0061,0.0
CON-076,0.11941,0.0,2.5409800000000002,45.82049,0.04669999999999999,0.0,0.0,47.46178999999998,0.0,0.0,3.9775000000000005,0.0,0.0,0.0,0.03315,0.0
CON-077,0.0,0.0,2.1512700000000002,35.80315,0.01866,0.0,0.0,55.544899999999984,0.04175,0.0,6.44025,0.0,0.0,0.0,0.0,0.0
CON-078,0.0,0.0,0.6447700000000001,41.323380000000014,0.00451,0.0,0.0,46.485290000000006,0.0,0.0,11.49351,0.0,0.0,0.0,0.048530000000000004,0.0
CON-079,0.0,0.0,10.34329,44.98272,0.0,0.0,0.0,44.043589999999995,0.01179,0.0,0.61865,0.0,0.0,0.0,0.0,0.0
CON-080,0.0,0.0,0.0,55.68768000000001,0.0,0.0,0.0,23.151020000000006,0.0,0.0,2.7555899999999998,0.0,0.0,0.0,18.40573,0.0
CON-081,0.0,0.0,0.26428,61.08064000000001,0.0,0.0,0.0,36.965329999999994,0.0,0.0,1.6897299999999997,0.0,0.0,0.0,0.0,0.0
CON-082,0.32450999999999997,0.0,0.50127,68.25552,0.0027600000000000003,0.0,0.0,28.387699999999995,0.0,0.0,2.52828,0.0,0.0,0.0,0.0,0.0
CON-083,0.0,0.0,3.31841,54.38494,0.0,0.0,0.00595,28.770829999999986,0.00742,0.0,13.51248,0.0,0.0,0.0,0.0,0.0
CON-084,0.0,0.0,0.08108,66.26382000000002,0.0,0.0,0.0,30.865710000000004,0.0,0.0,2.7894099999999997,0.0,0.0,0.0,0.0,0.0
CON-085,0.00578,0.0,0.82321,45.58762,0.0,0.0,0.00494,34.81689000000001,0.05975,0.0,18.67946,0.0,0.0,0.0,0.02241,0.0
CON-086,0.0,0.0,3.9621299999999993,72.83092,0.0,0.0,0.0,20.366549999999997,0.02292,0.0,2.81739,0.0,0.0,0.0,0.0,0.0
CON-087,0.0,0.0,2.05574,82.86875,0.0,0.0,0.0,12.82032,0.95904,0.0,1.2961200000000002,0.0,0.0,0.0,0.0,0.0
CON-088,0.0,0.0,0.6865899999999999,72.95855999999999,0.0,0.0,0.0,24.800940000000004,0.02973,0.0,1.5241899999999997,0.0,0.0,0.0,0.0,0.0
CON-089,0.22015,0.0,0.22037999999999996,83.08776,0.0,0.0,0.0,14.443529999999999,0.36974,0.0,1.65274,0.0,0.005679999999999999,0.0,0.0,0.0
CON-090,0.0,0.0,3.35928,43.39977000000001,0.01542,0.0,0.0,51.15722999999998,0.015969999999999998,0.0,2.0523199999999995,0.0,0.0,0.0,0.0,0.0
CON-091,0.0,0.0,0.33662000000000003,75.69100000000002,0.0,0.0,0.0,23.269940000000002,0.0,0.0,0.70244,0.0,0.0,0.0,0.0,0.0
CON-092,0.0,0.0,1.1577099999999998,76.11271999999998,0.0,0.0,0.0,18.51137,0.29341,0.0,3.924809999999999,0.0,0.0,0.0,0.0,0.0
CON-093,0.0,0.0,0.36655999999999994,80.7834,0.0010400000000000001,0.0,0.0,14.928599999999998,0.0,0.0,3.3639799999999997,0.55642,0.0,0.0,0.0,0.0
CON-095,0.0,0.0,0.54677,58.49686,0.01533,0.0,0.0,37.591150000000006,1.6775799999999998,0.0,1.6722999999999997,0.0,0.0,0.0,0.0,0.0
CON-096,0.0,0.0,3.40458,56.31396999999999,0.02225,0.0,0.0,37.60578999999999,0.5535500000000001,0.0,1.8074099999999997,0.29245,0.0,0.0,0.0,0.0
CON-097,0.0,0.0,0.18558000000000002,68.09835,0.0,0.0,0.0049299999999999995,29.12471,0.00168,0.0,2.57733,0.0,0.00744,0.0,0.0,0.0
CON-098,0.0,0.0,5.106779999999999,47.27013,0.0,0.0,0.0,43.14784000000001,0.0,0.0,1.3847699999999996,0.0,0.0,0.0,3.0905299999999998,0.0
CON-099,1.4080700000000002,0.0,2.15169,52.81865,0.00487,0.0,0.0,42.99523999999998,0.0,0.0,0.61328,0.0,0.0,0.0,0.00824,0.0
CON-101,0.03199,0.0,0.28465,57.58440999999999,0.0,0.0,0.0,38.648360000000004,0.69977,0.0,2.7310900000000005,0.0,0.0,0.0,0.019719999999999998,0.0
CON-104,0.0,0.0,1.2929699999999997,29.18901,0.05652,0.0,0.0,37.981640000000006,0.20265,0.0,31.277189999999997,0.0,0.0,0.0,0.0,0.0
CON-105,0.0,0.0,3.9185499999999993,16.01517,0.03014,0.0,0.0,78.77073000000001,0.0,0.0,1.2654300000000003,0.0,0.0,0.0,0.0,0.0
CON-106,0.0,0.0,0.019749999999999997,50.13313999999999,0.008140000000000001,0.0,0.0,36.63202,0.0,0.0,13.206949999999997,0.0,0.0,0.0,0.0,0.0
CON-107,0.0418,0.0,0.41678,51.75957999999999,0.0,0.0,0.0,42.3019,0.0,0.0,5.47995,0.0,0.0,0.0,0.0,0.0
DLF009,0.0,0.0,15.777580000000002,23.18309,0.003,0.0,0.0,13.715079999999999,0.0,0.0,32.271159999999995,0.0,0.39045,0.0,14.65966,0.0
DLF012,0.0,0.0,22.5877,14.26402,0.07275000000000001,0.0,0.0,43.130539999999996,0.0,0.0,19.944979999999997,0.0,0.0,0.0,0.0,0.0
DLF013,0.0,0.0,8.924190000000001,52.29801,0.0,0.0,0.0,36.775549999999996,0.0,0.0,2.00221,0.0,0.0,0.0,0.0,0.0
DLF014,0.0,0.0,48.0128,3.5367999999999995,0.0,0.0,0.00425,48.335510000000006,0.0,0.0,0.11063,0.0,0.0,0.0,0.0,0.0
DLM001,0.0,0.0,7.42637,71.93457,0.0,0.0,0.0,17.992810000000002,0.0,0.0,2.64626,0.0,0.0,0.0,0.0,0.0
DLM010,0.0,0.0,1.7203,49.92940999999998,0.00484,0.005370000000000001,0.0,20.69942,3.5826300000000004,0.0,24.055469999999996,0.0,0.0,0.0,0.00251,0.0
DLM012,0.0,0.0,62.84662,3.24476,0.07428,0.0,0.0,28.192899999999998,0.0,0.0,5.636989999999999,0.0,0.0,0.0,0.00117,0.0033
DLM013,0.0,0.0,14.82654,38.645759999999996,0.01523,0.0,0.00835,39.90639,0.0,0.0,6.59665,0.0,0.0,0.0,0.00106,0.0
DLM014,0.01488,0.0,0.11871,76.76537000000002,0.0,0.0,0.01571,16.211770000000005,4.42837,0.0,2.2009,0.0,0.0,0.0,0.24428000000000002,0.0
DLM015,0.0,0.0,0.17772,74.49481999999999,0.0,0.0,0.006659999999999999,21.2564,1.42313,0.0,2.64098,0.0,0.0,0.0,0.0003,0.0
DLM016,0.0,0.0,0.66742,71.09271999999999,0.00422,0.0,0.0,24.57329,0.0,0.0,3.6558500000000005,0.0,0.0,0.0,0.00655,0.0
DLM017,0.0,0.0,0.17783,54.73657999999999,0.0,0.0,0.0,32.18851,0.11229000000000001,0.0,1.1625,0.0,0.03477,0.0,11.5875,0.0
DLM018,0.0,0.0,15.03563,38.053259999999995,0.0,0.0,0.0,45.94671,0.0,0.0,0.5285299999999999,0.0,0.0,0.0,0.43585,0.0
DLM019,1.46854,0.0,9.446599999999998,27.318379999999998,0.0,0.0,0.0,54.563719999999996,0.0,0.0,2.69574,0.0,0.0,0.0,4.50705,0.0
DLM020,0.0,0.0,0.71159,75.50992999999998,0.0,0.0,0.007659999999999999,21.202380000000005,0.46243999999999996,0.0,2.10599,0.0,0.0,0.0,0.0,0.0
DLM021,0.0,0.0,0.9485800000000001,67.91035,0.0,0.0,0.0,27.635350000000003,0.0,0.0,2.4086999999999996,0.0,0.0,0.0,1.09707,0.0
DLM022,10.13038,0.0,0.5493499999999999,29.54219,0.0,0.0,0.0,48.663989999999984,0.0,0.0,9.352429999999998,0.0,0.00135,0.0,1.76033,0.0
DLM023,0.0,0.0,0.11969,32.83716,0.0,0.0,0.0,63.705740000000006,0.0,0.0,3.18406,0.0,0.13541,0.0,0.018000000000000002,0.0
DLM024,0.0,0.0,0.06837,0.30993000000000004,0.0,0.0,0.0,37.32521999999998,0.0,0.0,62.291180000000004,0.0,0.0,0.0,0.0025800000000000003,0.00274
DLM027,0.0,0.0,7.347950000000001,34.85772,0.0,0.0,0.0,56.96211000000001,0.10342,0.0,0.72882,0.0,0.0,0.0,0.0,0.0
DLM028,0.0,0.0,0.13009,35.14237,0.0,0.0,0.0,30.351899999999997,0.0,0.0,18.09835,0.0,0.0,0.0,16.2773,0.0
DOF003,0.0,0.0,0.14465999999999998,71.99040999999997,0.0,0.0,0.0,25.46711,0.0,0.0,2.3978500000000005,0.0,0.0,0.0,0.0,0.0
DOF004,0.0,0.0,2.30095,53.98449000000001,0.0,0.0,0.0,36.236329999999995,0.008440000000000001,0.0,7.406,0.0,0.0,0.0,0.06376,0.0
DOF006,0.0,0.0,0.19027,67.03557,0.0,0.0,0.00851,11.508989999999999,9.83582,0.0,11.42084,0.0,0.0,0.0,0.0,0.0
DOF008,0.0,0.0,28.71915,4.31319,0.01325,0.0,0.00563,62.46489999999999,0.0,0.0,4.48385,0.0,0.0,0.0,0.0,0.0
DOM001,0.0,0.0,0.17626,74.51181,0.0,0.0,0.007520000000000001,19.855179999999997,0.0,0.0,4.83017,0.0,0.33073,0.0,0.28831999999999997,0.0
DOM003,0.0,0.0,17.586330000000004,26.742040000000003,0.0,0.0,0.0,29.58083,0.0,0.0,26.09079,0.0,0.0,0.0,0.0,0.0
DOM008,0.0,0.0,0.07755999999999999,78.05035000000002,0.0,0.0,0.0,16.940059999999992,0.0,0.0,4.925179999999999,0.0,0.0,0.0,0.00686,0.0
DOM010,0.0,0.0,0.10773,72.53957999999997,0.0,0.0,0.0,20.52104,4.75557,0.0,2.0760899999999998,0.0,0.0,0.0,0.0,0.0
DOM013,0.0,0.0,0.8075300000000001,55.81685000000001,0.0027300000000000002,0.0,0.0,40.22104000000001,0.00848,0.0,3.1433699999999996,0.0,0.0,0.0,0.0,0.0
DOM015,0.0,0.0,0.27581000000000006,78.56721,0.0,0.0,0.0,17.99164,0.0,0.0,2.71973,0.0,0.1236,0.0,0.32201,0.0
DOM016,0.0,0.0,0.13166999999999998,73.32679999999999,0.0,0.0,0.0,17.02369,3.5570800000000005,0.0,5.3707400000000005,0.0,0.59,0.0,0.0,0.0
DOM018,0.0,0.0,3.27334,68.2149,0.0,0.0,0.0,26.386959999999995,0.0,0.0,2.1135800000000002,0.0,0.0,0.0,0.01119,0.0
DOM019,0.00851,0.0,0.05515,63.21133000000002,0.0017,0.0,0.00742,30.768939999999997,0.0,0.0,1.03059,0.0,0.0,0.0,4.9163,0.0
DOM022,0.0,0.0,0.5492900000000001,64.58611999999998,0.0,0.0,0.0,29.594559999999998,0.0,0.0,5.2676,0.0,0.0,0.0,0.00242,0.0
DOM026,0.0,0.0,1.00749,23.341070000000002,0.0,0.0,0.0,75.60139000000001,0.01524,0.0,0.024300000000000002,0.0,0.0,0.0,0.0,0.01048
NLF008,0.00118,0.0,0.06489,54.68827000000002,0.0,0.0,0.0,38.65022,0.0344,0.0,6.561109999999999,0.0,0.0,0.0,0.0,0.0
NLF012,0.0,0.0,0.06706999999999999,63.5346,0.0,0.0,0.0,35.9007,0.0,0.0,0.49760000000000004,0.0,0.0,0.0,0.0,0.0
NLF013,0.0,0.0,0.47915,56.38053,0.0,0.0,0.0,38.28913000000001,0.0,0.0,4.30419,0.0,0.0,0.0,0.547,0.0
NLF015,0.0,0.0,0.15293,74.48404,0.0,0.0,0.007940000000000001,18.234749999999995,4.46334,0.0,2.65702,0.0,0.0,0.0,0.0,0.0
NLM002,0.0,0.0,6.271470000000001,79.71637,0.011210000000000001,0.0,0.0,4.07083,0.32931,0.0,9.60081,0.0,0.0,0.0,0.0,0.0
NLM004,0.25252,0.0,1.6803599999999999,29.506630000000005,0.055569999999999994,0.0,0.0,60.94645000000001,0.00983,0.0,7.3412700000000015,0.0,0.00126,0.0,0.20613,0.0
NLM006,0.0,0.0,0.15309,54.350249999999996,0.0,0.0,0.0,35.97437999999999,1.54198,0.0,7.980270000000001,0.0,0.0,0.0,0.0,0.0
NLM007,0.0,0.0,0.00309,54.35196,0.00624,0.0,0.0,39.33742,0.81359,0.0,5.484990000000001,0.0,0.0,0.0,0.00179,0.00095
NLM010,0.0,0.0,0.29964,48.49486000000001,0.0,0.0,0.0,49.16235000000001,0.009590000000000001,0.0,2.03352,0.0,0.0,0.0,0.0,0.0
NLM021,0.01486,0.0,0.02352,59.34181000000002,0.0,0.0,0.0,38.09038000000001,0.0,0.0,1.4442100000000002,0.0,0.06592999999999999,0.0,1.01924,0.0
NLM022,0.0,0.0,0.06648,39.07770000000001,0.0,0.0,0.0,50.29315,0.0,0.0,10.56267,0.0,0.0,0.0,0.0,0.0
NLM024,0.0,0.0,0.09642999999999999,81.16271,0.0,0.0,0.0,7.88218,3.2829099999999998,0.0,7.575759999999999,0.0,0.0,0.0,0.0,0.0
NLM026,1.19754,0.0,2.4606600000000003,51.08695,0.00249,0.0,0.0,43.820299999999996,0.0,0.0,1.42242,0.0,0.0,0.0,0.00968,0.0
NLM027,0.00301,0.0,3.758690000000001,0.34290000000000004,0.0015899999999999998,0.0,0.0,89.25115000000001,0.050679999999999996,0.0,6.592010000000001,0.0,0.0,0.0,0.0,0.0
NLM028,0.0,0.0,0.84398,34.04031,0.0,0.0,0.0,63.057489999999994,0.69978,0.0,1.35845,0.0,0.0,0.0,0.0,0.0
NLM029,0.0,0.0,0.37371,58.19472,0.0,0.0,0.0,40.273440000000015,0.0,0.0,1.1580800000000002,0.0,0.0,0.0,0.0,0.0
NLM031,0.0,0.0,0.10407,54.47177,0.0,0.0,0.0,44.24288999999998,0.0,0.0,1.0706000000000002,0.0,0.0,0.0,0.11064,0.0
NLM032,0.0,0.0,1.4355499999999999,24.64074,0.0,0.0,0.0,71.2365,0.0,0.0,2.6861800000000002,0.0,0.0,0.0,0.00107,0.0
NOF005,0.13949,0.0,1.15998,43.467090000000006,0.0,0.0,0.0,53.65525999999999,0.0,0.0,1.5781800000000001,0.0,0.0,0.0,0.0,0.0
NOF008,0.11889000000000001,0.0,0.46601,71.63337,0.0,0.0,0.0,24.930490000000006,0.0,0.0,1.49113,0.0,0.0,0.0,1.3601299999999998,0.0
NOF010,0.0,0.0,0.45884,74.83520999999999,0.0,0.0,0.0,18.588360000000005,0.02574,0.0,6.091840000000001,0.0,0.0,0.0,0.0,0.0
NOF012,0.0,0.0,0.8040799999999999,62.40295,0.0,0.0,0.0,32.78056000000001,0.0,0.0,3.9975,0.0,0.0,0.0,0.01487,0.0
NOM001,0.0,0.0,1.7207700000000001,66.46897,0.0,0.0,0.0,30.801170000000003,0.0,0.0,1.00905,0.0,0.0,0.0,0.0,0.0
NOM002,0.0,0.0,2.04326,27.3991,0.0,0.0,0.0,69.55451,0.14456000000000002,0.0,0.8585400000000001,0.0,0.0,0.0,0.0,0.0
NOM005,0.0,0.0,0.04453,18.070940000000007,0.00331,0.0,0.0,39.352459999999994,0.0,0.0,42.52874,0.0,0.0,0.0,0.0,0.0
NOM009,0.0,0.0,0.9560799999999999,21.135,0.0,0.0,0.0,74.99870999999996,0.0,0.0,2.81185,0.0,0.0,0.0,0.09833,0.0
NOM010,0.0,0.0,0.0522,70.26723999999999,0.0,0.0,0.0,28.236220000000007,0.0,0.0,1.4409599999999998,0.0,0.0,0.0,0.0034100000000000003,0.0
NOM014,0.0,0.0,1.09195,85.80497,0.0,0.0,0.0,11.121400000000001,0.7651600000000001,0.0,1.21654,0.0,0.0,0.0,0.0,0.0
NOM015,0.00559,0.0,0.34515,56.080009999999994,0.0,0.0,0.0,40.12445999999999,0.0,0.0,3.44475,0.0,0.0,0.0,0.0,0.0
NOM016,0.0,0.0,0.016169999999999997,74.51932000000001,0.0,0.0,0.0,24.822020000000006,0.0,0.0,0.64249,0.0,0.0,0.0,0.0,0.0
NOM017,0.00325,0.0,1.91059,66.00439,0.0,0.0,0.0,31.67984,0.0,0.0,0.39999,0.0,0.0,0.0,0.00198,0.0
NOM019,0.0,0.0,1.31071,58.62693,0.0,0.0,0.01075,29.576600000000003,0.0,0.0,5.8479399999999995,0.0,0.0,0.0,4.62706,0.0
NOM020,0.0,0.0,0.42217999999999994,75.14056,0.0,0.0,0.0,18.593239999999998,0.01648,0.0,5.827559999999999,0.0,0.0,0.0,0.0,0.0
NOM025,0.0,0.0,0.030940000000000002,49.019650000000006,0.0,0.0,0.0,35.26122999999999,0.0,0.0,15.6882,0.0,0.0,0.0,0.0,0.0
NOM027,0.0,0.0,19.40739,1.9486499999999998,0.01098,0.0,0.01677,78.02217,0.0729,0.0,0.52113,0.0,0.0,0.0,0.0,0.0
NOM028,0.0,0.0,4.06856,55.25886999999999,0.018230000000000003,0.0,0.0,32.34516000000001,0.05138,0.0,8.25778,0.0,0.0,0.0,0.0,0.0
T2D-001,0.0,0.0,1.03115,62.43869999999999,0.0,0.0,0.0,33.48189,0.0,0.0,3.04833,0.0,0.0,0.0,0.0,0.0
T2D-002,0.0,0.0,0.029750000000000002,72.91675000000002,0.02623,0.0,0.0,15.890919999999998,4.787629999999999,0.0,6.348749999999999,0.0,0.0,0.0,0.0,0.0
T2D-003,0.0,0.0,0.91391,28.225000000000005,0.00594,0.0,0.006640000000000001,57.852149999999995,2.5023799999999996,0.0,10.49398,0.0,0.0,0.0,0.0,0.0
T2D-004,0.0,0.0,5.64254,38.76001000000001,0.0,0.0,0.0068,51.17543999999999,0.00449,0.0,4.410729999999999,0.0,0.0,0.0,0.0,0.0
T2D-005,0.0,0.0,0.17167,36.90022,0.0,0.0,0.0,16.762260000000005,0.043460000000000006,0.0,46.122389999999996,0.0,0.0,0.0,0.0,0.0
T2D-006,0.0,0.0,0.3149,88.83070000000002,0.0,0.0,0.0,10.139840000000001,0.0,0.0,0.7145999999999999,0.0,0.0,0.0,0.0,0.0
T2D-007,0.0235,0.0,1.02236,49.1254,0.0,0.0,0.0,47.24232000000001,1.3685100000000001,0.0,1.21414,0.0,0.0,0.0,0.0037600000000000003,0.0
T2D-008,0.98946,0.0,1.4471999999999998,73.12415999999999,0.0,0.0,0.0,20.972050000000003,0.0,0.0,3.07752,0.0,0.00587,0.0,0.38368,0.0
T2D-009,0.0,0.0,0.06173,54.29833999999998,0.0032600000000000003,0.0,0.0,44.09134999999999,0.08231999999999999,0.0,1.42845,0.0,0.0,0.0,0.034539999999999994,0.0
T2D-010,0.0,0.0,47.49412,35.36493999999999,0.0,0.0,0.0,15.89096,0.0,0.0,1.24993,0.0,0.0,0.0,0.0,0.0
T2D-011,0.0,0.0,2.09741,29.223630000000004,0.00256,0.0,0.0,57.095650000000006,0.0,0.0,11.578019999999997,0.0,0.0,0.0,0.0027199999999999998,0.0
T2D-012,0.0,0.0,0.17916,39.10396,0.00674,0.0,0.0,35.40293000000001,0.00692,0.0,10.45614,0.0,0.0,0.0,14.84416,0.0
T2D-013,0.0,0.0,0.29631,35.73483,0.0,0.0,0.0,63.45801,0.0,0.0,0.51084,0.0,0.0,0.0,0.0,0.0
T2D-014,0.0,0.0,3.6051500000000005,44.57838999999999,0.0,0.0,0.0,25.447849999999995,0.25268,0.0,26.11592,0.0,0.0,0.0,0.0,0.0
T2D-015,0.0,0.0,2.4468599999999996,56.36688000000001,0.0,0.0,0.0,37.22821,0.0,0.0,3.8591,0.0,0.09892000000000001,0.0,0.0,0.0
T2D-016,0.0,0.0,20.99931,50.595259999999996,0.0,0.0,0.0,23.908410000000007,0.30987999999999993,0.0,4.18714,0.0,0.0,0.0,0.0,0.0
T2D-017,0.0,0.0,0.10746,83.65483,0.0,0.0,0.0,7.343449999999998,0.31492,0.0,8.5793,0.0,0.0,0.0,0.0,0.0
T2D-018,0.0,0.0,4.340249999999999,60.86566999999999,0.0,0.0,0.0,30.140239999999995,0.00123,0.0,4.6512,0.0,0.0,0.0,0.0014199999999999998,0.0
T2D-019,0.0,0.0,0.42617,55.307140000000004,0.0,0.0,0.0,26.860570000000003,0.58743,0.0,9.29993,0.0,0.0,0.0,7.51877,0.0
T2D-020,0.0,0.0,4.2829500000000005,7.32182,0.0,0.0,0.0,39.20647000000001,1.53159,0.0,47.65713999999999,0.0,0.0,0.0,0.0,0.0
T2D-021,0.0,0.0,0.8739699999999999,70.97518000000002,0.0,0.0,0.0,21.995820000000002,0.0,0.0,6.14717,0.0,0.00039,0.0,0.0,0.00748
T2D-022,0.0,0.0,0.66611,43.60804999999999,0.00252,0.0,0.0,44.724230000000006,0.84413,0.0,10.154949999999998,0.0,0.0,0.0,0.0,0.0
T2D-023,0.0,0.0,0.5170800000000001,60.22114,0.0006799999999999999,0.0,0.0,32.757209999999986,0.7650100000000001,0.0,5.738860000000001,0.0,0.0,0.0,0.0,0.0
T2D-024,0.0,0.0,0.49689999999999995,11.208590000000001,0.029199999999999997,0.0,0.00556,66.26916999999997,0.00349,0.0,21.98576,0.0,0.0,0.0,0.00131,0.0
T2D-025,0.0,0.0,0.73,61.899089999999994,0.0,0.0,0.0,34.80561,0.0,0.0,2.5653099999999998,0.0,0.0,0.0,0.0,0.0
T2D-026,0.0,0.0042,0.6163,43.511660000000006,0.0,0.0,0.0,21.284039999999997,0.13564,0.0,34.44818,0.0,0.0,0.0,0.0,0.0
T2D-028,0.0,0.0,0.23894,44.40444,0.0,0.0,0.0,53.94342,0.0,0.0,1.41319,0.0,0.0,0.0,0.0,0.0
T2D-029,0.0,0.0,41.94383,5.8158900000000004,0.0,0.0,0.0,44.29995999999997,0.0037199999999999998,0.0,7.93663,0.0,0.0,0.0,0.0,0.0
T2D-030,0.0,0.0,2.3131500000000003,45.70356,0.0,0.0,0.007379999999999999,45.3755,0.42306000000000005,0.0,6.0536900000000005,0.0,0.0,0.0,0.12369000000000001,0.0
T2D-031,0.0,0.0,1.9473099999999999,80.07481999999997,0.0,0.0,0.0,14.166240000000004,0.32285,0.0,3.4887500000000005,0.0,0.0,0.0,0.0,0.0
T2D-036,0.79779,0.0,0.8713199999999999,48.69692999999999,0.0,0.0,0.00792,26.99332,0.0,0.0,4.055689999999999,0.0,0.0,0.0,18.57704,0.0
T2D-039,0.0,0.0,46.941430000000004,13.071669999999997,0.0,0.0,0.0,37.17792,0.0,0.0,2.8089899999999997,0.0,0.0,0.0,0.0,0.0
T2D-040,0.1214,0.0,0.26194,52.20452,0.00268,0.0,0.0,39.57319000000001,0.0,0.0,7.82845,0.0,0.0,0.0,0.007809999999999999,0.0
T2D-041,0.0,0.0,1.24885,33.642619999999994,0.0,0.0,0.0,59.33213999999999,0.29215,0.0,5.484229999999998,0.0,0.0,0.0,0.0,0.0
T2D-042,0.0,0.0,0.9230899999999999,35.96609,0.00131,0.0,0.0,56.715329999999994,2.95185,0.0,1.9598400000000002,0.0,0.0,0.0,1.48244,0.0
T2D-043,0.0,0.0,5.33061,56.02017999999999,0.0,0.0,0.0,25.45522,0.0,0.0,2.99149,0.0,0.0,0.0,10.20249,0.0
T2D-044,0.0,0.0,0.75871,80.08229000000001,0.0,0.0,0.0,16.77213,0.17454999999999998,0.0,2.21232,0.0,0.0,0.0,0.0,0.0
T2D-045,0.03182,0.0,0.17606999999999998,73.29995000000001,0.0,0.0,0.0,23.01624,0.45364,0.0,2.45263,0.0,0.0,0.0,0.56963,0.0
T2D-046,0.006880000000000001,0.0,0.28079,79.70674,0.0,0.0,0.0,18.651670000000003,0.0,0.0,1.35389,0.0,0.0,0.0,0.0,0.0
T2D-047,0.0,0.0,0.71579,37.16039,0.0,0.0,0.0,58.298809999999996,0.1152,0.0,1.4596399999999998,0.0,0.0,0.0,2.25014,0.0
T2D-048,0.0,0.0,2.9312099999999996,55.42303999999999,0.00123,0.0,0.0,39.19063,0.058710000000000005,0.0,2.39517,0.0,0.0,0.0,0.0,0.0
T2D-049,0.46757,0.0,2.2834200000000004,35.80211,0.0,0.0,0.0,37.212200000000024,0.0,0.0,4.420999999999999,0.0,0.0,0.0,19.81373,0.0
T2D-050,0.0,0.0,2.63882,45.54021,0.0,0.0,0.0,35.75649,0.0292,0.0,3.7304799999999996,0.0,0.0,0.0,12.304730000000001,0.0
T2D-051,0.0,0.0,0.47231,54.674579999999985,0.0,0.0,0.0,38.85385000000001,0.0,0.0,1.29912,0.0,0.0,0.0,4.70015,0.0
T2D-052,0.0,0.0,42.042689999999986,5.145300000000001,0.0,0.0,0.0,52.051649999999995,0.0,0.0,0.7603699999999999,0.0,0.0,0.0,0.0,0.0
T2D-053,0.13103,0.0,6.08907,28.697600000000012,0.01009,0.0,0.0,62.33088000000001,0.0,0.0,2.7412900000000002,0.0,0.0,0.0,0.0,0.0
T2D-054,0.0,0.0,0.10641,82.56344,0.0,0.0,0.0,8.889249999999999,2.12252,0.0,6.22249,0.0,0.0,0.0,0.09584,0.0
T2D-055,0.0,0.0,1.6506899999999998,60.622249999999994,0.0,0.0,0.007679999999999999,36.64916,0.0,0.0,1.07024,0.0,0.0,0.0,0.0,0.0
T2D-056,0.0,0.00418,11.973119999999998,41.78462,0.0,0.0,0.0,45.02445,0.0,0.0,1.2136799999999999,0.0,0.0,0.0,0.0,0.0
T2D-057,0.0,0.0,25.35256000000001,26.08832,0.0007599999999999999,0.0,0.0,17.406120000000005,0.0,0.0,31.152239999999995,0.0,0.0,0.0,0.0,0.0
T2D-058,0.0,0.0,10.03932,52.99442000000001,0.0,0.0,0.0,29.238569999999996,0.0113,0.0,7.486619999999999,0.0,0.0,0.0,0.22974,0.0
T2D-059,0.0,0.0,0.73409,73.90621999999998,0.0,0.0,0.0053,20.17311,0.016319999999999998,0.0,5.1640999999999995,0.0,0.0,0.0,0.00086,0.0
T2D-060,0.0,0.0,3.6642399999999995,27.805659999999996,0.01567,0.0,0.0,64.54517,0.8248700000000001,0.0,3.1385400000000003,0.0,0.0,0.0,0.0058200000000000005,0.0
T2D-062,0.0,0.0,2.29533,43.95804000000001,0.0,0.0,0.0,51.15474000000001,0.0,0.0,1.60962,0.0,0.0,0.0,0.9822299999999999,0.0
T2D-063,0.0,0.0,2.26585,63.40793000000002,0.0,0.0,0.0,28.039290000000005,0.0,0.0,6.286949999999999,0.0,0.0,0.0,0.0,0.0
T2D-064,0.92517,0.0,0.19780999999999999,59.67462000000002,0.0,0.0,0.0,32.36825,0.0,0.0,2.7202500000000005,0.0,0.0,0.0,4.11393,0.0
T2D-065,0.0,0.0,0.48915,64.10368999999999,0.00216,0.0,0.0,26.780790000000003,0.18882999999999997,0.0,8.26682,0.0,0.16861,0.0,0.0,0.0
T2D-066,0.0,0.0,7.87681,58.95895,0.0,0.0,0.0,30.48796000000001,0.0,0.0,2.6763300000000005,0.0,0.0,0.0,0.0,0.0
T2D-067,0.0,0.0,0.20237,66.89123000000001,0.0,0.0,0.0,27.909990000000004,0.00139,0.0,4.995019999999999,0.0,0.0,0.0,0.0,0.0
T2D-068,0.0,0.0,6.20385,62.56897000000001,0.01244,0.0,0.0,30.209850000000003,0.0,0.0,0.6374799999999999,0.0,0.3674,0.0,0.0,0.0
T2D-069,0.0,0.0,0.9374300000000001,71.73471,0.0,0.0,0.0,26.935679999999998,0.0,0.0,0.39220999999999995,0.0,0.0,0.0,0.0,0.0
T2D-070,0.0,0.0,0.12064,57.504129999999996,0.0,0.0,0.0,23.451879999999992,0.0,0.0,18.224050000000002,0.0,0.0,0.0,0.69927,0.0
T2D-071,0.0,0.0,8.39584,8.468760000000001,0.0,0.0,0.0,82.18336,0.00491,0.0,0.94713,0.0,0.0,0.0,0.0,0.0
T2D-072,4.940079999999999,0.00513,5.79496,34.67388,0.006229999999999999,0.0,0.00558,40.06559,0.0,0.0,7.934759999999999,0.0,0.34414,0.0,6.22965,0.0
T2D-073,0.0,0.0,0.64238,16.29477,0.0,0.0,0.0,79.01405999999999,0.0,0.0,4.048749999999999,0.0,0.0,0.0,0.0,0.0
T2D-074,0.0,0.0,0.00782,35.265719999999995,0.0,0.0,0.0,23.438779999999994,2.55082,0.0,38.736869999999996,0.0,0.0,0.0,0.0,0.0
T2D-075,0.036160000000000005,0.0,0.39150999999999997,32.28761,0.0,0.0,0.00415,56.43927000000001,0.0,0.0,0.03464,0.0,0.0,0.0,10.80666,0.0
T2D-076,0.0,0.0,0.9589699999999999,71.70648000000003,0.0,0.0,0.0,23.749740000000003,0.0,0.0,3.5848600000000004,0.0,0.0,0.0,0.0,0.0
T2D-077,0.0,0.0,4.0366,37.19892000000001,0.0027600000000000003,0.0,0.0,51.591359999999995,0.0,0.0,7.170350000000002,0.0,0.0,0.0,0.0,0.0
T2D-078,0.0,0.0,0.26065,43.623439999999995,0.012830000000000001,0.0,0.0,37.236979999999996,0.02785,0.0,18.838269999999998,0.0,0.0,0.0,0.0,0.0
T2D-079,0.0,0.0,4.71344,58.867540000000005,0.007010000000000001,0.0,0.0,33.71434,0.00165,0.0,2.62704,0.0,0.0,0.0,0.06899,0.0
T2D-080,0.0,0.0,0.32348999999999994,73.81681000000002,0.0,0.0,0.0,15.613700000000001,0.0,0.0,10.15445,0.0,0.0012699999999999999,0.0,0.0903,0.0
T2D-081,0.0,0.0,0.91308,46.947089999999996,0.0,0.0,0.0,50.02670000000001,0.17839999999999998,0.0,1.93474,0.0,0.0,0.0,0.0,0.0
T2D-082,1.2837800000000001,0.0,0.22424000000000002,60.11438,0.0,0.0,0.0,28.56979,0.0,0.0,9.8078,0.0,0.0,0.0,0.0,0.0
T2D-083,0.0,0.0,0.29798,68.57863999999998,0.0,0.0,0.0,29.67403000000001,0.7340599999999999,0.0,0.7153,0.0,0.0,0.0,0.0,0.0
T2D-084,0.0,0.0,11.30949,42.289210000000004,0.00117,0.0,0.0049700000000000005,45.12641999999999,0.0,0.0,1.2687099999999998,0.0,0.0,0.0,0.0,0.0
T2D-085,4.18694,0.0,0.7531499999999999,31.67686000000001,0.0,0.0,0.01492,58.982680000000016,0.0,0.0,3.93127,0.0,0.18184,0.0,0.27234,0.0
T2D-086,0.0,0.0,13.75963,57.86047,0.0039700000000000004,0.0,0.0,27.8102,0.0,0.0,0.56573,0.0,0.0,0.0,0.0,0.0
T2D-087,0.0,0.0,5.610900000000001,18.39628,0.06769,0.0,0.0,68.07555000000008,0.060629999999999996,0.0,7.78893,0.0,0.0,0.0,0.0,0.0
T2D-088,0.0,0.0,9.58128,56.3283,0.0,0.0,0.0,20.951639999999994,0.0,0.0,13.054059999999998,0.0,0.08272,0.0,0.00201,0.0
T2D-089,0.0,0.0,0.25379,76.70528000000003,0.0,0.0,0.0,22.932190000000002,0.0,0.0,0.10873000000000001,0.0,0.0,0.0,0.0,0.0
T2D-090,0.0,0.0,2.41834,46.80885,0.0,0.0,0.0,37.06898,0.06695,0.0,13.63403,0.0,0.0,0.0,0.00281,0.0
T2D-091,0.0,0.0,12.58304,50.84546,0.0,0.0,0.0,29.906290000000002,0.0,0.0,6.665229999999999,0.0,0.0,0.0,0.0,0.0
T2D-092,0.0,0.0,29.658,17.951169999999998,0.0,0.0,0.0,46.17656,0.0,0.0,6.21333,0.0,0.0,0.0,0.0008900000000000001,0.0
T2D-093,0.22378,0.0,0.24489,67.74814000000002,0.0,0.0,0.0,28.53793,0.51007,0.0,2.7352200000000004,0.0,0.0,0.0,0.0,0.0
T2D-094,0.0,0.0,0.16075,46.04011999999999,0.0,0.0,0.0050100000000000006,51.464760000000005,0.0,0.0,2.3285299999999998,0.0,0.0,0.0,0.0008,0.0
T2D-095,0.0,0.0,1.6879199999999999,28.6006,0.0064600000000000005,0.0,0.0,47.37136999999999,0.00224,0.0,17.05705,0.0,0.0,0.0,5.27435,0.0
T2D-096,0.0,0.0,13.27136,51.1119,0.0,0.0,0.0,34.28941,0.0,0.0,1.32734,0.0,0.0,0.0,0.0,0.0
T2D-097,0.0,0.0,1.8166200000000003,68.17743999999999,0.01025,0.0,0.0,28.329850000000004,0.0,0.0,1.6658400000000002,0.0,0.0,0.0,0.0,0.0
T2D-098,0.0,0.0,4.624180000000001,62.51232999999999,0.0,0.0,0.0,27.848289999999995,0.0,0.0,4.929149999999999,0.0,0.08584,0.0,0.00026000000000000003,0.0
T2D-099,6.11233,0.0,4.33618,48.924229999999994,0.0028899999999999998,0.0,0.004220000000000001,29.543379999999992,0.0,0.0,10.11551,0.0,0.0,0.0,0.9613,0.0
T2D-100,0.0,0.0,0.22352999999999998,5.59601,0.06221,0.0,0.0,94.00324999999997,0.0,0.0,0.11496999999999999,0.0,0.0,0.0,0.0,0.0
T2D-101,0.0,0.0,0.9780899999999998,0.6685300000000001,0.0,0.0,0.0034,43.9481,0.0,0.0,54.401909999999994,0.0,0.0,0.0,0.0,0.0
T2D-102,0.0,0.0,11.83943,32.112629999999996,0.0,0.0,0.0,33.977150000000016,0.0,0.0,22.070790000000002,0.0,0.0,0.0,0.0,0.0
T2D-103,0.0,0.0,22.57048,37.86331,0.0,0.0,0.00484,39.227260000000015,0.0,0.0,0.33413,0.0,0.0,0.0,0.0,0.0
T2D-104,0.0,0.0,0.48307,54.805800000000005,0.00703,0.0,0.0,42.21312,0.0,0.0,2.48522,0.0,0.0,0.0,0.00576,0.0
T2D-105,0.0,0.0,0.27966,54.99777000000001,0.0,0.0,0.0,37.43261000000001,0.00333,0.0,7.285429999999999,0.0,0.00118,0.0,0.0,0.0
T2D-106,0.0,0.0,0.24195,79.03192999999999,0.0,0.0,0.0057799999999999995,18.981129999999993,0.0,0.0,1.7379799999999999,0.0,0.0,0.0,0.0012,0.0
T2D-107,0.0,0.0,2.67878,60.66516999999999,0.005520000000000001,0.0,0.0,35.21611,0.02834,0.0,1.4051700000000003,0.0,0.0,0.0,0.00093,0.0
DLF001,0.0,0.0,0.0,69.99826999999999,0.004529999999999999,0.0,0.0,25.834439999999994,0.6084,0.0,3.5543400000000003,0.0,0.0,0.0,0.0,0.0
DLF002,0.0,0.0,0.54095,35.81118,0.0,0.0,0.01235,57.2286,0.05451,0.0,6.17502,0.0,0.17740999999999998,0.0,0.0,0.0
DLF003,0.32424,0.0,0.5614,57.604789999999994,0.0,0.0,0.0,38.06805000000001,0.0,0.0,1.25932,0.0,0.0,0.0,2.1822,0.0
DLF004,0.0,0.0,0.05256,75.66037,0.0,0.0,0.0,16.859910000000006,3.9202399999999997,0.0,1.8887800000000001,0.0,0.0,0.0,1.61811,0.0
DLF005,0.0,0.0,0.22149000000000002,36.63338,0.0,0.0,0.0,62.60226,0.0,0.0,0.54284,0.0,0.0,0.0,0.0,0.0
DLF006,0.0,0.0,0.85488,55.16468,0.0,0.0,0.00702,35.30654000000001,0.0,0.0,8.64861,0.0,0.01828,0.0,0.0,0.0
DLF007,0.0,0.0,0.10467,70.64803000000002,0.0,0.0,0.0,24.835570000000004,1.04499,0.0,3.2698199999999997,0.0,0.09695,0.0,0.0,0.0
DLF008,0.0,0.0,0.47976,47.85702999999999,0.0,0.0,0.0,23.224169999999997,18.70383,0.0,9.73519,0.0,0.0,0.0,0.0,0.0
DLF010,1.29067,0.0,0.43643000000000004,40.83445000000001,0.0,0.00922,0.0,45.684170000000016,0.0,0.0,11.07982,0.0,0.09183,0.0,0.57344,0.0
DLM002,0.0,0.0,0.29044000000000003,46.96338999999999,0.0,0.0,0.0,51.09438,0.0,0.0,1.6095800000000002,0.0,0.0,0.0,0.042210000000000004,0.0
DLM003,0.0,0.0,0.0416,73.61731999999999,0.0,0.0,0.0,25.094980000000007,0.11562000000000001,0.0,1.1304900000000002,0.0,0.0,0.0,0.0,0.0
DLM004,0.0,0.0,0.6640699999999999,84.12041000000002,0.0,0.0,0.0,9.055899999999998,0.0,0.0,6.15275,0.0,0.0,0.0,0.0,0.0069099999999999995
DLM005,0.0,0.0,6.665959999999999,53.15154,0.00687,0.0,0.0,33.60226999999999,0.0,0.0,6.573379999999999,0.0,0.0,0.0,0.0,0.0
DLM006,0.10964,0.0,0.061739999999999996,38.791399999999996,0.0,0.00745,0.0,59.63257,0.0,0.0,1.39635,0.0,0.0,0.0,0.0008,0.0
DLM007,0.0,0.0,0.17339000000000002,70.11295,0.0,0.00734,0.0,27.871630000000003,0.0,0.0,1.7734900000000002,0.0,0.0,0.0,0.06117,0.0
DLM008,0.0,0.0,0.11275,58.189790000000016,0.0,0.0,0.00717,39.82884000000001,0.0,0.0,1.86148,0.0,0.0,0.0,0.0,0.0
DLM009,0.0,0.0,0.0169,5.45268,0.01561,0.0,0.0,90.53823,0.47565,0.0,3.370029999999999,0.0,0.0,0.0,0.1309,0.0
DLM011,0.0,0.0,0.0106,69.64719,0.0,0.01183,0.0,23.885750000000005,0.05939,0.0,6.385260000000001,0.0,0.0,0.0,0.0,0.0
DOF002,0.0,0.0,0.8104500000000001,60.39952000000001,0.0,0.0,0.0,30.98415,0.0,0.0,5.595780000000001,0.0,0.0,0.0,2.21013,0.0
DOF007,0.0,0.0,0.29316,90.59667000000002,0.0023,0.0,0.0,4.66194,0.0,0.0,4.44599,0.0,0.0,0.0,0.0,0.0
DOF009,0.0047799999999999995,0.0,14.307749999999999,56.63646000000002,0.0,0.0,0.0,24.56285,0.0,0.0,4.48813,0.0,0.0,0.0,0.0,0.0
DOF010,0.0,0.0,7.1937,24.632379999999994,0.0,0.0,0.0,36.70826,1.2644300000000002,0.0,25.95777,0.0,4.24353,0.0,0.0,0.0
DOF011,0.0,0.0,0.054759999999999996,40.60191999999999,0.0,0.0,0.0,57.42572,0.49917,0.0,1.41844,0.0,0.0,0.0,0.0,0.0
DOF012,0.0,0.0,16.764339999999997,17.20677,0.0,0.0,0.0,59.90683999999998,0.0,0.0,6.114580000000001,0.0,0.0,0.0,0.0,0.00747
DOF013,0.0,0.0,1.64502,50.11113000000001,0.0,0.0,0.0,45.96571,0.00403,0.0,2.27412,0.0,0.0,0.0,0.0,0.0
DOF014,0.0,0.0,17.948570000000004,50.83762,0.0,0.0,0.008409999999999999,30.964599999999997,0.0,0.0,0.16567,0.0,0.0,0.0,0.0751,0.0
DOM005,0.0,0.0,0.00716,76.35057,0.00165,0.0,0.0,11.747560000000002,1.83555,0.0,9.809859999999999,0.0,0.24691999999999997,0.0,0.0,0.00075
DOM012,0.02685,0.0,2.6599199999999996,25.120260000000002,0.0,0.0,0.0,57.11017,0.03835,0.0,11.081969999999998,0.0,3.9624699999999997,0.0,0.0,0.0
DOM014,0.0,0.0,0.40732999999999997,60.45006,0.0,0.0,0.0,34.864670000000004,0.04025,0.0,2.62224,0.0,1.4847,0.0,0.13075,0.0
DOM017,0.0,0.0,0.014779999999999998,62.05413999999999,0.0,0.0,0.0,25.725009999999997,11.18613,0.0,1.0199499999999997,0.0,0.0,0.0,0.0,0.0
DOM020,0.0,0.0,0.06756,56.40928,0.0,0.0,0.0,41.450419999999994,1.54504,0.0,0.52766,0.0,0.0,0.0,0.0,0.0
DOM021,0.0,0.0,0.17157000000000003,80.58959,0.0,0.0,0.0,15.766679999999996,0.01193,0.0,3.4602000000000004,0.0,0.0,0.0,0.0,0.0
DOM023,0.0,0.0,0.07353,84.80069,0.0,0.00406,0.0053100000000000005,13.36196,0.21566,0.0,1.3797299999999997,0.15905,0.0,0.0,0.0,0.0
DOM024,0.0,0.0,0.035309999999999994,74.06526000000001,0.0,0.0,0.0,24.81075999999999,0.0,0.0,1.0886799999999999,0.0,0.0,0.0,0.0,0.0
DOM025,0.0,0.0,1.48752,61.912379999999985,0.00829,0.0,0.00772,24.98655,0.0,0.0,11.52038,0.0,0.07715,0.0,0.0,0.0
NLF001,0.0,0.0,0.19446,39.936299999999996,0.0,0.0,0.0,58.56533999999999,0.0044,0.0,1.2932599999999999,0.0,0.0,0.0,0.006229999999999999,0.0
NLF002,0.0,0.0,0.17995,50.97717000000001,0.0,0.0,0.0,47.372489999999985,0.12649000000000002,0.0,1.34071,0.0,0.0,0.0,0.00173,0.00151
NLF005,0.0,0.0,0.13303,68.07603,0.0,0.0052899999999999996,0.0,29.569920000000007,0.0,0.0,2.21573,0.0,0.0,0.0,0.0,0.0
NLF006,0.0,0.0,0.25416,55.16552999999999,0.0,0.0,0.0,42.68194,0.00109,0.0,1.5578400000000001,0.0,0.0,0.0,0.33938,0.0
NLF007,0.0,0.0,0.06246,44.89268999999998,0.0,0.01346,0.00882,54.59579999999998,0.0,0.0,0.42241,0.0,0.00439,0.0,0.0,0.0
NLF009,0.0,0.0,0.05227,64.27757,0.0,0.0,0.0,33.94656000000001,0.0,0.0,1.7236200000000002,0.0,0.0,0.0,0.0,0.0
NLF010,0.0069,0.0,0.01353,70.0035,0.017419999999999998,0.0,0.0,26.876389999999997,0.039689999999999996,0.0,3.04263,0.0,0.0,0.0,0.0,0.0
NLF011,0.0,0.0,0.03038,73.30922999999999,0.0,0.0,0.0,25.98881,0.0,0.0,0.67156,0.0,0.0,0.0,0.0,0.0
NLF014,0.0,0.0,4.9133,73.99338,0.0,0.0,0.0,16.01721,2.22111,0.0,2.85505,0.0,0.0,0.0,0.0,0.0
NLM001,0.01229,0.0,0.0225,38.71006,0.0,0.0,0.0,50.26392,0.0,0.0,10.981900000000001,0.0,0.0,0.0,0.00939,0.0
NLM003,0.0,0.0,0.17106,72.96197999999998,0.0,0.0,0.0,14.37366,1.24658,0.0,11.24675,0.0,0.0,0.0,0.0,0.0
NLM005,0.0,0.0,0.04722,62.67991999999999,0.00875,0.0,0.0,33.3046,0.0,0.0,3.95952,0.0,0.0,0.0,0.0,0.0
NLM008,0.0,0.0054399999999999995,0.06111,31.905209999999997,0.0,0.0,0.0,67.00389000000003,0.01045,0.0,0.9913399999999999,0.0,0.0,0.0,0.02259,0.0
NLM009,0.0,0.0,0.25288,75.87253,0.0,0.0,0.0,22.38862,0.0,0.0,1.48595,0.0,0.0,0.0,0.0,0.0
NLM015,0.0,0.0,0.07236000000000001,64.64120999999999,0.0,0.0,0.0,25.693420000000003,0.63935,0.0,8.9537,0.0,0.0,0.0,0.0,0.0
NLM016,0.1253,0.0,0.0,80.45246,0.0,0.0,0.0,14.997950000000005,0.0,0.0,4.419550000000001,0.0,0.0,0.0,0.0,0.00475
NLM017,0.0,0.0,0.05155,71.17528,0.0,0.0,0.0,22.69757,1.4202,0.0,4.65542,0.0,0.0,0.0,0.0,0.0
NLM023,0.0,0.0,0.58453,73.57328000000001,0.0,0.0,0.0,18.273470000000003,0.82491,0.00251,6.74125,0.0,0.0,0.0,0.0,0.0
NLM025,0.21851,0.0,0.12942,71.76538000000001,0.0,0.0,0.045360000000000004,20.33823,0.0,0.0,5.526530000000001,0.0,0.0,0.0,1.9765400000000002,0.0
NOF001,0.0,0.0,0.61918,66.27535,0.0,0.0,0.0,30.015520000000006,0.0,0.0,3.08997,0.0,0.0,0.0,0.0,0.0
NOF002,0.0,0.0,1.1866700000000001,62.84736,0.0,0.0,0.00573,29.37410999999999,0.66772,0.0,5.90355,0.0,0.0,0.0,0.01486,0.0
NOF004,0.0,0.0,0.33770999999999995,66.06773000000001,0.0,0.0,0.0,32.35718,0.0,0.0,1.1507599999999998,0.0,0.0,0.0,0.08661,0.0
NOF006,0.0,0.0,0.30037,75.96719999999999,0.0,0.0,0.0,13.281950000000002,0.16336,0.0,10.22906,0.0,0.0,0.0,0.05806,0.0
NOF007,0.0,0.0,0.5107200000000001,64.87911999999999,0.00186,0.0,0.0,33.66568,0.12458,0.0,0.81805,0.0,0.0,0.0,0.0,0.0
NOF009,0.0,0.0,0.05363,80.96378000000004,0.0,0.0,0.0,11.80099,2.70897,0.0,4.4726,0.0,0.0,0.0,0.0,0.0
NOF011,0.0,0.0,0.4935799999999999,67.81925999999997,0.0,0.0,0.0,29.5393,0.0,0.0,1.1511300000000002,0.0,0.9277700000000001,0.0,0.069,0.0
NOF013,0.00809,0.0,0.024489999999999998,64.35411999999998,0.0,0.0,0.0,34.36052000000001,0.07325,0.0,1.17959,0.0,0.0,0.0,0.0,0.0
NOF014,0.0,0.00595,0.08489000000000002,68.21698000000002,0.0,0.0,0.00647,30.268889999999995,0.0,0.0,1.4168199999999997,0.0,0.0,0.0,0.0,0.0
NOM004,0.0,0.0,0.02678,73.48211,0.0,0.0,0.0,11.099789999999995,3.27751,0.0,12.113819999999999,0.0,0.0,0.0,0.0,0.0
NOM007,0.0,0.0,0.07089000000000001,80.11804,0.0,0.0,0.0,17.520789999999998,0.05154999999999999,0.0,2.2387400000000004,0.0,0.0,0.0,0.0,0.0
NOM008,0.0,0.0,0.00528,68.77264000000001,0.0,0.0,0.0,27.55657,0.0,0.0,3.6525699999999994,0.0,0.01293,0.0,0.0,0.0
NOM012,0.0,0.0,0.21316,61.80721,0.0,0.0,0.0,35.54856,0.0,0.0,2.43107,0.0,0.0,0.0,0.0,0.0
NOM013,0.0,0.0,1.2699900000000002,53.901520000000005,0.0,0.0,0.0,43.109700000000004,0.0,0.0,1.71056,0.0,0.0,0.0,0.0082,0.0
NOM018,0.0,0.0,0.11471000000000002,44.50487999999999,0.00114,0.0,0.0,44.855230000000006,0.0,0.0,10.524000000000004,0.0,0.0,0.0,0.0,0.0
NOM022,0.0,0.0,0.05272000000000001,63.301309999999994,0.02472,0.0,0.0072299999999999994,33.993610000000004,0.03834,0.0,2.58214,0.0,0.0,0.0,0.0,0.0
NOM023,0.0,0.0,0.10854,79.35361,0.0,0.0,0.0,16.231759999999994,0.56689,0.0,3.73923,0.0,0.0,0.0,0.0,0.0
NOM026,0.0,0.0,0.24655,17.10558,0.00237,0.0,0.00506,43.69167000000003,9.27593,0.0,29.672810000000002,0.0,0.0,0.0,0.0,0.0
NOM029,0.0,0.0,0.45330000000000004,70.85674999999999,0.08425,0.0,0.0,17.554070000000007,0.0665,0.0,10.983989999999999,0.0,0.0,0.0,0.0,0.00115
