SampleID,k__Archaea|p__Euryarchaeota|c__Archaeoglobi|o__Archaeoglobales,k__Archaea|p__Euryarchaeota|c__Methanobacteria|o__Methanobacteriales,k__Archaea|p__Euryarchaeota|c__Methanococci|o__Methanococcales,k__Bacteria|p__Acidobacteria|c__Acidobacteriia|o__Acidobacteriales,k__Bacteria|p__Actinobacteria|c__Actinobacteria|o__Actinomycetales,k__Bacteria|p__Actinobacteria|c__Actinobacteria|o__Bifidobacteriales,k__Bacteria|p__Actinobacteria|c__Actinobacteria|o__Coriobacteriales,k__Bacteria|p__Aquificae|c__Aquificae|o__Aquificales,k__Bacteria|p__Bacteroidetes|c__Bacteroidia|o__Bacteroidales,k__Bacteria|p__Bacteroidetes|c__Flavobacteriia|o__Flavobacteriales,k__Bacteria|p__Bacteroidetes|c__Sphingobacteriia|o__Sphingobacteriales,k__Bacteria|p__Candidatus_Saccharibacteria|c__Candidatus_Saccharibacteria_noname|o__Candidatus_Saccharibacteria_noname,k__Bacteria|p__Chlorobi|c__Chlorobia|o__Chlorobiales,k__Bacteria|p__Deferribacteres|c__Deferribacteres|o__Deferribacterales,k__Bacteria|p__Deinococcus_Thermus|c__Deinococci|o__Deinococcales,k__Bacteria|p__Deinococcus_Thermus|c__Deinococci|o__Thermales,k__Bacteria|p__Firmicutes|c__Bacilli|o__Bacillales,k__Bacteria|p__Firmicutes|c__Bacilli|o__Lactobacillales,k__Bacteria|p__Firmicutes|c__Clostridia|o__Clostridiales,k__Bacteria|p__Firmicutes|c__Clostridia|o__Halanaerobiales,k__Bacteria|p__Firmicutes|c__Erysipelotrichia|o__Erysipelotrichales,k__Bacteria|p__Firmicutes|c__Negativicutes|o__Selenomonadales,k__Bacteria|p__Fusobacteria|c__Fusobacteriia|o__Fusobacteriales,k__Bacteria|p__Proteobacteria|c__Alphaproteobacteria|o__Caulobacterales,k__Bacteria|p__Proteobacteria|c__Alphaproteobacteria|o__Rhizobiales,k__Bacteria|p__Proteobacteria|c__Betaproteobacteria|o__Burkholderiales,k__Bacteria|p__Proteobacteria|c__Betaproteobacteria|o__Gallionellales,k__Bacteria|p__Proteobacteria|c__Betaproteobacteria|o__Neisseriales,k__Bacteria|p__Proteobacteria|c__Deltaproteobacteria|o__Desulfovibrionales,k__Bacteria|p__Proteobacteria|c__Epsilonproteobacteria|o__Campylobacterales,k__Bacteria|p__Proteobacteria|c__Gammaproteobacteria|o__Aeromonadales,k__Bacteria|p__Proteobacteria|c__Gammaproteobacteria|o__Alteromonadales,k__Bacteria|p__Proteobacteria|c__Gammaproteobacteria|o__Chromatiales,k__Bacteria|p__Proteobacteria|c__Gammaproteobacteria|o__Enterobacteriales,k__Bacteria|p__Proteobacteria|c__Gammaproteobacteria|o__Oceanospirillales,k__Bacteria|p__Proteobacteria|c__Gammaproteobacteria|o__Pasteurellales,k__Bacteria|p__Proteobacteria|c__Gammaproteobacteria|o__Pseudomonadales,k__Bacteria|p__Proteobacteria|c__Gammaproteobacteria|o__Xanthomonadales,k__Bacteria|p__Spirochaetes|c__Spirochaetia|o__Spirochaetales,k__Bacteria|p__Synergistetes|c__Synergistia|o__Synergistales,k__Bacteria|p__Tenericutes|c__Mollicutes|o__Acholeplasmatales,k__Bacteria|p__Tenericutes|c__Mollicutes|o__Entomoplasmatales,k__Bacteria|p__Verrucomicrobia|c__Verrucomicrobiae|o__Verrucomicrobiales,k__Eukaryota|p__Ascomycota|c__Eurotiomycetes|o__Eurotiales,k__Eukaryota|p__Ascomycota|c__Saccharomycetes|o__Saccharomycetales,k__Eukaryota|p__Ascomycota|c__Schizosaccharomycetes|o__Schizosaccharomycetales,k__Eukaryota|p__Eukaryota_noname|c__Eukaryota_noname|o__Eukaryota_noname
MH0003,0.0,0.0,0.0,0.0,0.09531,0.54305,0.5452699999999999,0.0,27.644969999999997,0.0,0.0,0.0,0.0,0.0,0.02036,0.0,0.00893,15.63645,49.02560999999999,0.0,0.02321,5.20361,0.0,0.0,0.0,0.13230999999999998,0.0,0.0,0.78803,0.0,0.0,0.0,0.0,0.21733000000000002,0.0,0.11554,0.0,0.0,0.0,0.0,0.0,0.0,0.0,0.0,0.0,0.0,0.0
MH0006,0.0,0.0,0.0,0.00225,0.0,0.03239,0.16480999999999998,0.0,56.83952,0.0,0.0,0.0,0.0,0.0,0.03431,0.0,0.0,0.1209,35.52779999999999,0.0,0.6128600000000001,5.81496,0.0,0.0,0.0067,0.2857,0.0,0.0,0.53367,0.0,0.0,0.0,0.0,0.00638,0.0,0.00595,0.0,0.0,0.0,0.0,0.0,0.0,0.01181,0.0,0.0,0.0,0.0
MH0011,0.0,4.00849,0.01828,0.0,0.01989,1.38628,0.0874,0.0,38.665569999999995,0.02555,0.0,0.0,0.0,0.0,0.04231,0.0,0.0,0.26179,46.93974999999999,0.0,1.32957,0.22216000000000002,0.0,0.0,0.0,0.21279,0.0,0.0,1.14872,0.0,0.0,0.0,0.0,0.029349999999999998,0.0,0.00063,0.0,0.0,0.0,0.0,0.0,0.0,5.6014800000000005,0.0,0.0,0.0,0.0
MH0012,0.0,0.43079,0.0,0.0026100000000000003,0.007890000000000001,3.8074599999999994,0.44514999999999993,0.0,41.7209,0.0,0.0,0.0,0.0,0.0,0.056720000000000007,0.0,0.0,0.020169999999999997,40.78755,0.0,1.0316,3.9570600000000002,0.0,0.0,0.0,0.88956,0.0,0.0,0.5463499999999999,0.00247,0.39205999999999996,0.0,0.0,0.72196,0.0,0.11118000000000001,0.0,0.0,0.0,0.0,0.0,0.0,5.06821,0.0,0.00031,0.0,0.0
MH0014,0.0,0.06246,0.0,0.00979,0.0,0.29091999999999996,0.12686999999999998,0.0,30.949410000000004,0.00644,0.01365,0.0,0.0,0.0,0.01705,0.0,0.0,0.014960000000000001,41.89493,0.0,0.14834000000000003,0.26691000000000004,0.0,0.0,0.0,0.27714,0.0,0.0,0.11788,0.0,0.0,0.0,0.0,25.61599,0.0,0.00275,0.0,0.0,0.0,0.0,0.0,0.0,0.1845,0.0,0.0,0.0,0.0
MH0016,0.0,0.00236,0.0,0.0,0.0,0.0,0.38094000000000006,0.0,56.67494000000001,0.01856,0.12578,0.0,0.0,0.0,0.0,0.0,0.0,0.09102,41.59884999999999,0.0,0.11906000000000001,0.10092999999999999,0.0,0.0,0.0,0.39391000000000004,0.0,0.0,0.40920999999999996,0.0,0.0,0.0,0.0,0.0,0.0,0.0,0.01914,0.0,0.0,0.0,0.00852,0.0,0.05679,0.0,0.0,0.0,0.0
MH0020,0.0,0.0,0.0,0.0,0.0,1.9208500000000002,0.5831700000000001,0.0,67.28927999999999,0.01326,0.01669,0.0,0.0,0.0,0.01756,0.0,0.0,0.01793,22.058750000000007,0.0,0.07224,6.01633,0.0,0.0,0.0,0.7628300000000001,0.0,0.0,1.22543,0.0,0.0,0.0,0.0,0.00564,0.0,0.0,0.0,0.0,0.0,0.0,0.0,0.0,0.0,0.0,0.0,0.0,0.0
MH0024,0.0,0.11792,0.0,0.00613,0.00062,0.00476,0.11856000000000001,0.0,67.9722,0.0,0.0,0.0,0.0,0.0,0.03333,0.0,0.0,0.01847,31.016469999999995,0.0,0.04871999999999999,0.59501,0.0,0.0,0.0,0.011179999999999999,0.0,0.0,0.0,0.0,0.0,0.0,0.0,0.0,0.0,0.01356,0.02076,0.0,0.0,0.0,0.0,0.0,0.021840000000000002,0.0,0.00047999999999999996,0.0,0.0
MH0025,0.0,0.52047,0.0,0.13182,0.0,2.62189,0.9191999999999999,0.0,31.8655,0.0,0.026869999999999998,0.0,0.0,0.0,0.0253,0.0,0.0,0.23026,47.22827999999999,0.0,0.7268999999999999,0.14356,0.0,0.0,0.0,0.38826999999999995,0.0,0.0,0.53744,0.0,0.0,0.06375,0.0,10.41424,0.0,0.0,0.7456,0.0,0.15232,0.0,0.0,0.0,3.25828,0.0,0.0,0.0,0.0
MH0026,0.0,0.0,0.0,0.0,0.0,0.01929,0.5747500000000001,0.0,63.52387999999999,0.0,0.0,0.0,0.0,0.0,0.0,0.0,0.0,0.01121,34.68976000000001,0.0,0.24897000000000002,0.07516999999999999,0.0,0.0,0.0322,0.44843,0.0,0.0,0.12055,0.0,0.0,0.0,0.0,0.0,0.0,0.0,0.0,0.0,0.0,0.0,0.0,0.0,0.2558,0.0,0.0,0.0,0.0
MH0028,0.0,0.06228,0.0,0.0053100000000000005,0.0,0.97696,0.11796,0.0,64.33300999999999,0.00872,0.07238,0.0,0.0,0.0,0.0,0.0,0.0,0.0076,30.567870000000006,0.0,0.18123,0.19164,0.0,0.0,0.0,0.31893,0.0,0.017159999999999998,0.6201,0.0,0.0,0.0,0.0,1.9347400000000001,0.0,0.0,0.01799,0.0,0.0,0.0,0.0,0.0,0.56613,0.0,0.0,0.0,0.0
MH0030,0.0,0.10207000000000001,0.00968,0.0,0.01755,0.85011,0.31737,0.0,14.694809999999999,0.0,0.0,0.0,0.01027,0.0,0.026889999999999997,0.0,0.0022600000000000003,0.98292,77.45448999999999,0.0,2.6674900000000004,1.88836,0.0,0.0,0.0,0.52538,0.0,0.0,0.37964000000000003,0.0,0.0,0.0,0.0,0.0,0.0,0.06433,0.0,0.0,0.0,0.0,0.0,0.0,0.0,0.0,0.00642,0.0,0.0
MH0031,0.0,0.28367,0.0,0.0,0.0,0.70649,0.58036,0.0,21.61471,0.0,0.0,0.0,0.0,0.0,0.010320000000000001,0.0,0.0,0.12984,73.82078999999997,0.0,0.7592699999999999,0.97331,0.0,0.0,0.0282,0.37945999999999996,0.0,0.0,0.02086,0.0,0.0,0.0,0.0,0.0,0.0,0.23188000000000003,0.0,0.0,0.0,0.0,0.0,0.0,0.4459,0.0,0.014910000000000001,0.0,0.0
MH0032,0.0,0.009250000000000001,0.0,0.0063100000000000005,0.0183,0.18414000000000003,0.22605,0.0,71.12093999999998,0.0,0.0,0.0,0.0,0.0,0.01372,0.0,0.0,0.08098,24.938499999999998,0.0,0.23106,2.42915,0.0,0.0,0.0,0.59024,0.0,0.0,0.036710000000000007,0.0,0.0,0.0,0.0,0.05865,0.0,0.0,0.0,0.0,0.0,0.0,0.0,0.0,0.05595,0.0,0.0,0.0,0.0
MH0033,0.0,0.11188,0.0,0.0,0.0,0.59102,0.28507,0.0,30.17571,0.01775,0.069,0.0,0.0,0.0,0.01176,0.0,0.0,0.13697,61.239260000000016,0.0,0.06394,6.08165,0.0,0.0,0.0,0.05738000000000001,0.0,0.0,0.52802,0.0,0.0,0.0,0.0,0.28926999999999997,0.0,0.31205,0.01831,0.0,0.0,0.0,0.0,0.0,0.01103,0.0,0.0,0.0,0.0
MH0034,0.0,0.0,0.0,0.0,0.0,0.10119999999999998,0.063,0.0,79.20857000000001,0.052000000000000005,0.04448,0.0,0.0,0.0,0.011479999999999999,0.0,0.0,0.06375,16.234689999999997,0.0,0.009260000000000001,3.4677299999999995,0.0,0.0,0.0,0.44793000000000005,0.17843,0.0,0.11527000000000001,0.0,0.0,0.0,0.0,0.0,0.0,0.0,0.0,0.0,0.00224,0.0,0.0,0.0,0.0,0.0,0.0,0.0,0.0
MH0035,0.0,0.07484999999999999,0.0,0.0,0.0,2.43444,0.25878999999999996,0.0,40.575289999999995,0.03128,0.01674,0.0,0.0,0.0,0.0,0.0,0.0,0.9516399999999999,41.41118000000001,0.02458,0.01575,8.696839999999998,0.0,0.0,0.0,0.09559,0.0,0.0,0.35431,0.0,0.0,0.0,0.0,0.0028,0.0,0.33485999999999994,0.0,0.0,0.00271,0.0,0.0,0.0016600000000000002,4.71673,0.0,0.0,0.0,0.0
MH0036,0.0,0.11284,0.0,0.04446,0.01744,0.00598,0.039040000000000005,0.0,39.82574999999999,0.0,0.0,0.0,0.0,0.0,0.02418,0.0,0.0,0.01335,45.45085999999999,0.01434,2.0658200000000004,12.12134,0.0,0.0,0.0,0.03257,0.0,0.0,0.14797,0.0,0.0,0.0,0.0,0.07658,0.0,0.0,0.00124,0.0,0.0,0.0,0.0,0.0,0.006220000000000001,0.0,0.0,0.0,0.0
MH0037,0.0,0.0,0.0,0.00725,0.03486,0.046110000000000005,0.38284000000000007,0.0,45.93336,0.0,0.0033399999999999997,0.0,0.0,0.0,0.04732,0.0,0.0,0.12265000000000001,30.362949999999998,0.0,0.04519,15.132920000000002,0.0,0.0,0.0,1.32393,0.0,0.0,0.0,0.0,0.0,0.0,0.0,0.32821999999999996,0.0,0.05221,0.0,0.0,0.0,0.0,0.0,0.0,6.17625,0.0,0.00057,0.0,0.0
MH0038,0.0,0.0,0.0,0.018609999999999998,0.0,0.80589,0.09908,0.0,43.30100999999999,0.02037,0.03845,0.0,0.0,0.0,0.02698,0.0,0.0,0.04017,54.00292,0.0,0.11512999999999998,0.43426000000000003,0.0,0.0,0.0,0.65591,0.016130000000000002,0.0,0.11785999999999999,0.0,0.0,0.0,0.0,0.0117,0.0,0.28914,0.0,0.0,0.0,0.0,0.0,0.00343,0.003,0.0,0.0,0.0,0.0
MH0039,0.0,0.00727,0.0,0.0231,0.014819999999999998,0.7601500000000001,0.38812,0.0,59.39051,0.11379,0.0,0.0,0.0,0.0,0.02512,0.0,0.0,0.0057,32.359579999999994,0.0,1.10232,3.29416,0.0,0.0,0.0,2.0528899999999997,0.0,0.0,0.22013,0.0,0.0,0.0,0.0,0.0,0.0,0.0,0.0,0.00847,0.0,0.0,0.0,0.0,0.23388,0.0,0.0,0.0,0.0
MH0040,0.0,0.0,0.0,0.0139,0.0,0.59405,0.2286,0.0,43.02796,0.01141,0.0,0.0,0.0,0.0,0.10584,0.0,0.0,0.30901000000000006,45.61037,0.0,0.0526,9.24646,0.0,0.0,0.0,0.0418,0.0,0.0,0.0,0.0,0.0,0.0,0.0,0.0,0.0,0.04032,0.0,0.0,0.0,0.0,0.0,0.0,0.7177,0.0,0.0,0.0,0.0
MH0041,0.0,0.0,0.0,0.01209,0.0036899999999999997,7.9530199999999995,1.44406,0.0,35.47876000000001,0.0,0.0,0.0,0.0,0.0,0.00657,0.0,0.0,0.35889,40.45553,0.0,1.47095,10.109210000000001,0.0,0.0,0.0,1.4806000000000001,0.0,0.0,0.93731,0.0,0.0,0.0,0.0,0.09699999999999999,0.0,0.06378,0.0,0.0,0.0,0.0,0.0,0.0,0.12853,0.0,0.0,0.0,0.0
MH0042,0.0,0.19762000000000002,0.0045,0.00575,0.017079999999999998,4.647460000000001,0.2969,0.0,32.569449999999996,0.0,0.02029,0.0013800000000000002,0.0,0.0,0.07503,0.0,0.0,0.00075,57.10943,0.0,0.10807,3.2946799999999996,0.0,0.0,0.0,0.35583000000000004,0.0,0.0,0.16879,0.0,0.0,0.0,0.0,0.0119,0.0,0.1414,0.0,0.0,0.0,0.0,0.0,0.0,0.9737,0.0,0.0,0.0,0.0
MH0043,0.0,0.0,0.0,0.01445,0.00259,0.78668,0.10412,0.0,45.806160000000006,0.015369999999999998,0.0,0.00035,0.0,0.0,0.0576,0.0,0.00414,0.02382,46.747460000000004,0.0,0.02364,4.29568,0.0,0.0,0.0,0.44079,0.0,0.0,0.25701,0.0,0.0,0.0,0.0,0.0227,0.0,0.27677,0.0,0.0,0.0,0.0,0.0,0.0,1.12063,0.0,0.0,0.0,0.0
MH0044,0.0,0.0,0.0,0.00662,0.0,0.68988,0.11860000000000001,0.0,24.638769999999994,0.0074,0.00911,0.0,0.0,0.0,0.0196,0.0,0.0,0.01644,69.93565,0.0,0.03511,4.21572,0.0,0.00395,0.0,0.07239000000000001,0.0,0.0,0.20385999999999999,0.0,0.0,0.0,0.0,0.017,0.0,0.0,0.0,0.0,0.0,0.0,0.0,0.0,0.0077599999999999995,0.0,0.00215,0.0,0.0
MH0046,0.0,0.0,0.0,0.00848,0.0,0.0,0.24671,0.0,47.659239999999976,0.02785,0.04415,0.0,0.0,0.0,0.00922,0.0,0.0,0.05784,42.09233000000001,0.0,0.85734,6.1653400000000005,0.0,0.0,0.0,1.3522500000000002,0.08821,0.0,1.05049,0.0,0.21961999999999998,0.0,0.0,0.0,0.0,0.0,0.0,0.012440000000000001,0.0,0.0,0.0,0.0,0.0959,0.0,0.01261,0.0,0.0
MH0047,0.0,0.0,0.0,0.0,0.0,0.78375,0.10119000000000002,0.0,58.237829999999995,0.02157,0.0,0.0,0.0,0.0,0.0,0.0,0.0,0.09639000000000002,35.175790000000006,0.0,1.55187,3.38358,0.0,0.0,0.0,0.17741,0.0,0.0,0.41901,0.0,0.0,0.0,0.0,0.05159,0.0,0.0,0.0,0.0,0.0,0.0,0.0,0.0,0.0,0.0,0.0,0.0,0.0
MH0048,0.0,0.0,0.0,0.0,0.0,1.7883600000000002,0.5698500000000001,0.0,35.88745999999999,0.0,0.0,0.0,0.0,0.0,0.01143,0.0,0.0,0.04463,57.95529,0.0,0.77309,0.2976,0.0,0.0,0.0,0.11903,0.0,0.0,0.8346,0.0,0.0,0.0,0.0,0.0,0.0,0.0,0.0,0.0,0.02607,0.0,0.0,0.0,1.69259,0.0,0.0,0.0,0.0
MH0049,0.0,0.0,0.0,0.0,0.0,0.36228,0.20111,0.0,53.553979999999996,0.0,0.0,0.0,0.0,0.0,0.0,0.0,0.0,0.024329999999999997,24.864810000000002,0.0,0.01547,17.296580000000002,0.0,0.0,0.0,3.46221,0.0,0.0,0.1961,0.0,0.0,0.0,0.0,0.0,0.0,0.0056700000000000006,0.0,0.01745,0.0,0.0,0.0,0.0,0.0,0.0,0.0,0.0,0.0
MH0051,0.0,0.07591,0.0,0.00872,0.0,0.11715,0.0,0.0,42.081559999999996,0.01432,0.02281,0.0,0.0,0.0,0.00949,0.0,0.0,0.0182,50.954040000000006,0.0,1.2640099999999999,4.137359999999999,0.0,0.0,0.0,0.9801300000000001,0.0,0.0,0.28115,0.0,0.0,0.0,0.0,0.00417,0.0,0.0,0.0,0.0,0.0,0.0,0.0,0.0,0.031,0.0,0.0,0.0,0.0
MH0052,0.0,0.16507,0.0,0.01153,0.0,0.33643,0.13387000000000002,0.0,23.03968,0.0,0.0,0.0,0.0,0.0,0.0,0.0,0.0,0.3191,65.7476,0.0,0.05724,6.949529999999999,0.0,0.0,0.0,1.8242,0.0,0.0,1.11166,0.0,0.0,0.0,0.0,0.24995,0.0,0.05412,0.0,0.0,0.0,0.0,0.0,0.0,0.0,0.0,0.0,0.0,0.0
MH0053,0.0,0.29591999999999996,0.0,0.0,0.0,2.2017100000000003,1.06003,0.0,11.040639999999998,0.0,0.0,0.0,0.0,0.0,0.0085,0.0,0.0,0.22785,77.17610000000002,0.0,3.3014499999999996,4.05734,0.0,0.0,0.0,0.35102,0.0,0.0,0.20995,0.0,0.0,0.0,0.0,0.03961,0.0,0.01845,0.0,0.0,0.0,0.0,0.0,0.0,0.0,0.0,0.01138,0.0,0.0
MH0054,0.0,0.10813,0.0,0.01178,0.0,1.6357700000000002,0.17533000000000004,0.0,25.796699999999998,0.00967,0.0,0.0,0.0,0.0,0.03843,0.0,0.0,0.01828,56.880030000000005,0.0,0.21253000000000002,2.0164400000000002,0.0,0.0,0.0,2.8347,0.0,0.0,0.0,0.0,0.0,0.0,0.0,0.98345,0.0,0.01962,0.0,0.00864,0.0,0.0,0.0,0.0,9.25053,0.0,0.0,0.0,0.0
MH0055,0.0,0.0,0.0,0.0,0.00343,0.617,0.43935,0.0,45.98759000000002,0.0,0.024659999999999998,0.0,0.0,0.0,0.01896,0.0,0.0,0.1555,44.7427,0.0,0.6089600000000001,5.07922,0.0,0.0,0.0,1.84504,0.09068,0.0,0.03162,0.0,0.0193,0.0,0.0,0.0,0.0,0.33596,0.0,0.0,0.0,0.0,0.0,0.0,0.0,0.0,0.0,0.0,0.0
MH0057,0.0,0.0,0.0,0.0,0.0,0.16244,0.21203000000000002,0.0,58.6484,0.20346000000000003,0.0184,0.0,0.0,0.0,0.0478,0.0,0.0,0.006999999999999999,23.10029,0.0,0.38761,14.213600000000003,0.0,0.0,0.0,2.25746,0.0,0.0,0.6390999999999999,0.0,0.0,0.0,0.0,0.0,0.0,0.0,0.0,0.00921,0.0,0.0,0.0,0.0,0.09321,0.0,0.0,0.0,0.0
MH0058,0.0,0.04619,0.0,0.0,0.0,0.46999,0.34756,0.0,48.072430000000004,0.049960000000000004,0.0,0.0,0.00421,0.0,0.02758,0.0,0.0009199999999999999,0.32157,42.398390000000006,0.010579999999999999,0.06031999999999999,3.1246500000000004,0.0,0.0,0.0,3.24329,0.0,0.0,0.39462,0.0,0.0,0.0,0.0,0.27851,0.0,0.0,0.0,0.0,0.0,0.0,0.0,0.0,1.14845,0.0,0.00078,0.0,0.0
MH0059,0.0,0.00352,0.0,0.0,0.0,1.81086,0.6105799999999999,0.0,30.8463,0.0,0.00271,0.0,0.0,0.0,0.00636,0.0,0.0,0.051210000000000006,56.82760000000001,0.0,2.0131200000000002,3.728119999999999,0.0,0.01234,0.0,1.8920400000000002,0.0,0.0,0.0283,0.0,0.0,0.0,0.0,0.41353,0.0,0.00804,0.0,0.008579999999999999,0.0,0.0,0.0,0.0,1.7367599999999999,0.0,0.0,0.0,0.0
MH0060,0.0,0.6451699999999999,0.00743,0.0,0.0,0.91705,0.14734000000000003,0.0,20.459180000000003,0.0,0.0,0.0,0.0,0.0,0.03096,0.0,0.0,0.01038,54.512460000000004,0.0,1.35282,4.782579999999999,0.0,0.0,0.0,0.80207,0.0,0.0,0.19204,0.0,0.0,0.0,0.0,0.06262000000000001,0.0,0.00237,0.0,0.0,0.0,0.0,0.0,0.0,16.07554,0.0,0.0,0.0,0.0
MH0061,0.0,0.0,0.0,0.01553,0.0033200000000000005,0.0,0.08327000000000001,0.0,72.01382000000001,0.031869999999999996,0.04627,0.0,0.0,0.0,0.016890000000000002,0.0,0.0,0.04224,19.472880000000004,0.0,0.09252,6.845649999999999,0.00271,0.0,0.0,0.0,0.0,0.0,0.33421999999999996,0.0,0.0,0.0,0.0,0.25255,0.0,0.74627,0.0,0.0,0.0,0.0,0.0,0.0,0.0,0.0,0.0,0.0,0.0
MH0062,0.0,0.0,0.0,0.0,0.00955,1.3232800000000002,1.9311099999999999,0.0,28.7605,0.0,0.0,0.0,0.0,0.0,0.00644,0.0,0.0092,0.0030600000000000002,57.48077000000001,0.0,0.18405,6.510069999999999,0.31259,0.0,0.0,2.6735499999999996,0.0,0.0,0.66016,0.0,0.0,0.0,0.0,0.12680999999999998,0.0,0.0,0.0,0.0,0.0,0.0,0.0,0.0,0.0,0.0,0.008870000000000001,0.0,0.0
MH0063,0.0,0.18231999999999998,0.0,0.0,0.0,0.25503000000000003,0.29399000000000003,0.0,37.40232,0.0,0.04033,0.0,0.0,0.0,0.03218,0.0,0.0,0.07302,58.077009999999994,0.0176,0.9863399999999999,1.94188,0.0,0.0,0.0,0.38641,0.0,0.0,0.06357,0.0,0.0,0.0,0.0,0.0,0.0,0.0,0.0,0.0,0.24806,0.0,0.0,0.0,0.0,0.0,0.0,0.0,0.0
MH0064,0.0,0.0,0.0,0.02014,0.0,0.50412,0.14009999999999997,0.0,62.569819999999986,0.00827,0.0,0.0,0.0,0.0,0.02738,0.0,0.0,0.12983,25.528139999999993,0.0,0.01817,9.001159999999999,0.0,0.0,0.0,1.12993,0.0,0.01627,0.22351,0.0,0.0,0.0,0.0,0.0,0.0,0.01754,0.01705,0.007379999999999999,0.0,0.0,0.0,0.0,0.64025,0.0,0.00095,0.0,0.0
MH0066,0.0,0.1683,0.0,0.0,0.0,3.7990500000000003,0.5470099999999999,0.0,45.887710000000006,0.0,0.0,0.0,0.0,0.0,0.047439999999999996,0.0,0.0,0.00571,45.76537,0.0,0.034629999999999994,0.08528999999999999,0.0,0.0,0.0,0.6007899999999999,0.0,0.0,0.5926,0.0,0.0,0.0,0.0,0.02742,0.0,0.00939,0.0,0.0,0.0,0.0,0.0,0.0,2.4293400000000003,0.0,0.0,0.0,0.0
MH0067,0.0,0.0,0.0,0.00527,0.0,0.68824,0.31675,0.0,60.51129,0.0865,0.0,0.0,0.0,0.0,0.00573,0.0,0.0,0.033530000000000004,30.83987,0.0,0.0346,4.5705599999999995,0.0,0.0,0.0,2.48159,0.0,0.0,0.31538,0.0,0.0,0.0,0.0,0.0,0.0,0.0,0.0,0.0,0.0,0.0,0.0,0.0,0.11025,0.0,0.00041,0.0,0.0
MH0069,0.0,0.0,0.0,0.00315,0.0,3.44564,0.31705,0.003,22.98381,0.00517,0.0,0.0,0.0,0.0,0.00685,0.0,0.0,0.0507,72.11219000000001,0.0,0.2873,0.08799000000000001,0.0,0.0,0.0,0.32438,0.0,0.0,0.36212,0.0,0.0,0.0,0.0,0.0,0.0,0.0,0.01067,0.0,0.0,0.0,0.0,0.0,0.0,0.0,0.0,0.0,0.0
MH0070,0.0,0.13291,0.00389,0.0,0.01299,0.52153,0.13581,0.0,33.51696999999999,0.024480000000000002,0.02053,0.0,0.0,0.0,0.02162,0.0,0.0,0.41470999999999997,61.507220000000004,0.0,0.02801,1.77247,0.0,0.0,0.0,1.0981,0.01292,0.0,0.50055,0.0,0.0,0.0,0.0,0.05125,0.0,0.08959,0.0,0.0,0.0,0.0,0.0,0.0,0.13446,0.0,0.0,0.0,0.0
MH0072,0.0,0.0,0.0,0.004379999999999999,0.0,1.0593599999999999,0.2560300000000001,0.0,28.285300000000003,0.10789000000000001,0.09936999999999999,0.0,0.0,0.0,0.028589999999999997,0.0,0.0,0.64385,55.467909999999996,0.0,0.06814,9.649130000000001,0.01709,0.0,0.0,0.21295999999999998,0.0,0.0,0.0,0.0,0.0,0.0,0.0,0.07175,0.0,4.028230000000001,0.0,0.0,0.0,0.0,0.0,0.0,0.0,0.0,0.0,0.0,0.0
MH0073,0.0,0.0,0.0,0.0,0.00161,0.6329899999999999,0.48636999999999997,0.0,39.10967000000001,0.09592,0.03827,0.0,0.0,0.0,0.0,0.0,0.0,0.93661,42.41243,0.0,0.8818400000000001,9.157090000000002,0.015040000000000001,0.0,0.01085,2.1766400000000004,0.08545,0.0,0.05284,0.00298,0.0,0.0,0.0,0.08262,0.0,3.774640000000001,0.01237,0.00535,0.0,0.0,0.0,0.0,0.02307,0.0,0.00528,0.0,0.0
MH0074,0.0,0.0,0.0,0.045919999999999996,0.0,0.58706,0.7165100000000001,0.0,65.07701,0.0,0.00231,0.0,0.0,0.0,0.0111,0.0,0.0,0.03034,23.381319999999995,0.0,0.28218999999999994,7.50164,0.0,0.0,0.0,2.19684,0.0,0.0,0.0,0.0,0.0,0.0,0.0,0.1236,0.0,0.0,0.0,0.0,0.0,0.0,0.0,0.0,0.04413,0.0,0.0,0.0,0.0
MH0075,0.0,0.14825000000000002,0.0,0.0,0.0,0.88266,0.15815,0.0,26.01542,0.007640000000000001,0.0,0.0,0.0,0.0,0.02531,0.0,0.0,0.01658,69.19038,0.0,0.04045,0.77797,0.0,0.0,0.0,1.9596099999999996,0.0,0.0,0.06470000000000001,0.0,0.0,0.0,0.0,0.19589,0.0,0.014719999999999999,0.00945,0.01365,0.0,0.0,0.0,0.0,0.47917,0.0,0.0,0.0,0.0
MH0076,0.0,0.0,0.0,0.0,0.0,0.45325000000000004,0.46513000000000004,0.0,50.253879999999995,0.01871,0.0,0.0,0.0,0.0,0.0,0.0,0.0,1.11006,46.97165999999999,0.0,0.05329,0.14107999999999998,0.0,0.0,0.0,0.23265999999999998,0.0,0.0,0.030789999999999998,0.036610000000000004,0.0,0.0,0.0,0.12419,0.0,0.0771,0.0,0.0,0.0,0.0,0.0,0.0,0.031560000000000005,0.0,0.0,0.0,0.0
MH0077,0.0,0.051660000000000005,0.0,0.00656,0.0,0.85674,0.039349999999999996,0.0,37.27212,0.0,0.01097,0.0,0.007409999999999999,0.0,0.01941,0.0,0.0,0.12931,51.253009999999996,0.0,0.39468000000000003,8.34779,0.0,0.0,0.0,1.4615099999999999,0.0,0.0,0.12830999999999998,0.0,0.0,0.0,0.0,0.0,0.0,0.01463,0.0,0.006540000000000001,0.0,0.0,0.0,0.0,0.0,0.0,0.0,0.0,0.0
MH0078,0.0,0.021900000000000003,0.0,0.0,0.0,0.25475000000000003,0.07915,0.0,60.62174000000001,0.0,0.0,0.0,0.0,0.0,0.0,0.0,0.0,0.94686,29.41566,0.0,1.10093,5.95115,0.0,0.0,0.0,0.67677,0.0,0.0,0.0,0.0,0.0,0.0,0.0,0.06313,0.0,0.8651700000000001,0.0,0.0,0.0,0.0,0.0,0.0,0.0,0.0,0.0028,0.0,0.0
MH0079,0.0,1.9360700000000002,0.0,0.0,0.0058200000000000005,0.00299,0.19460999999999998,0.0,43.82104000000001,0.0,0.0,0.0,0.0,0.0,0.0,0.0,0.0,0.0,47.84138,0.0,0.40714,0.06858,0.0,0.0,0.0,0.31616,0.0,0.0,0.54904,0.0,0.0,0.0,0.0,4.8560300000000005,0.0,0.00115,0.0,0.0,0.0,0.0,0.0,0.0,0.0,0.0,0.0,0.0,0.0
MH0080,0.0,0.0,0.0,0.00838,0.00451,0.0,0.18255999999999997,0.0,39.675819999999995,0.0,0.0,0.0,0.0,0.0,0.00911,0.0,0.0,0.05650000000000001,56.376180000000005,0.0,0.23604,2.8402800000000004,0.0,0.0,0.0,0.31003,0.0,0.01353,0.18445,0.0,0.0,0.0,0.0,0.0,0.0,0.00398,0.014180000000000002,0.0,0.0,0.0,0.0,0.0,0.08444,0.0,0.0,0.0,0.0
MH0081,0.0,0.32971,0.00511,0.01305,0.0,0.47458,0.16925,0.0,49.544399999999996,0.01072,0.0,0.0,0.0,0.0,0.0213,0.0,0.0,0.004790000000000001,38.33753,0.0,1.8259400000000003,7.254230000000001,0.00372,0.0,0.0,1.4491999999999998,0.0,0.0,0.45221,0.0,0.0,0.0,0.01466,0.02019,0.0,0.01289,0.0,0.0,0.0,0.0,0.0,0.0,0.05629,0.0,0.00025,0.0,0.0
MH0082,0.0,0.18194,0.0,0.0,0.01122,0.50453,0.19302999999999998,0.0,20.293309999999995,0.0,0.010740000000000001,0.0,0.0,0.0,0.01427,0.0,0.0,0.19421,74.55555999999999,0.00912,1.3564500000000002,1.5213199999999998,0.0,0.0,0.0,0.6648999999999999,0.01137,0.0,0.24441999999999997,0.0,0.0,0.0,0.0,0.12814,0.0,0.008490000000000001,0.01481,0.0,0.0,0.0,0.0,0.0,0.08215,0.0,0.0,0.0,0.0
MH0083,0.0,0.0,0.0,0.0404,0.0,1.5229400000000002,0.44820000000000004,0.0,40.172990000000006,0.00948,0.0,0.0,0.0,0.0,0.01883,0.0,0.0,0.23668999999999998,37.166669999999996,0.0,1.2495200000000002,16.691289999999995,0.0,0.0,0.01715,1.32561,0.0,0.0,0.76331,0.0008300000000000001,0.0,0.0,0.0,0.02176,0.0,0.0,0.019540000000000002,0.0,0.0,0.0,0.0,0.0,0.2948,0.0,0.0,0.0,0.0
MH0084,0.0,0.0,0.0,0.0,0.0,0.07321,0.062020000000000006,0.0,81.29383,0.02928,0.01677,0.0,0.015059999999999999,0.0,0.0,0.0,0.0,0.01257,11.447960000000002,0.0,0.29418,5.26175,0.0,0.0,0.0,1.31823,0.0,0.0,0.01348,0.0,0.138,0.0,0.0,0.0,0.00321,0.0,0.0,0.0,0.0,0.0,0.0,0.0,0.02045,0.0,0.0,0.0,0.0
MH0085,0.0,0.0,0.0,0.0,0.0,0.2667,0.55813,0.0,62.21220999999999,0.02052,0.027999999999999997,0.0,0.00346,0.0,0.004529999999999999,0.0,0.0,0.02345,34.42087000000001,0.0,0.017759999999999998,0.05924,0.0,0.0,0.0,1.8982199999999998,0.0,0.0,0.43759000000000003,0.0,0.0,0.0,0.0,0.02357,0.0,0.0195,0.0,0.0,0.0,0.0,0.0,0.0,0.0,0.0,0.00621,0.0,0.0
MH0086,0.0,0.0,0.0,0.0,0.02424,6.328340000000001,2.7823599999999997,0.0,15.32044,0.00606,0.007859999999999999,0.0,0.0,0.0,0.03615,0.0,0.0,2.59857,69.87361000000001,0.0,0.40064,0.18389,0.0,0.0,0.0,0.30092,0.0,0.0,0.64437,0.0,0.0,0.0,0.0,0.73639,0.0,0.59558,0.0,0.0,0.0,0.0,0.0,0.0,0.16058,0.0,0.0,0.0,0.0
MH0087,0.0,0.0,0.0,0.0,0.0,0.6733399999999999,0.01642,0.0,80.81483,0.020640000000000002,0.01036,0.0,0.0,0.0,0.0,0.0,0.0,0.24975,5.898020000000002,0.0,0.026940000000000002,9.698030000000001,0.0,0.0,0.0,0.00624,0.0,0.0,0.0,0.0,0.0,0.0,0.0,0.35950000000000004,0.0,0.00524,0.0,0.0,0.0,0.0,0.0,0.0,2.2206799999999998,0.0,0.0,0.0,0.0
MH0088,0.0,0.0,0.0,0.0,0.0,0.42574,0.58919,0.0,27.045889999999996,0.01187,0.00673,0.00026000000000000003,0.0,0.0,0.0039299999999999995,0.0,0.00124,0.02414,68.5685,0.0,0.91014,1.91812,0.0005200000000000001,0.0,0.0,0.0716,0.0,0.0,0.12849,0.0,0.0,0.0,0.0,0.16118,0.0,0.0,0.0,0.0,0.0,0.0,0.0,0.0,0.13247,0.0,0.0,0.0,0.0
MH0089,0.0,0.0,0.0,0.01278,0.0,2.2328000000000006,0.36946999999999997,0.0,50.555589999999995,0.0,0.0,0.0,0.0,0.0,0.0,0.0,0.0,0.014180000000000002,42.61983000000001,0.0,0.6507799999999999,0.04067,0.0,0.0,0.01898,0.7706799999999999,0.0,0.0,0.68214,0.0,0.0,0.0,0.0,0.13253,0.0,0.00494,0.0,0.0,0.0,0.0,0.0,0.0,1.89458,0.0,0.0,0.0,0.0
MH0091,0.0,0.0,0.0,0.00519,0.0,0.04028,0.16289000000000003,0.0,59.04751,0.0,0.0,0.0,0.0,0.0,0.0113,0.0,0.0,0.0298,32.21624,0.0,0.306,4.865010000000001,0.0,0.0,0.0,1.65266,0.0,0.0,0.67963,0.0,0.0,0.0,0.0,0.9582,0.0,0.00042,0.0,0.0,0.0,0.0,0.0,0.0,0.0249,0.0,0.0,0.0,0.0
MH0092,0.0,0.0,0.0,0.00402,0.0,0.8484799999999999,0.49792999999999993,0.0,40.92603000000001,0.0,0.0,0.0,0.0,0.0,0.01312,0.0,0.0,0.00359,51.11022,0.0,0.33807,3.6752000000000002,0.0,0.0,0.0,1.8076799999999997,0.0,0.0,0.60326,0.0,0.0,0.0,0.0,0.00758,0.0,0.0,0.0,0.0,0.0,0.0,0.0,0.0,0.16482,0.0,0.0,0.0,0.0
MH0093,0.0,0.0,0.0,0.0,0.0,0.03926,0.07544,0.0,44.65535,0.0,0.0,0.0,0.0,0.0,0.0,0.0,0.0,0.007890000000000001,17.23213,0.0,0.6173599999999999,0.04589,0.0,0.0,0.0,0.06366,0.0,0.0,0.006809999999999999,0.0,0.0,0.0,0.0,37.129369999999994,0.0,0.0,0.0,0.0,0.12683,0.0,0.0,0.0,0.0,0.0,0.0,0.0,0.0
MH0094,0.0,0.0,0.0,0.0,0.0,0.06402000000000001,0.058699999999999995,0.0,69.56603000000001,0.0,0.0,0.0,0.0,0.0,0.00621,0.0,0.0,0.10837,20.61572,0.0,0.85455,7.0229599999999985,0.0,0.0,0.0,0.74647,0.0,0.0,0.8951899999999999,0.0,0.0,0.0,0.0,0.005379999999999999,0.0,0.05567999999999999,0.0,0.0,0.0,0.0,0.0,0.0,0.0007599999999999999,0.0,0.0,0.0,0.0
MH0095,0.0,0.0,0.0,0.0,0.0,0.27911,0.10359,0.0,39.407300000000006,0.01187,0.0,0.0,0.0,0.0,0.0,0.0,0.0,0.24745,49.39385000000001,0.0,0.09185,0.02996,0.0,0.0,0.0,1.45514,0.0,0.0,1.1024600000000002,0.0,0.0,0.0,0.0,7.75968,0.0,0.0,0.0,0.0,0.0,0.0,0.0,0.0,0.11772,0.0,0.0,0.0,0.0
MH0096,0.00924,0.73907,0.0,0.0,0.00093,0.05126,0.07865,0.0,31.42915,0.00873,0.0,0.0,0.0,0.0,0.010020000000000001,0.0,0.0,0.11116999999999999,58.98445999999999,0.0,1.67355,5.844429999999999,0.0,0.0,0.0,0.14396,0.0,0.0,0.03542,0.0,0.0,0.0,0.0,0.0,0.0,0.26052000000000003,0.0,0.0,0.24169000000000002,0.0,0.0,0.0,0.37773,0.0,0.0,0.0,0.0
MH0097,0.0,0.7733,0.0,0.00908,0.0,0.48286,0.17941000000000001,0.0,42.61072,0.0,0.0,0.0,0.0,0.0,0.00987,0.0,0.0,0.039049999999999994,29.64648,0.0,0.37848,10.403609999999999,0.0,0.0,0.0,1.2315200000000002,0.0,0.0,0.6474599999999999,0.0,0.0,0.0,0.0,12.56015,0.0,0.0,0.0,0.0,0.0,0.0,0.0,0.0,1.02799,0.0,0.0,0.0,0.0
MH0098,0.0,0.03771,0.0,0.0,0.0,0.52257,0.15167000000000003,0.0,38.90257,0.0,0.0,0.0,0.0,0.0,0.01123,0.0,0.0,0.05413,55.18075,0.0,4.58453,0.08604,0.0,0.0,0.0,0.41548999999999997,0.0,0.0,0.02759,0.0,0.0,0.0,0.0,0.0,0.0,0.02575,0.0,0.0,0.0,0.0,0.0,0.0,0.0,0.0,0.0,0.0,0.0
MH0099,0.0,0.0,0.0,0.00533,0.0,1.25343,0.12063,0.0,39.06177,0.0,0.0,0.0,0.0,0.0,0.011590000000000001,0.0,0.0,0.11611000000000002,57.91971,0.0,0.057289999999999994,0.15538,0.0,0.0,0.0,0.12829,0.0,0.0,0.29796,0.0,0.0,0.0,0.0,0.00502,0.0,0.16219,0.0,0.0,0.0,0.0,0.0,0.0,0.7053,0.0,0.0,0.0,0.0
MH0100,0.0,1.1183599999999998,0.0,0.01341,0.00101,1.45716,0.32907,0.0,19.73725,0.0,0.0,0.0,0.0,0.0,0.0,0.0,0.0,0.35557999999999995,66.29143,0.01595,0.6463200000000001,5.014259999999999,0.0,0.0,0.0,0.46138,0.0,0.0,0.33947,0.0,0.0,0.0,0.015059999999999999,0.0,0.0,0.20222,0.0,0.0,0.0,0.0,0.0,0.0,4.0021,0.0,0.0,0.0,0.0
MH0101,0.0,0.0,0.0,0.0,0.0,1.61679,0.21558,0.0,22.721819999999997,0.0,0.0,0.01414,0.0,0.0,0.01706,0.0,0.0,0.17510000000000003,72.24566,0.0,1.46373,0.74863,0.0,0.0,0.0,0.16287,0.0,0.0,0.1302,0.0,0.0,0.0,0.0,0.48838000000000004,0.0,0.0,0.0,0.0,0.0,0.0,0.0,0.0,0.0,0.0,0.0,0.0,0.0
MH0102,0.0,0.53685,0.0,0.0,0.0,2.5966,0.48035,0.0,35.918139999999994,0.0,0.0,0.0,0.0,0.0,0.01567,0.0,0.0,0.33157000000000003,49.40183,0.0,5.29799,2.9822599999999997,0.0,0.0,0.0,0.97265,0.0,0.0,0.44102,0.00659,0.0,0.0,0.0,0.18042,0.0,0.0,0.0,0.0,0.0,0.0,0.0,0.0,0.8380700000000001,0.0,0.0,0.0,0.0
MH0103,0.0,0.0,0.0,0.0,0.0,0.40644,0.20242,0.0,59.14546999999999,0.0,0.0,0.0,0.0,0.0,0.0,0.0,0.00126,0.06858,35.4112,0.0,0.06509,3.87046,0.0,0.0,0.0,0.6211599999999999,0.0,0.0,0.12564999999999998,0.0,0.0,0.0,0.0,0.0,0.0,0.0,0.0,0.0,0.0,0.0,0.0,0.0,0.08223,0.0,0.0,0.0,0.0
MH0105,0.0,0.0,0.0,0.01847,0.0,0.26799,0.13108,0.0,66.46449000000001,0.0,0.0,0.0,0.0,0.0,0.0,0.0,0.0,0.24570999999999998,27.282000000000004,0.0,0.20465000000000003,4.92402,0.0,0.0,0.0,0.37369,0.012,0.0,0.05181000000000001,0.0,0.0,0.0,0.0,0.024059999999999998,0.0,0.0,0.0,0.0,0.0,0.0,0.0,0.0,0.0,0.0,0.0,0.0,0.0
MH0106,0.0,0.0,0.0,0.0,0.0,0.26982,0.12230999999999999,0.0,66.30932,0.0,0.0,0.0,0.0,0.0,0.0,0.0,0.0,0.020110000000000003,23.265459999999997,0.0,0.01956,7.561710000000001,0.0,0.0,0.0,0.64213,0.0,0.0,0.5208200000000001,0.0,0.0,0.0,0.0,0.28445,0.0,0.0,0.0,0.0,0.0,0.0,0.0,0.0,0.97882,0.0,0.0055,0.0,0.0
MH0107,0.0,1.1411799999999999,0.0,0.0,0.0,1.1690399999999999,0.09328,0.0,13.1595,0.0,0.0,0.0,0.0,0.0,0.00555,0.0,0.0,0.3481099999999999,75.49791000000002,0.0,0.04978,6.51097,0.0,0.0,0.0,0.82121,0.0,0.0,0.08062999999999998,0.0,0.0,0.0,0.0,0.0,0.0,0.06131,0.0,0.0,0.0,0.0,0.0,0.0,1.06149,0.0,0.0,0.0,0.0
MH0108,0.0,0.0,0.0,0.0,0.0,0.13162000000000001,0.45047,0.0,75.86929,0.0,0.0,0.0,0.0,0.0,0.0,0.0,0.0,0.0,9.68624,0.0,0.39865,8.357879999999998,0.0,0.0,0.0,4.50407,0.0,0.0,0.6005299999999999,0.0,0.0,0.0,0.0,0.00125,0.0,0.0,0.0,0.0,0.0,0.0,0.0,0.0,0.0,0.0,0.0,0.0,0.0
MH0110,0.0,0.0,0.0,0.0,0.0,0.2228,0.1188,0.0,56.80838000000001,0.0,0.0,0.0,0.0,0.0,0.01105,0.0,0.0,0.05635,25.57542,0.0,0.11648,13.41299,0.0,0.0,0.0,2.63233,0.0,0.0,0.0,0.0,0.0,0.0,0.0,0.0,0.0,0.0,0.0,0.00745,0.0,0.0,0.0,0.0,1.03796,0.0,0.0,0.0,0.0
MH0111,0.0,0.0,0.0,0.0,0.0024000000000000002,0.88248,0.33672,0.0,22.66638,0.0,0.0,0.0,0.0,0.0,0.0,0.0,0.00468,0.6153000000000001,68.12312999999999,0.0,0.54365,5.231120000000001,0.0,0.0,0.0,0.28908999999999996,0.0,0.0,0.0,0.0,0.0,0.0,0.0,0.0,0.0,1.0478,0.0,0.0,0.0,0.0,0.0,0.0,0.17024,0.0,0.0,0.0,0.08699
MH0113,0.0,0.01347,0.0,0.006520000000000001,0.00098,0.05361,0.02653,0.0,36.26805000000001,0.0,0.0,0.0,0.0,0.0,0.007090000000000001,0.0,0.0,0.021330000000000002,62.64263000000001,0.0,0.23861,0.08937,0.0,0.0,0.0,0.22023,0.0,0.0,0.39203,0.0,0.0,0.0,0.0,0.0,0.0,0.019540000000000002,0.0,0.0,0.0,0.0,0.0,0.0,0.0,0.0,0.0,0.0,0.0
MH0114,0.0,0.0,0.0,0.0,0.0,0.51261,0.18871,0.0,65.57578000000001,0.0,0.0,0.0,0.0,0.0,0.00446,0.0,0.0,0.06429,23.74234,0.0,0.2806,7.960170000000001,0.0,0.0,0.0,1.4887599999999999,0.0,0.0,0.13524,0.0,0.0,0.0,0.0,0.00773,0.0,0.03935,0.0,0.0,0.0,0.0,0.0,0.0,0.0,0.0,0.0,0.0,0.0
MH0115,0.0,2.5028099999999998,0.0,0.00787,0.011770000000000001,4.73721,0.25703999999999994,0.0,35.97026000000001,0.0,0.0,0.0,0.0,0.0,0.01711,0.0,0.0,1.93102,50.31352,0.0,0.00317,2.1183799999999997,0.0,0.0,0.0,0.01381,0.0,0.0,0.177,0.0,0.0,0.0,0.0,0.014840000000000002,0.0,1.9242100000000004,0.0,0.0,0.0,0.0,0.0,0.0,0.0,0.0,0.0,0.0,0.0
MH0116,0.0,0.47303999999999996,0.0,0.0,0.00394,3.2252199999999998,0.51596,0.0,44.241969999999995,0.0,0.0,0.0,0.0,0.0,0.0,0.0,0.0,2.5557800000000004,44.87376999999999,0.0,0.30674,2.73297,0.0,0.0,0.014190000000000001,0.09007,0.0,0.0,0.01145,0.0,0.0,0.0,0.0,0.01969,0.0,0.05177999999999999,0.0,0.0,0.0,0.0,0.0,0.0,0.8834700000000001,0.0,0.0,0.0,0.0
MH0117,0.0,1.05577,0.0,0.0,0.00595,0.5907100000000001,0.24453999999999998,0.0,24.587250000000004,0.0,0.0,0.0,0.0,0.0,0.0,0.0,0.0,0.32427999999999996,44.366260000000004,0.0,3.9465700000000004,11.022279999999999,0.0,0.0,0.0,1.08713,0.0,0.0,0.16461,0.0,0.0,0.0,0.0,0.29733000000000004,0.0,0.31407,0.0,0.0,0.0,0.0,0.0,0.0,11.99325,0.0,0.0,0.0,0.0
MH0118,0.0,0.0,0.0,0.0,0.0,2.8304099999999996,0.77489,0.0,14.36566,0.0,0.0,0.01012,0.0,0.0,0.006840000000000001,0.0,0.0,0.01493,49.32645,0.0,0.08135,32.13862,0.0,0.0,0.0,0.14792000000000002,0.01636,0.0,0.26897,0.0,0.0,0.0,0.0,0.0,0.0,0.0,0.0,0.00922,0.0,0.0,0.0,0.0,0.0,0.0,0.00823,0.0,0.0
MH0119,0.0,0.0,0.0,0.0034700000000000004,0.0,0.41911,0.28467000000000003,0.0,79.93704999999999,0.0,0.0,0.0,0.0,0.0,0.0037700000000000003,0.0,0.0,0.0,13.741609999999998,0.0,0.9559,0.01637,0.0,0.0,0.0,2.91476,0.0,0.0,0.28264,0.0,0.0,0.0,0.0,0.0,0.0,0.0,0.0,0.00509,0.0,0.0,0.0,0.0,1.4355799999999999,0.0,0.0,0.0,0.0
MH0120,0.0,0.3091,0.0,0.0,0.0,0.13115,0.29052,0.0,68.41884999999998,0.0,0.0,0.0,0.0,0.0,0.00812,0.0,0.0,0.10919,25.246419999999997,0.0,1.93348,2.4754599999999995,0.0,0.0,0.0,0.8960500000000001,0.0,0.0,0.02314,0.0,0.0,0.0,0.0,0.05712999999999999,0.0,0.01319,0.0,0.0,0.0,0.0,0.0,0.0,0.0882,0.0,0.0,0.0,0.0
MH0121,0.0,0.0,0.0,0.0,0.0,0.06666,0.11252999999999999,0.0,40.351929999999996,0.0,0.0,0.0,0.0,0.0,0.0,0.0,0.0,0.01085,24.696979999999996,0.0,0.42721999999999993,0.014620000000000001,0.0,0.0,0.0,1.2100899999999999,0.0,0.0,0.02675,0.00329,0.0,0.0,0.0,33.07907,0.0,0.0,0.0,0.0,0.0,0.0,0.0,0.0,0.0,0.0,0.0,0.0,0.0
MH0122,0.0,0.0,0.0,0.0,0.0,1.71534,0.30441,0.0,34.36005,0.0,0.0,0.0,0.0,0.0,0.0,0.0,0.001,0.36777,53.546389999999995,0.0,0.23575,5.967650000000001,0.0,0.0,0.0,1.6983499999999998,0.0,0.0,0.0,0.0,0.0,0.0,0.0,0.0039700000000000004,0.0,1.7540300000000002,0.0,0.0,0.0,0.0,0.0,0.0,0.04532,0.0,0.0,0.0,0.0
MH0123,0.0,0.06141,0.0,0.0,0.0,1.0233,0.15546,0.0,49.44552000000001,0.0,0.0,0.0,0.0,0.0,0.01406,0.0,0.0,0.02474,44.42498,0.0,0.58189,0.035,0.0,0.0,0.0,3.8299600000000003,0.0,0.0,0.382,0.0,0.0,0.0,0.0,0.012190000000000001,0.0,0.0,0.0,0.00948,0.0,0.0,0.0,0.0,0.0,0.0,0.0,0.0,0.0
MH0124,0.0,0.49178,0.0,0.0,0.0,0.28143,0.40270000000000006,0.0,24.50066,0.0,0.0,0.0,0.0,0.0,0.0,0.0,0.0,0.0383,58.38806,0.0,0.5117700000000001,0.06517,0.0,0.0,0.0,0.43343000000000004,0.0,0.0,0.18608,0.0,0.04554,0.0,0.0,1.98055,0.0,0.00884,0.0,0.0,0.0,0.0,0.0,0.0,12.66201,0.0,0.00371,0.0,0.0
MH0125,0.0,0.0,0.0,0.0,0.00558,0.50807,0.30083,0.0,61.75651,0.0,0.0,0.0,0.0042899999999999995,0.0,0.00561,0.0,0.00255,0.11894,35.15161,0.0,0.023469999999999998,0.34196,0.0,0.0,0.0,0.35665,0.0,0.0,0.38864,0.0,0.0,0.0,0.0,0.03977,0.0,0.011309999999999999,0.0,0.0,0.0,0.0,0.0,0.0,0.9841799999999999,0.0,0.0,0.0,0.0
MH0126,0.0,1.67553,0.0,0.0,0.0,0.72429,0.22954000000000002,0.0,9.538989999999998,0.0,0.0,0.0,0.0,0.0,0.0,0.0,0.0,0.01976,71.29126,0.0,2.02833,0.10788000000000002,0.01199,0.0,0.0,0.26941,0.0,0.0,0.03620999999999999,0.00265,0.0,0.0,0.0,0.0336,0.0,0.04487,0.0,0.0,0.0,0.0,0.0,0.0,13.985729999999998,0.0,0.0,0.0,0.0
MH0127,0.0,0.0,0.0,0.0,0.0,0.26195,0.06256,0.0,40.83352000000001,0.0,0.0,0.0,0.0,0.0,0.0,0.0,0.0,0.00268,50.29218,0.0,0.34879,8.03284,0.0,0.0,0.0,0.08911,0.0,0.0,0.0,0.0,0.0,0.0,0.0,0.0,0.0,0.0,0.0,0.0,0.0,0.0,0.0,0.0,0.07637999999999999,0.0,0.0,0.0,0.0
MH0128,0.0,0.0,0.0,0.0,0.0,1.23092,0.82871,0.0,60.63492,0.0,0.015319999999999999,0.0,0.0,0.0,0.0,0.0,0.0,0.0011099999999999999,34.552429999999994,0.0,0.24186999999999997,0.0,0.0,0.0,0.0,1.59653,0.0,0.0,0.0,0.0,0.89818,0.0,0.0,0.0,0.0,0.0,0.0,0.0,0.0,0.0,0.0,0.0,0.0,0.0,0.0,0.0,0.0
MH0130,0.0,0.08104,0.0,0.0,0.0,0.11275999999999999,0.10543000000000001,0.0,59.78740000000001,0.00845,0.0,0.0,0.0,0.0,0.0,0.0,0.0,0.06263,36.38199,0.0,0.6296899999999999,2.44931,0.0,0.0,0.0153,0.061360000000000005,0.0,0.0,0.17603000000000002,0.0,0.0,0.0,0.0,0.0,0.0,0.00126,0.0,0.0,0.02028,0.0,0.0,0.0,0.10708,0.0,0.0,0.0,0.0
MH0131,0.0,5.750540000000001,0.0041,0.0,0.011479999999999999,7.71566,8.334850000000001,0.0,16.760519999999993,0.0,0.0,0.0,0.0,0.0,0.00569,0.0,0.0,0.024220000000000002,54.34554,0.0,2.7636999999999996,0.007670000000000001,0.08295,0.0,0.0,0.31854,0.0,0.0,3.75068,0.0,0.0,0.0,0.0,0.12389000000000001,0.0,0.0,0.0,0.0,0.0,0.0,0.0,0.0,0.0,0.0,0.0,0.0,0.0
MH0132,0.0,4.235299999999999,0.025480000000000003,0.006509999999999999,0.0,2.4428799999999997,0.33394999999999997,0.0,8.870849999999999,0.0,0.0,0.0,0.0,0.0,0.014159999999999999,0.0,0.0,0.056569999999999995,72.52603999999998,0.0,1.0889,9.87551,0.0,0.0,0.0,0.14525000000000002,0.0,0.0,0.16445999999999997,0.02369,0.0,0.0,0.0,0.011000000000000001,0.0,0.01138,0.0,0.0,0.16807,0.0,0.0,0.0,0.0,0.0,0.0,0.0,0.0
MH0133,0.0,0.0,0.0,0.01829,0.0,0.26856,0.29054,0.0,63.07636000000001,0.0,0.0,0.0,0.0,0.0,0.0,0.0,0.0,0.01711,28.266650000000002,0.0,0.0207,5.996790000000001,0.0,0.0,0.0,0.00596,0.0,0.0,0.81642,0.0,0.0,0.0,0.0,1.2226299999999999,0.0,0.0,0.0,0.0,0.0,0.0,0.0,0.0,0.0,0.0,0.0,0.0,0.0
MH0134,0.0,0.0,0.0,0.00575,0.0,1.18503,0.28520000000000006,0.0,39.20710999999999,0.0,0.0,0.0,0.0,0.0,0.0,0.0,0.0,1.5769499999999999,37.75694,0.0,0.07966,17.06887,0.0,0.0,0.0,1.88828,0.0,0.0,0.37406,0.0,0.0,0.0,0.0,0.10403,0.0,0.01139,0.0,0.0,0.0,0.0,0.0,0.0,0.45676000000000005,0.0,0.0,0.0,0.0
MH0135,0.0,0.18805999999999998,0.0,0.00787,0.00652,2.1924799999999998,0.32467,0.0,43.767199999999995,0.0,0.0,0.0,0.0,0.0,0.00856,0.0,0.0,0.5569700000000001,44.08986,0.0,2.3423900000000004,2.1949899999999998,0.0,0.0,0.0,3.0284500000000003,0.0,0.0,0.15177,0.0,0.0,0.0,0.0,0.31905,0.0,0.29144000000000003,0.0,0.0,0.0,0.0,0.0,0.0,0.52973,0.0,0.0,0.0,0.0
MH0136,0.0,0.0,0.0,0.0,0.0,3.4869100000000004,0.3367,0.0,61.23344999999999,0.0,0.0,0.0,0.00448,0.0,0.02345,0.0,0.0,0.024220000000000002,20.67834,0.0,0.013839999999999998,11.28893,0.0,0.0,0.0,2.0399100000000003,0.0,0.0,0.8697900000000001,0.0,0.0,0.0,0.0,0.0,0.0,0.0,0.0,0.0,0.0,0.0,0.0,0.0,0.0,0.0,0.0,0.0,0.0
MH0137,0.0,0.0,0.0,0.0,0.00061,0.30937000000000003,0.26378999999999997,0.0,34.271139999999995,0.0,0.0,0.0,0.0,0.0,0.0,0.0,0.0,0.70312,58.199599999999975,0.0,1.22017,4.2924299999999995,0.0,0.0,0.0,0.46904,0.0,0.0,0.12322999999999998,0.0,0.0,0.0,0.0,0.11464,0.0,0.032869999999999996,0.0,0.0,0.0,0.0,0.0,0.0,0.0,0.0,0.0,0.0,0.0
MH0138,0.0,0.02718,0.0,0.0,0.0,1.50684,0.26096,0.0,71.60302999999999,0.0,0.0,0.0,0.0,0.01462,0.0,0.0,0.0,0.5684499999999999,11.095220000000001,0.0,0.4631,14.32776,0.0,0.0,0.0,0.06007,0.0,0.0,0.01747,0.0,0.05341,0.0,0.0,0.0,0.0,0.0019399999999999999,0.0,0.0,0.0,0.0,0.0,0.0,0.0,0.0,0.0,0.0,0.0
MH0140,0.0,0.0,0.0,0.0,0.0,1.26356,0.33743999999999996,0.0,31.72855000000001,0.0,0.0,0.0,0.0,0.0,0.00489,0.0,0.0,0.02185,62.12297000000003,0.0,0.21759,0.02108,0.0,0.0,0.0,0.90352,0.0,0.0,0.12197,0.0,0.0,0.0,0.0,0.71509,0.0,0.0,0.0,0.0066,0.0,0.0,0.0,0.0,2.5349,0.0,0.0,0.0,0.0
MH0141,0.0,0.0,0.0,0.01234,0.0,0.10201,0.1435,0.0,38.28585,0.0,0.0,0.0,0.00349,0.0,0.0,0.0,0.0,0.24007,50.30032,0.0,1.86396,5.546269999999999,0.0,0.0,0.0,0.7506700000000001,0.0,0.0,0.59301,0.0,0.11592999999999999,0.0,0.0,1.7507,0.0,0.29186999999999996,0.0,0.0,0.0,0.0,0.0,0.0,0.0,0.0,0.0,0.0,0.0
MH0144,0.0,0.0,0.0,0.0,0.00043,0.16851,0.44867000000000007,0.0,63.73803000000001,0.0,0.0,0.0,0.0,0.0,0.0,0.0,0.0,0.36227,33.431499999999986,0.0,0.91474,0.10472,0.0,0.0,0.0,0.49510000000000004,0.0,0.0,0.16436,0.004070000000000001,0.0,0.0,0.0,0.03981,0.0,0.1235,0.0,0.0,0.0,0.0,0.0,0.0,0.0042899999999999995,0.0,0.0,0.0,0.0
MH0147,0.0,0.0,0.0,0.0,0.0,0.95491,1.1935299999999998,0.0,46.57186,0.0,0.0,0.0,0.0,0.0,0.00448,0.0,0.0,0.07468,37.00872,0.0,0.09775,0.05274999999999999,0.0,0.0,0.0,4.03527,0.0,0.0,0.34229,0.0,0.0,0.0,0.0,0.13993,0.0,0.0,0.02792,0.01209,0.0,0.0,0.0,0.0,9.483830000000001,0.0,0.0,0.0,0.0
MH0148,0.0,0.46246000000000004,0.0,0.0,0.0,0.20192,0.31217,0.0,28.017220000000002,0.0,0.0,0.0,0.0,0.0,0.0,0.0,0.0,0.01562,66.22304999999999,0.0,1.35888,0.041780000000000005,0.0,0.0,0.0,1.80105,0.0,0.0,0.00894,0.0,0.0,0.0,0.0,0.0,0.0,0.0,0.0,0.0,0.06744,0.0,0.0,0.0,1.48948,0.0,0.0,0.0,0.0
MH0149,0.0,0.17338,0.0,0.00439,0.0,0.03045,0.21405000000000002,0.0,40.23227000000001,0.0,0.0,0.0,0.0,0.0,0.00954,0.0,0.0,0.09483,56.8532,0.0,1.35424,0.03869,0.0,0.0,0.0,0.20718999999999999,0.0,0.0,0.34195000000000003,0.0,0.0,0.0,0.0,0.06620000000000001,0.0,0.0070599999999999994,0.01486,0.0,0.0,0.35654,0.0,0.0,0.00117,0.0,0.0,0.0,0.0
MH0150,0.0,0.0,0.0,0.0,0.0,0.60797,0.9538900000000001,0.0,57.00432,0.0,0.0,0.0,0.0,0.0,0.0033200000000000005,0.0,0.0057799999999999995,0.02298,34.51713000000001,0.0,0.10958999999999999,0.01412,0.0,0.0,0.0,4.275219999999999,0.0,0.0,2.16725,0.0,0.0,0.0,0.0,0.00063,0.0,0.0,0.0,0.0,0.0,0.0,0.0,0.0,0.31755,0.0,0.00023999999999999998,0.0,0.0
MH0151,0.0,0.2502,0.0,0.0,0.0005200000000000001,0.8043899999999999,0.11099,0.0,38.40931,0.0,0.0,0.0,0.0,0.0,0.01113,0.0,0.0,0.57885,53.21628,0.0,2.98376,1.2427700000000004,0.0,0.0,0.0,1.07888,0.0,0.0,1.1644700000000001,0.0,0.0,0.0,0.0,0.01929,0.0,0.12918,0.0,0.0,0.0,0.0,0.0,0.0,0.0,0.0,0.0,0.0,0.0
MH0152,0.0,0.0034799999999999996,0.0,0.0,0.0056,2.5665,0.80551,0.0,40.24196999999999,0.0,0.0,0.0,0.0,0.0,0.0,0.0,0.0,1.7638000000000003,51.55565999999999,0.0,0.0955,2.35038,0.0,0.0,0.0,0.34613000000000005,0.0,0.0,0.12961,0.0,0.13287000000000002,0.0,0.0,0.0,0.0,0.0,0.0,0.0,0.0,0.0,0.0,0.0,0.00299,0.0,0.0,0.0,0.0
MH0153,0.0,1.40756,0.0,0.30354000000000003,0.0,7.85544,2.4133199999999997,0.0,40.27372,0.0,0.0,0.0,0.0,0.0,0.00971,0.0,0.0,0.0011300000000000001,39.87227,0.0,0.46337999999999996,2.50615,0.0,0.0,0.0,0.33168000000000003,0.0,0.0,1.1965500000000002,0.0,0.0,0.0,0.0,0.04636,0.0,0.0,0.0,0.0,0.0,0.0,0.0,0.0,3.31915,0.0,0.0,0.0,0.0
MH0154,0.0,0.04054,0.0,0.00424,0.0,0.06275,0.29188000000000003,0.0,36.664359999999995,0.013909999999999999,0.00908,0.0,0.0,0.0,0.018430000000000002,0.0,0.0,0.01848,57.834169999999986,0.0,0.58851,2.13122,0.0,0.0,0.0,1.0743599999999998,0.0,0.0,0.12254,0.0,0.06337999999999999,0.0,0.0,1.05847,0.0,0.0037,0.0,0.0,0.0,0.0,0.0,0.0,0.0,0.0,0.0,0.0,0.0
MH0155,0.0,0.0,0.0,0.0,0.0118,1.80546,0.31302,0.0,44.20701999999999,0.0,0.0,0.0,0.0,0.0,0.0,0.0,0.00233,0.13651,38.06585,0.0,0.02711,13.24333,0.0,0.0,0.0,1.67144,0.02392,0.0,0.014759999999999999,0.0,0.0,0.0,0.0,0.0,0.0,0.00746,0.0,0.0,0.0,0.0,0.0,0.0,0.47001000000000004,0.0,0.0,0.0,0.0
MH0156,0.0,0.0,0.0,0.00403,0.0,0.0,0.00279,0.0,59.93160999999999,0.0,0.0,0.0,0.0,0.0,0.0,0.0,0.0,0.08694,23.869030000000002,0.0,0.1268,14.673089999999998,0.0,0.0,0.0,0.37788,0.0,0.0,0.8189299999999999,0.0,0.0,0.0,0.0,0.07917,0.0,0.025330000000000002,0.0,0.0,0.0,0.0,0.0,0.0,0.00436,0.0,0.0,0.0,0.0
MH0157,0.0,1.59248,0.0,0.0,0.0,1.9875,0.30356999999999995,0.0,34.90146,0.0,0.0,0.0,0.0,0.0,0.010759999999999999,0.0,0.0018100000000000002,0.17253999999999997,52.14803,0.0,0.01179,1.7217799999999996,0.0,0.0,0.0,1.4540100000000002,0.0,0.0,0.9446699999999999,0.0,0.0,0.0,0.0,0.00419,0.0,0.0488,0.0,0.0,0.0,0.0,0.0,0.0,4.6966,0.0,0.0,0.0,0.0
MH0158,0.0,0.0,0.0,0.01042,0.0042,0.6397600000000001,0.16317,0.0,63.31673000000001,0.0,0.0,0.0,0.0,0.0,0.0056700000000000006,0.0,0.0,0.58379,33.61951,0.0,0.35662,0.40316,0.0,0.0,0.0,0.67168,0.027089999999999996,0.0,0.07304,0.0,0.0,0.0,0.0,0.08349999999999999,0.0,0.04165,0.0,0.0,0.0,0.0,0.0,0.0,0.0,0.0,0.0,0.0,0.0
MH0159,0.0,1.52371,0.0,0.0,0.0,2.4675299999999996,0.04025,0.0,34.533710000000006,0.0,0.0,0.0,0.0,0.0,0.00886,0.0,0.0,0.52773,43.511250000000004,0.0,1.3035800000000002,0.08917,0.0,0.0,0.0,0.25625000000000003,0.0,0.0,0.38463,0.0,0.29039,0.0,0.0,5.14388,0.0,0.04887,0.0,0.0,0.0,0.03419,0.0,0.0,9.83381,0.0,0.00217,0.0,0.0
MH0160,0.0,0.0,0.0,0.0,0.0,0.5905199999999999,0.26110999999999995,0.0,31.58095,0.0,0.0,0.0,0.0,0.0,0.0,0.0,0.0,0.58421,53.83998999999999,0.0,1.6767299999999998,7.46897,0.0,0.0,0.0,2.00232,0.0,0.0,0.15383,0.0,0.0,0.0,0.0,0.26197,0.0,1.57941,0.0,0.0,0.0,0.0,0.0,0.0,0.0,0.0,0.0,0.0,0.0
MH0161,0.0,0.0,0.0,0.0,0.004200000000000001,3.92402,0.52885,0.0,17.605829999999997,0.0,0.0,0.0,0.0,0.0,0.0,0.0,0.0,0.40208000000000005,35.40869,0.0,0.18583999999999998,41.80563,0.0,0.0,0.0,0.05416000000000001,0.0,0.0,0.054400000000000004,0.0,0.0,0.0,0.0,0.0079,0.0,0.018359999999999998,0.0,0.0,0.0,0.0,0.0,0.0,0.0,0.0,0.0,0.0,0.0
MH0162,0.0,0.0,0.0,0.0,0.0,3.1388299999999996,0.4984599999999999,0.0,50.65527000000001,0.0,0.0,0.0,0.0,0.0,0.02468,0.0,0.0,0.34375,39.571870000000004,0.0,0.5137,4.167740000000001,0.0,0.0,0.0,0.47029000000000004,0.0,0.0,0.60826,0.0,0.0,0.0,0.0,0.0,0.0,0.00716,0.0,0.0,0.0,0.0,0.0,0.0,0.0,0.0,0.0,0.0,0.0
MH0163,0.0,1.55328,0.0,0.0,0.0,3.76696,0.42964,0.0,13.10311,0.0,0.0,0.0,0.0,0.0,0.0,0.0,0.0,0.22396999999999997,67.86934000000002,0.0,1.50782,7.61309,0.0,0.0,0.0,0.02732,0.0,0.0,0.04279,0.0,0.0,0.0,0.0,2.43383,0.0,0.0,0.0,0.0,0.0,0.0,0.0,0.0,1.4288399999999999,0.0,0.0,0.0,0.0
MH0165,0.0,0.29006,0.0,0.0,0.0,0.38154,0.48457,0.0,49.26864000000001,0.0,0.0,0.0,0.0,0.0,0.0,0.0,0.0,0.21491999999999997,29.85991,0.0,3.2177700000000002,11.137820000000001,0.0,0.0,0.0,0.95141,0.0,0.0,0.49996000000000007,0.0,0.0,0.0,0.0,0.00221,0.0,0.0,0.0,0.0,0.0,0.0,0.0,0.0,3.6912199999999995,0.0,0.0,0.0,0.0
MH0166,0.0,0.0,0.0,0.0,0.0,0.0,0.44893,0.0,49.06787,0.008190000000000001,0.0,0.0,0.0,0.0,0.0,0.0,0.0,0.00778,41.80235999999998,0.0,0.10787,6.64263,0.0,0.0,0.0,1.9143300000000003,0.0,0.0,0.0,0.0,0.0,0.0,0.0,0.0,0.0,0.0,0.0,0.0,0.0,0.0,0.0,0.0,0.0,0.0,0.0,0.0,0.0
MH0167,0.0,0.0,0.0,0.0,0.0,0.79768,0.42151,0.0,63.77911000000001,0.0,0.017519999999999997,0.0,0.0,0.0,0.01856,0.0,0.0,0.05374,31.432259999999996,0.0,2.77368,0.06321,0.0,0.0,0.0,0.46955,0.04437,0.0,0.0,0.0,0.0,0.0,0.0,0.12133999999999999,0.0,0.007409999999999999,0.0,0.0,0.0,0.0,0.0,0.0,0.0,0.0,0.0,0.0,0.0
MH0168,0.0,0.15,0.0,0.0,0.0,0.36133000000000004,0.38873,0.0,52.85213,0.0,0.0,0.0,0.0,0.0,0.0,0.0,0.0,0.13162000000000001,42.45522999999999,0.0,1.2858,0.30952,0.0,0.0,0.0,1.7706099999999998,0.0,0.0,0.040089999999999994,0.0,0.0,0.0,0.0,0.16376,0.0,0.027889999999999998,0.0,0.0,0.0,0.0,0.0,0.0,0.06327999999999999,0.0,0.0,0.0,0.0
MH0170,0.0,0.0,0.0,0.0,0.0,0.56954,0.16647,0.0,25.60729,0.0,0.0,0.0,0.0,0.0,0.0034799999999999996,0.0,0.0,0.24572999999999998,63.13532,0.0,0.27561,9.241790000000002,0.0,0.0,0.0,0.27836,0.0,0.0,0.07702,0.0,0.0,0.0,0.0,0.04229,0.0,0.34459,0.0,0.0,0.0,0.0,0.0,0.0,0.0125,0.0,0.0,0.0,0.0
MH0172,0.0,0.0,0.0,0.0,0.0,0.5984400000000001,0.31410999999999994,0.0,39.04354,0.0,0.0,0.0,0.0,0.0,0.0060799999999999995,0.0,0.0,0.31805,57.14276,0.0,1.47346,0.12929000000000002,0.0,0.0,0.0,0.25723,0.0,0.0,0.36638,0.0,0.0,0.0,0.0,0.01436,0.0,0.013869999999999999,0.0,0.0,0.0,0.0,0.0,0.0,0.32238,0.0,0.0,0.0,0.0
MH0174,0.0,0.0,0.0,0.01265,0.0,1.54921,0.12031,0.0,42.62168999999999,0.0058200000000000005,0.0,0.0,0.0,0.0,0.0,0.0,0.0,0.26336,50.43031,0.0,0.82775,3.03905,0.0,0.0,0.0,0.811,0.0,0.0,0.05612,0.0,0.0,0.0,0.0,0.26030000000000003,0.0,0.0,0.0,0.0,0.0,0.0,0.0,0.0,0.00243,0.0,0.0,0.0,0.0
MH0175,0.0,0.0,0.0,0.0,0.0017100000000000001,0.10101,0.20683,0.0,16.052010000000003,0.0,0.0,0.0,0.0,0.0,0.012,0.0,0.0,0.07816999999999999,69.42337,0.0,0.66405,9.35281,0.0,0.0,0.0,0.41317,0.0,0.0,0.23889,0.0099,0.0,0.0,0.0,0.01635,0.0,0.45074,0.0,0.0,0.0,0.0,0.0,0.0,2.97097,0.0,0.00799,0.0,0.0
MH0176,0.0,0.0,0.0,0.0,0.0,1.17058,0.59211,0.0,40.555510000000005,0.0,0.0,0.00496,0.0,0.0,0.0,0.0,0.0,0.09747,52.897490000000005,0.0,0.7284999999999999,2.73089,0.0,0.0,0.0,0.14597,0.0,0.0,1.05386,0.0,0.02266,0.0,0.0,0.0,0.0,0.0,0.0,0.0,0.0,0.0,0.0,0.0,0.0,0.0,0.0,0.0,0.0
MH0177,0.0,0.158,0.0,0.00585,0.0,1.3251,0.47037,0.0,50.967989999999986,0.009609999999999999,0.0,0.0,0.0,0.0,0.00636,0.0,0.0,0.19161999999999998,35.54521,0.0,0.023289999999999998,7.46896,0.0,0.0,0.0,3.1799199999999996,0.0,0.0,0.23203000000000001,0.0,0.0,0.0,0.0,0.05517999999999999,0.0,0.12476,0.0,0.0,0.0,0.0,0.0,0.0,0.23575,0.0,0.0,0.0,0.0
MH0178,0.0,0.0,0.0,0.0033,0.0,0.13180999999999998,0.20867999999999998,0.0,65.13801999999998,0.00542,0.00869,0.0,0.0,0.0,0.00359,0.0,0.0,0.06340000000000001,32.21028,0.0,0.94491,0.03086,0.0,0.0,0.0,1.0047400000000002,0.0,0.0,0.16935,0.0,0.0,0.0,0.0,0.0,0.0,0.0010400000000000001,0.0,0.0,0.0,0.0,0.0,0.0,0.07595,0.0,0.0,0.0,0.0
MH0179,0.0,0.0,0.0,0.0,0.0,0.13773,0.14726,0.0,51.84844,0.0,0.0,0.0,0.0,0.0,0.0,0.0,0.0,0.01584,41.574009999999994,0.0,0.38488,0.02968,0.0,0.0,0.0,0.7267,0.14378,0.0,0.5034400000000001,0.0,0.0,0.0,0.0,4.4882100000000005,0.0,0.0,0.0,0.0,0.0,0.0,0.0,0.0,0.0,0.0,0.0,0.0,0.0
MH0180,0.0,0.0,0.0,0.00494,0.0,0.00984,0.1391,0.0,51.04832000000002,0.04054,0.011059999999999999,0.0,0.0,0.0,0.005370000000000001,0.0,0.0,0.021920000000000002,47.64764999999999,0.0,0.19639,0.07998999999999999,0.0,0.0,0.0,0.07673,0.0,0.0,0.65049,0.0,0.0,0.0,0.0,0.0,0.0,0.0,0.0,0.0,0.0,0.0,0.0,0.0,0.06763999999999999,0.0,0.0,0.0,0.0
MH0181,0.0,0.15083,0.0,0.0,0.00249,4.66397,0.9578699999999999,0.0,39.08153000000001,0.00584,0.0,0.0,0.0,0.0,0.013269999999999999,0.0,0.0,0.1553,52.17546,0.0,0.27621,0.09867999999999999,0.0,0.0,0.0,1.8890699999999998,0.0,0.0,0.47974,0.0,0.0,0.0,0.0,0.01726,0.0,0.0,0.0,0.0,0.0,0.0,0.0,0.0,0.0325,0.0,0.0,0.0,0.0
MH0182,0.0,0.0,0.0,0.0069,0.0,0.0,0.12205,0.0,63.134479999999996,0.0,0.0,0.0,0.0,0.0,0.015009999999999999,0.0,0.0,0.00519,24.892359999999996,0.0,0.89235,7.07745,0.0,0.0,0.0,0.050030000000000005,0.0,0.0,0.51668,0.0,0.0,0.0,0.0,0.11177,0.0,0.0,0.0,0.0,0.0,0.0,0.0,0.0,3.17577,0.0,0.0,0.0,0.0
MH0183,0.0,0.0,0.0,0.0,0.01654,0.16429,0.19005,0.0,31.42366,0.0,0.0,0.0,0.0,0.0,0.0,0.0,0.00532,1.4162899999999998,59.93234999999999,0.0,2.4800999999999997,3.9693199999999993,0.00827,0.0,0.0,0.12141,0.0,0.0,0.0067,0.00041,0.049530000000000005,0.0,0.0,0.01675,0.0,0.19902999999999998,0.0,0.0,0.0,0.0,0.0,0.0,0.0,0.0,0.0,0.0,0.0
MH0184,0.0,0.0,0.0,0.0,0.01499,0.5670599999999999,0.25299,0.0,54.00512,0.0,0.0,0.0,0.0,0.0,0.00412,0.0,0.0,2.7210600000000005,39.94359999999999,0.0,1.13891,0.47048999999999996,0.0,0.0,0.0,0.51109,0.0,0.0,0.26315000000000005,0.0,0.0,0.0,0.0,0.013569999999999999,0.0,0.0939,0.0,0.0,0.0,0.0,0.0,0.0,0.0,0.0,0.0,0.0,0.0
MH0185,0.0,0.0,0.0,0.0,0.00445,1.1787500000000002,0.43898999999999994,0.0,39.415549999999996,0.0,0.0,0.0,0.0,0.0,0.01146,0.0,0.00816,0.8658500000000001,49.53505,0.0,0.07485999999999998,7.0613600000000005,0.0,0.0,0.0,0.9563999999999999,0.0,0.0,0.36585,0.0,0.0,0.0,0.0,0.06369,0.0,0.01961,0.0,0.0,0.0,0.0,0.0,0.0,0.0,0.0,0.0,0.0,0.0
MH0186,0.0,0.02266,0.0,0.0,0.0,0.0,0.02103,0.0,68.44809000000001,0.0,0.0060799999999999995,0.0,0.0,0.0,0.0,0.0,0.0,0.00613,24.13553000000001,0.0,0.022,7.28855,0.0,0.0,0.0,0.028919999999999998,0.0,0.0,0.0,0.0,0.0,0.0,0.0,0.02102,0.0,0.0,0.0,0.0,0.0,0.0,0.0,0.0,0.0,0.0,0.0,0.0,0.0
MH0187,0.0,0.0,0.0,0.0,0.0,1.0402200000000001,0.19447,0.0,67.01206999999998,0.0,0.0,0.0,0.0,0.0,0.00411,0.0,0.0,0.08014,27.099569999999996,0.0,0.35441,0.20754,0.0,0.0,0.0,3.13897,0.0,0.0,0.022060000000000003,0.0,0.0,0.0,0.0,0.0,0.0,0.05856,0.0,0.0,0.0,0.0,0.0,0.0,0.78787,0.0,0.0,0.0,0.0
MH0188,0.0,0.0,0.0,0.0,0.010799999999999999,12.638670000000001,1.9583399999999997,0.0,18.26119,0.0,0.0,0.0,0.0,0.0,0.0,0.0,0.0,0.16945,64.2397,0.0,1.0430900000000003,0.02903,0.0,0.0,0.0,1.11346,0.0,0.0,0.03175,0.0,0.0,0.0,0.0,0.14258,0.0,0.0,0.0,0.0,0.0,0.0,0.0,0.0,0.3619,0.0,0.0,0.0,0.0
MH0189,0.0,1.771,0.0,0.0,0.0,5.89686,1.23245,0.0,10.340639999999999,0.0,0.0,0.0,0.0,0.0,0.01158,0.0,0.0,0.0,53.8104,0.0,9.75468,0.5048,0.0,0.0,0.0,0.28618999999999994,0.0,0.0,0.5225000000000001,0.0,0.0,0.0,0.0,1.0581,0.0,0.03959,0.0,0.0,12.3043,0.0,0.0,0.0,2.46691,0.0,0.0,0.0,0.0
MH0191,0.0,0.015369999999999998,0.0,0.0,0.0,16.3519,1.39782,0.0,25.925219999999996,0.0,0.0,0.0,0.0,0.0,0.004220000000000001,0.0,0.0,0.08804999999999999,45.30230999999999,0.0,0.36008999999999997,8.880020000000002,0.0,0.0,0.0,0.69479,0.0,0.0,0.6795800000000001,0.0,0.0,0.0,0.0,0.11205,0.0,0.0,0.0,0.0,0.0,0.0,0.0,0.0,0.18854,0.0,0.0,0.0,0.0
MH0193,0.0,0.48402,0.0,0.0,0.0,2.3298400000000004,0.25952,0.0,38.79578999999999,0.0,0.0,0.0,0.0,0.0,0.00663,0.0,0.0,0.08624000000000001,56.19762000000001,0.0,0.41627000000000003,0.01319,0.0,0.0,0.0,0.6812100000000001,0.0,0.0,0.58492,0.0,0.0,0.0,0.0,0.12653,0.0,0.0050799999999999994,0.0,0.0,0.01316,0.0,0.0,0.0,0.0,0.0,0.0,0.0,0.0
MH0195,0.0,0.17787,0.0,0.0,0.0,0.8412299999999999,0.19705,0.0,66.95476000000001,0.0,0.0,0.0,0.0,0.0,0.0029,0.0,0.0,0.039360000000000006,30.43357,0.0,0.28279,0.01331,0.0,0.0,0.0,0.44966999999999996,0.0,0.0,0.52068,0.0,0.0,0.0,0.0,0.00119,0.0,0.019430000000000003,0.0,0.0,0.00141,0.0,0.0,0.0,0.06479,0.0,0.0,0.0,0.0
MH0196,0.0,0.0,0.0,0.00207,0.0005,1.1604,0.54332,0.0,25.85089,0.0,0.0,0.0,0.0,0.0,0.00225,0.0,0.0,0.19717,69.85019999999999,0.0,0.4650500000000001,0.11198,0.0,0.0,0.0,0.14939999999999998,0.0,0.0,0.32902,0.0,0.0,0.0,0.0,0.47002,0.0,0.025889999999999996,0.0,0.0,0.0,0.0,0.0,0.0,0.8418899999999999,0.0,0.0,0.0,0.0
MH0197,0.0,1.42762,0.0,0.0,0.00075,3.29982,1.3072800000000002,0.0,38.28842,0.0,0.0,0.0,0.0,0.0,0.01656,0.0,0.0,0.08198,40.81964,0.0,0.38327999999999995,0.05307,0.0,0.0,0.0,0.20174,0.0,0.0,0.44382,0.0,0.0,0.0,0.0,0.00359,0.0,0.03792,0.0,0.0,0.0,0.0,0.0,0.0,13.634520000000002,0.0,0.0,0.0,0.0
MH0198,0.0,0.0,0.0,0.0,0.0,0.12955,0.34116,0.0,23.1027,0.00555,0.0,0.0,0.0,0.0,0.0,0.0,0.0,0.08417000000000001,74.21444000000001,0.0,0.82531,0.11068,0.0,0.0,0.0,0.18712,0.0,0.0,0.68937,0.0,0.0,0.0,0.0,0.0031899999999999997,0.0,0.01646,0.0,0.0,0.0,0.0,0.0,0.0,0.29029,0.0,0.0,0.0,0.0
MH0199,0.0,0.0,0.0,0.0,0.0,3.18839,0.69885,0.0,37.61269000000001,0.00248,0.0,0.0,0.0,0.0,0.00329,0.0,0.0,0.00741,48.84057,0.0,0.5142800000000001,7.775620000000001,0.0,0.0,0.0,0.32042000000000004,0.0,0.0,0.8517499999999999,0.0,0.0,0.0,0.0,0.10555,0.0,0.041530000000000004,0.0,0.0,0.0,0.0,0.0,0.0,0.037160000000000006,0.0,0.0,0.0,0.0
MH0200,0.0,0.5442199999999999,0.0,0.027260000000000003,0.0,2.1356900000000003,1.89887,0.0,23.29992,0.0,0.0,0.00224,0.0,0.0,0.01976,0.0,0.0,0.03880000000000001,69.56259,0.0,0.6623499999999999,0.8594499999999999,0.0,0.0,0.0,0.40517,0.0,0.0,0.5388,0.0,0.0,0.0,0.0,0.0,0.0,0.0,0.0,0.0,0.0,0.0,0.0,0.0,0.0,0.0,0.00484,0.0,0.0
MH0203,0.0,0.95025,0.0015300000000000001,0.0,0.0,12.480480000000002,1.9270100000000001,0.0,35.43629999999999,0.0,0.0,0.0,0.0,0.0,0.00426,0.0,0.0,0.07127,45.148619999999994,0.0,0.06419,3.27311,0.0,0.0,0.0,0.40342999999999996,0.0,0.0,0.22992,0.0,0.0,0.0,0.0,0.0,0.0,0.0,0.00663,0.0,0.0,0.0,0.0,0.0,0.00301,0.0,0.0,0.0,0.0
MH0204,0.0,0.0,0.0,0.0,0.042749999999999996,0.48347,0.39274,0.0,22.249720000000003,0.0,0.0,0.0,0.0,0.0,0.00483,0.0,0.0,0.5231700000000001,61.16655999999998,0.0,0.82098,0.4916,0.0,0.0,0.0,0.1796,0.0,0.0,0.45299999999999996,0.0,0.0,0.0,0.0,13.099589999999997,0.007359999999999999,0.018090000000000002,0.0,0.0,0.0,0.0,0.0,0.0,0.04891,0.0,0.01761,0.0,0.0
MH0205,0.0,0.48146000000000005,0.00245,0.0,0.0,2.16204,0.8872299999999999,0.0,37.60831,0.0,0.00647,0.00899,0.0,0.0,0.0,0.0,0.0,0.44994000000000006,56.94162,0.0,0.17887,0.11782,0.0,0.0,0.0,0.40184,0.0,0.0,0.54349,0.0,0.0,0.0,0.0,0.00591,0.0,0.00147,0.0,0.0,0.0,0.0,0.0,0.0,0.19721,0.0,0.0049,0.0,0.0
MH0206,0.0,0.00231,0.0,0.0,0.0036299999999999995,2.01462,0.20965000000000003,0.0,47.08296,0.0,0.0,0.0,0.0,0.0,0.00592,0.0,0.0,0.08762,43.910419999999995,0.0,0.05537999999999999,0.06434999999999999,0.0,0.0,0.0,2.2179800000000003,0.0,0.0,0.49134,0.0,0.0,0.0,0.0,0.75163,0.0,0.0165,0.0,0.0,0.0,0.0,0.0,0.0,3.0857099999999997,0.0,0.0,0.0,0.0
MH0211,0.0,0.0,0.0,0.0,0.0,0.15510000000000002,0.33841000000000004,0.0,44.686189999999996,0.0,0.0,0.0,0.0,0.0,0.0,0.0,0.0,0.15045999999999998,43.975049999999996,0.0,0.23307,5.47636,0.0,0.0,0.0,2.0918799999999997,0.0,0.0,0.6950500000000001,0.0,0.0,0.0,0.0,0.00896,0.0,0.73619,0.0,0.0,0.0,0.0,0.0,0.0,1.45328,0.0,0.0,0.0,0.0
MH0212,0.0,0.0,0.0,0.0028699999999999997,0.0,1.3403100000000001,0.09698,0.0,44.26228,0.00472,0.0,0.0,0.0,0.0,0.00312,0.0,0.0,0.00785,48.854820000000004,0.0,0.63199,0.062130000000000005,0.0,0.0,0.0,0.37669,0.0,0.0,0.47415,0.0,0.0,0.0,0.0,0.0,0.0,0.01821,0.0,0.0,0.0,0.0,0.0,0.0,3.86385,0.0,0.0,0.0,0.0
MH0217,0.0,0.0,0.0,0.00573,0.0072900000000000005,2.0579,0.28978,0.0,37.825359999999996,0.0,0.0,0.0,0.0,0.0,0.006229999999999999,0.0,0.0,0.029419999999999998,31.243059999999996,0.0,0.37909,23.05031,0.0,0.0,0.0,0.66661,0.0,0.0,0.06656,0.0,0.0,0.0,0.0,0.005399999999999999,0.0,0.02818,0.0,0.0,0.0,0.0,0.0,0.0,4.33906,0.0,0.0,0.0,0.0
MH0220,0.0,0.03636,0.0,0.0,0.0,0.25425,0.39770999999999995,0.0,32.67572,0.0,0.0,0.0,0.0,0.0,0.00746,0.0,0.0,0.12691000000000002,51.5275,0.0,1.7382899999999997,9.48645,0.0,0.0,0.0,2.7431,0.0,0.0,0.18913999999999997,0.0,0.0,0.0,0.0,0.34031999999999996,0.0,0.00056,0.0,0.00503,0.0,0.0,0.0,0.0,0.47126,0.0,0.0,0.0,0.0
MH0224,0.0,0.48627,0.0,0.0,0.03411,2.1900299999999993,1.0152,0.0,49.858779999999996,0.0,0.0,0.0,0.0,0.0,0.0,0.0,0.0,0.13097999999999999,43.856080000000006,0.0,0.21597,0.45903,0.0,0.0,0.0,0.7520100000000001,0.0,0.0,0.14433,0.0,0.0,0.0,0.0,0.22424999999999998,0.0,0.42323,0.0,0.0,0.0,0.0,0.0,0.0,0.20976,0.0,0.0,0.0,0.0
MH0227,0.0,0.0,0.0,0.0,0.0,1.40459,0.25579,0.0,64.31418000000001,0.00352,0.0,0.0,0.0,0.0,0.0,0.0,0.0,0.047619999999999996,24.602459999999997,0.0,1.29954,4.608949999999999,0.0,0.0,0.0,2.59024,0.0,0.0,0.73637,0.0,0.0,0.0,0.0,0.11066000000000001,0.0,0.0,0.0,0.00315,0.0,0.0,0.0,0.0,0.02292,0.0,0.0,0.0,0.0
MH0229,0.0,5.75803,0.0022199999999999998,0.0,0.01642,0.00212,2.1294600000000004,0.0,18.99165,0.0,0.0,0.0,0.0,0.0,0.00618,0.0,0.0,0.22575,58.76230999999999,0.0,0.5491,12.481840000000002,0.0,0.0,0.0,0.17881999999999998,0.0,0.0,0.50775,0.0,0.0,0.0,0.0,0.31354,0.0,0.0,0.0,0.0,0.0,0.0,0.0,0.0,0.07475,0.0,0.0,0.0,0.0
MH0230,0.0,0.0,0.0,0.0,0.0,7.22927,1.2448299999999999,0.0,42.05438,0.0,0.0,0.0,0.0,0.0,0.0,0.0,0.0,0.27693,45.45671999999999,0.0,0.21928999999999998,2.8897400000000006,0.0,0.0,0.0,0.00952,0.0,0.0,0.0,0.0,0.0,0.0,0.0,0.00787,0.0,0.04634,0.0,0.0,0.0,0.0,0.0,0.0,0.56515,0.0,0.0,0.0,0.0
MH0233,0.0,0.0,0.0,0.0,0.0,1.95823,0.44422,0.0,62.828649999999996,0.0,0.0,0.0,0.0,0.0,0.00277,0.0,0.0,0.00923,33.798809999999996,0.0,0.4452,0.38565,0.0,0.0,0.0,0.0,0.0,0.0,0.0,0.0,0.0,0.0,0.0,0.10379000000000001,0.0,0.0,0.0,0.0,0.0,0.0,0.0,0.0,0.02343,0.0,0.0,0.0,0.0
MH0236,0.0,0.0,0.0,0.0,0.00391,1.1067200000000001,0.15980000000000003,0.0,55.514979999999994,0.0,0.0,0.00053,0.0,0.0,0.0023,0.0,0.00114,0.57209,29.36291000000001,0.0,0.1547,9.415489999999998,0.00749,0.0,0.0,2.80032,0.0,0.0,0.14718,0.00285,0.0,0.0,0.0,0.055900000000000005,0.0,0.68866,0.0,0.0031,0.0,0.0,0.0,0.0,0.0,0.0,0.0,0.0,0.0
MH0239,0.0,0.0,0.0,0.0,0.0017699999999999999,0.0008699999999999999,0.61773,0.0,71.65281999999999,0.0,0.0038399999999999997,0.0,0.0,0.0,0.0,0.0,0.0,0.02692,20.977260000000005,0.0,0.6446400000000001,0.00476,0.0,0.0,0.0,0.00013000000000000002,0.0,0.0,0.02426,0.0,0.0,0.0,0.0,0.02453,0.0,0.0,0.0,0.0,0.0,0.0,0.0,0.0,6.01239,0.0,0.00807,0.0,0.0
MH0243,0.0,0.00445,0.0,0.00257,0.0,0.7272500000000001,0.38614,0.0,61.87322999999999,0.0,0.0,0.0,0.0,0.0,0.0,0.0,0.0,0.03873,32.44206000000001,0.0,0.43178999999999995,3.2617200000000004,0.0,0.0,0.0,0.52254,0.0,0.0,0.01192,0.0,0.02465,0.0,0.0,0.04364,0.0,0.12895,0.0,0.0,0.0,0.0,0.0,0.0,0.10035,0.0,0.0,0.0,0.0
MH0244,0.0,0.0,0.0,0.0,0.0,3.47379,0.29956,0.0,71.09879,0.0038399999999999997,0.0,0.0,0.0,0.0,0.0025399999999999997,0.0,0.0,0.54077,21.861389999999997,0.0,1.4668999999999999,0.0072699999999999996,0.0,0.0,0.0,0.23789999999999997,0.0,0.0,1.00496,0.0,0.0,0.0,0.0,0.0,0.0,0.0,0.0,0.0,0.0,0.0,0.0,0.0,0.0023,0.0,0.0,0.0,0.0
MH0247,0.0,0.0,0.0,0.0,0.0,0.01191,0.2029,0.0,49.95595999999998,0.0,0.00716,0.0,0.0,0.0,0.00603,0.0,0.0,0.0044,42.52878000000001,0.0,2.468,0.90366,0.0,0.0,0.0,0.29078,0.0,0.0,0.98247,0.0,0.0,0.0,0.0,2.1796100000000003,0.0,0.00485,0.0,0.0,0.0,0.0,0.0,0.0,0.4535,0.0,0.0,0.0,0.0
MH0250,0.0,0.0,0.0,0.0,0.0053,3.38689,0.96672,0.0,28.37071,0.0,0.0,0.0,0.0,0.0,0.00479,0.0,0.0,0.05239,60.27695,0.0,0.062189999999999995,3.4932899999999996,0.0,0.0,0.0,0.69323,0.0,0.0,0.17991,0.0,0.0,0.0,0.0,0.09353000000000002,0.0,0.0608,0.00747,0.0,0.0,0.0,0.0,0.0,2.34584,0.0,0.0,0.0,0.0
MH0251,0.0,0.0,0.0,0.0,0.00011999999999999999,0.71652,0.1252,0.0,39.93403000000001,0.0,0.0,0.0,0.0,0.0,0.0,0.0,0.0,0.04171,58.77047,0.0,0.13057000000000002,0.07908,0.0,0.0,0.0,0.12644,0.0,0.0,0.02575,0.0,0.0,0.0,0.0,0.02199,0.0,0.01623,0.0,0.0,0.0,0.0,0.0,0.0,0.01185,0.0,0.0,0.0,0.0
MH0253,0.0,0.06658,0.0,0.0,0.0,0.8636400000000001,0.5128600000000001,0.0,27.82211999999999,0.0,0.0,0.0,0.0,0.0,0.00692,0.0,0.0,0.02216,68.52095999999999,0.0,0.11377000000000001,0.00962,0.0,0.0,0.0,1.11166,0.0,0.0,0.49414,0.0,0.0,0.0,0.0,0.02603,0.0,0.0005099999999999999,0.0,0.0,0.0,0.0,0.0,0.0,0.42904,0.0,0.0,0.0,0.0
MH0257,0.0,0.16094,0.0,0.0,0.0,0.0,0.63309,0.0,48.39678999999999,0.0,0.0,0.0,0.0,0.0,0.00366,0.0,0.0,0.0,28.810070000000003,0.0,0.29551000000000005,6.93034,0.0,0.0,0.0,0.06688,0.0,0.0,0.32757000000000003,0.0,0.0,0.0,0.0,14.222579999999999,0.0,0.0,0.0,0.0,0.0,0.0,0.0,0.0,0.15261,0.0,0.0,0.0,0.0
MH0267,0.0,0.0,0.0,0.0,0.0,0.6902900000000001,0.33491,0.0,31.41874,0.0,0.0,0.0008699999999999999,0.0,0.0,0.0039299999999999995,0.0,0.0,0.17843,55.84581000000001,0.0,0.07626,7.354870000000001,0.0,0.0,0.0,0.55003,0.0,0.0,0.30616,0.0,0.0,0.0,0.0,0.038130000000000004,0.0,0.00659,0.0,0.0,0.0,0.0,0.0,0.0,3.1949400000000003,0.0,0.0,0.0,0.0
MH0272,0.0,0.00687,0.0,0.0,0.00617,3.7435400000000003,0.27426999999999996,0.0,46.69334000000001,0.0,0.0,0.0,0.0,0.0,0.0057,0.0,0.00655,0.00531,42.23807,0.0,0.90353,0.021199999999999997,0.0,0.0,0.0,1.65786,0.0,0.0,0.90416,0.0,0.0,0.0,0.0,0.01986,0.0,0.00364,0.0,0.0038399999999999997,0.0,0.0,0.0,0.0,3.50607,0.0,0.0,0.0,0.0
MH0274,0.0,0.00133,0.0,0.0,0.00082,3.09979,1.44765,0.0,52.060489999999994,0.0,0.0,0.0,0.0,0.0,0.0,0.0,0.01115,0.19759,34.774480000000004,0.0,0.6012499999999998,0.35516,0.0005200000000000001,0.0,0.0,5.69073,0.0,0.0026,0.59121,0.0,0.0,0.0,0.0,0.67114,0.0,0.18859,0.00748,0.00971,0.0,0.0,0.0,0.0,0.28839000000000004,0.0,0.0,0.0,0.0
MH0275,0.0,0.0,0.0,0.0,0.01663,5.746160000000001,0.41104,0.0,43.02416,0.0,0.0,0.0,0.0,0.0,0.004220000000000001,0.0,0.01134,0.48402,43.934509999999996,0.0,0.1434,0.60434,0.0,0.0,0.0,3.1293900000000003,0.0,0.0,1.32261,0.0,0.0,0.0,0.0,0.21425,0.0,0.03065,0.0,0.0,0.0,0.0,0.0,0.0,0.9177200000000001,0.0,0.00561,0.0,0.0
MH0276,0.0,0.09348,0.0,0.0,0.0,2.43508,0.6092799999999999,0.0,4.74641,0.0,0.0,0.0,0.0,0.0,0.0068,0.0,0.00911,1.4332099999999999,77.91265000000001,0.0,0.38717,9.15816,0.0,0.0,0.0,0.6919500000000001,0.0,0.0,0.02368,0.0,0.0,0.0,0.0,0.00295,0.0,0.01676,0.0,0.0,0.0,0.0,0.0,0.0,2.47333,0.0,0.0,0.0,0.0
MH0277,0.0,0.0,0.0,0.0,0.02529,0.0106,0.013930000000000001,0.0,0.48182,0.0,0.0,0.00213,0.0,0.0,0.0,0.0001,0.00592,2.28662,7.0053399999999995,0.0,0.12669,0.07476000000000001,0.26663000000000003,0.0,0.0,0.01817,0.0,0.0,0.0,0.0,0.0,0.0,0.0,89.62639999999999,0.0,0.0556,0.0,0.0,0.0,0.0,0.0,0.0,0.0,0.0,0.0,0.0,0.0
MH0286,0.0,0.0,0.0,0.0,0.00445,2.3069800000000003,0.49987000000000004,0.0,28.81578,0.0,0.0,0.0,0.0,0.0,0.012190000000000001,0.0,0.008759999999999999,0.6533600000000002,39.09563,0.0,0.8613299999999999,24.136879999999994,0.0,0.0,0.0,1.7912899999999998,0.0,0.0,0.9210200000000001,0.0,0.0,0.0,0.0,0.06982000000000001,0.0,0.005679999999999999,0.0,0.0,0.0,0.0,0.0,0.0,0.81698,0.0,0.0,0.0,0.0
MH0287,0.0,0.0,0.0,0.0,0.007189999999999999,4.53475,0.8912,0.0,27.632219999999993,0.0,0.0,0.0,0.0,0.0,0.00203,0.0,0.0007,5.644049999999999,55.308749999999996,0.0,0.54012,2.0114900000000002,0.0,0.0,0.0,1.86138,0.0,0.0,0.006659999999999999,0.0,0.0,0.0,0.0,0.29925,0.0,1.26024,0.0,0.0,0.0,0.0,0.0,0.0,0.0,0.0,0.0,0.0,0.0
MH0288,0.0,0.03514,0.0,0.0,0.012709999999999999,0.6115800000000001,0.18230000000000002,0.0,23.26291,0.0,0.0,0.0,0.0,0.0,0.0,0.0,0.0,0.15496,64.46199,0.0,1.4278499999999998,8.431679999999998,0.0,0.0,0.0,0.35606,0.0,0.0,0.01191,0.0006799999999999999,0.0,0.0,0.0,0.0,0.0,0.9490400000000001,0.0,0.0,0.0,0.0,0.0,0.0,0.10115,0.0,0.0,0.0,0.0
MH0289,0.0,0.0,0.0,0.0,0.0,0.5287000000000001,1.22425,0.0,61.25622999999999,0.0,0.0,0.0,0.0,0.0,0.0,0.0,0.00318,0.11745000000000001,32.197610000000005,0.0,0.05754000000000001,0.04826999999999999,0.0,0.0,0.0,4.122269999999999,0.0042899999999999995,0.0,0.33140000000000003,0.0,0.0,0.0,0.0,0.01244,0.0,0.08909,0.0,0.00725,0.0,0.0,0.0,0.0,0.0,0.0,0.0,0.0,0.0
MH0292,0.0,0.0,0.0,0.0,0.0,3.73277,0.64306,0.0,16.571140000000003,0.0,0.0,0.0,0.0,0.0,0.004229999999999999,0.0,0.0087,0.4143899999999999,65.62773999999999,0.0,0.19808,11.519950000000001,0.0,0.0,0.0,0.58562,0.0,0.0,0.058249999999999996,0.0,0.0,0.0,0.0,0.01356,0.0,0.61683,0.0,0.0057,0.0,0.0,0.0,0.0,0.0,0.0,0.0,0.0,0.0
MH0302,0.0,0.01312,0.0,0.0,0.0,0.0,0.10737,0.0,70.46438,0.0,0.0,0.0,0.0,0.0,0.00554,0.0,0.00792,0.09022,20.00734999999999,0.0,0.57603,0.5327500000000001,0.0,0.0,0.0,0.0,0.0,0.0,0.01839,0.0,0.0,0.0,0.0,0.83747,0.0,0.07114,0.0,0.0,0.0,0.0,0.0,0.0,7.26832,0.0,0.0,0.0,0.0
MH0305,0.0,0.0,0.0,0.00372,0.0,0.95973,0.025079999999999998,0.0,46.85195,0.0,0.0,0.0,0.0,0.0,0.00405,0.0,0.0,0.0317,51.50839000000001,0.0,0.22332999999999997,0.01709,0.0,0.0,0.0,0.27355999999999997,0.0,0.0,0.0,0.0,0.0,0.0,0.0,0.05542999999999999,0.0,0.00147,0.0,0.0,0.0,0.0,0.0,0.0,0.044539999999999996,0.0,0.0,0.0,0.0
MH0307,0.0,0.0,0.0,0.0,0.0,0.97212,0.61995,0.0,54.280480000000004,0.0,0.0,0.0,0.0,0.0,0.0,0.0,0.0,0.02397,33.560610000000004,0.0,0.22198000000000004,8.99831,0.0,0.0,0.0,0.66344,0.0,0.0,0.59799,0.0,0.0,0.0,0.0,0.0,0.0,0.0,0.0,0.0,0.0,0.0,0.0,0.0,0.06113,0.0,0.0,0.0,0.0
MH0313,0.0,0.0,0.0,0.0,0.0,0.48139,0.35313,0.0,62.304379999999995,0.0,0.0,0.0,0.0,0.0,0.0,0.0,0.0,0.17118,25.705740000000006,0.0,0.057179999999999995,9.912400000000002,0.0,0.0,0.0,0.54584,0.0,0.0,0.11136000000000001,0.0,0.0,0.0,0.0,0.0,0.0,0.2929,0.0,0.0,0.0,0.0,0.0,0.0,0.06448,0.0,0.0,0.0,0.0
MH0316,0.0,0.02433,0.0,0.0,0.0,0.20723999999999998,0.18156000000000003,0.0,24.96987,0.0,0.0,0.0,0.0,0.0,0.0,0.0,0.0,0.037950000000000005,68.53276,0.0,1.70428,2.7152600000000002,0.0,0.0,0.0,1.1161999999999999,0.0,0.0,0.26288999999999996,0.0,0.0,0.0,0.0,0.01363,0.0,0.02213,0.0,0.0035299999999999997,0.0,0.0,0.0,0.0,0.20838,0.0,0.0,0.0,0.0
MH0318,0.0,0.58825,0.0,0.0,0.0,0.78491,0.54932,0.0,20.307830000000003,0.0,0.0,0.00403,0.0,0.0,0.00921,0.0,0.0,0.00329,62.935289999999995,0.0,2.49807,1.8730799999999999,0.0,0.0,0.0,0.22789,0.0,0.0,0.2976,0.0,0.0,0.0,0.0,7.314089999999999,0.0,0.0,0.0,0.0,0.057479999999999996,0.0,0.0,0.0,2.54966,0.0,0.0,0.0,0.0
MH0321,0.0,0.02332,0.0,0.0,0.0,0.50287,0.7980600000000001,0.0,62.17634999999999,0.0,0.0,0.0,0.0,0.0,0.00318,0.0,0.0,0.7745,27.32447000000001,0.0,0.77401,5.52516,0.0,0.0,0.0,0.60994,0.0,0.0,0.19848,0.00042,0.0,0.0,0.0,0.29492,0.0,0.0,0.0,0.0,0.0,0.0,0.0,0.0,0.9942799999999999,0.0,0.0,0.0,0.0
MH0322,0.0,0.02333,0.0,0.0,0.0,0.32370999999999994,0.24824,0.0,71.86890000000001,0.0,0.0,0.0,0.0,0.0,0.0,0.0,0.0,0.00175,23.84254,0.0,0.45945,1.5845600000000002,0.0,0.0,0.0,0.8284899999999998,0.0,0.0,0.33136,0.0,0.0,0.0,0.0,0.0021100000000000003,0.0,0.0,0.0,0.0,0.0,0.0,0.0,0.0,0.48553,0.0,0.0,0.0,0.0
MH0333,0.0,0.0,0.0,0.0,0.0,0.0,0.32767999999999997,0.0,64.37061,0.0,0.0,0.0008,0.0,0.0,0.0034,0.0,0.0,0.05456,21.12852,0.0,0.52981,12.07487,0.0,0.0,0.0,0.10289,0.0,0.0,1.3642899999999998,0.0,0.0,0.0,0.0,0.04263,0.0,0.0,0.0,0.0,0.0,0.0,0.0,0.0,0.0,0.0,0.0,0.0,0.0
MH0403,0.0,0.01766,0.0,0.0,0.0,3.4577099999999996,0.2476,0.0,37.53976000000001,0.0,0.0,0.0006,0.0,0.0,0.005,0.0,0.0,0.023780000000000003,57.67140000000001,0.0,0.09185,0.021900000000000003,0.0,0.0,0.0,0.43501,0.0,0.0,0.43385,0.0,0.0,0.0,0.0,0.01515,0.0,0.0387,0.0,0.0,0.0,0.0,0.0,0.0,0.0,0.0,0.0,0.0,0.0
MH0404,0.0,0.0,0.0,0.0,0.0,0.014719999999999999,0.17415,0.0,62.661870000000015,0.0,0.0,0.0,0.0,0.0,0.0,0.0,0.0,0.01327,29.99817,0.0,0.7567200000000001,0.17307,0.0,0.0,0.0,0.86562,0.00857,0.0,0.68429,0.0,0.0,0.0,0.0,0.00147,0.0,0.0,0.0,0.0,0.0,0.0,0.0,0.0,4.6481,0.0,0.0,0.0,0.0
MH0405,0.0,0.0,0.0,0.0,0.00045,0.70943,0.29788,0.0,61.00299,0.0,0.0,0.0,0.0,0.0,0.0033,0.0,0.0,0.32954,29.985960000000006,0.0,0.7085600000000001,5.856040000000001,0.0,0.0,0.0,0.69096,0.0,0.0,0.26226000000000005,0.0,0.0,0.0,0.0,0.028610000000000003,0.0,0.1008,0.0,0.0,0.0,0.0,0.0,0.0,0.0232,0.0,0.0,0.0,0.0
MH0406,0.0,0.0,0.0,0.0,0.0,1.08066,0.6558499999999999,0.0,57.995149999999995,0.0,0.0,0.0,0.0,0.0,0.0024,0.0,0.0,0.04568,33.973290000000006,0.0,0.63026,0.01422,0.0,0.0,0.0,4.077920000000001,0.0,0.0,1.36108,0.0003,0.0,0.0,0.0,0.0,0.0,0.0,0.0,0.01295,0.0,0.0,0.0,0.0,0.15020999999999998,0.0,0.0,0.0,0.0
MH0407,0.0,0.19965,0.0,0.0,0.00148,1.2137900000000001,0.88076,0.0,22.28072,0.0,0.0,0.0,0.0,0.0,0.011059999999999999,0.0,0.0,0.02875,67.25738000000001,0.0,0.48688,7.05278,0.0,0.0,0.0,0.21967,0.0,0.0,0.14115999999999998,0.0,0.21181,0.0,0.0,0.0086,0.0,0.0,0.0,0.0,0.0,0.0,0.0,0.0,0.0,0.0,0.00554,0.0,0.0
MH0408,0.0,0.44951,0.0,0.0,0.00196,0.90714,0.17823,0.0,41.34715,0.0,0.0,0.0,0.0,0.0,0.0,0.0,0.00249,0.14545999999999998,50.69758,0.0,1.3687600000000002,3.28022,0.0,0.0,0.0,0.8939600000000001,0.0,0.0,0.28925,0.00072,0.0,0.0,0.0,0.30214,0.0,0.10123,0.0,0.0,0.0,0.0,0.0,0.0,0.03425,0.0,0.0,0.0,0.0
MH0409,0.0,0.27642,0.0,0.0,0.0,0.40671999999999997,0.31505,0.0,20.479320000000005,0.0,0.0,0.0,0.0,0.0,0.0,0.0,0.0,0.03481,75.77507,0.0,0.36546,1.896,0.0,0.0,0.0,0.18835000000000002,0.0,0.0,0.06713,0.0,0.0,0.0,0.0,0.0,0.0,0.02315,0.0,0.0,0.0,0.0,0.0,0.0,0.17255,0.0,0.0,0.0,0.0
MH0410,0.0,0.0,0.0,0.0,0.0,1.01196,0.03626,0.0,40.92525,0.0,0.0,0.00108,0.00173,0.0,0.0,0.0,0.0,0.00452,54.11160000000001,0.0,0.029089999999999998,2.6305600000000005,0.0,0.0,0.0,0.9981,0.0,0.0,0.24000999999999997,0.0,0.0,0.0,0.0,0.00983,0.0,0.0,0.0,0.0,0.0,0.0,0.0,0.0,0.0,0.0,0.0,0.0,0.0
MH0411,0.0,0.0,0.0,0.0,0.028210000000000002,2.91205,0.36541000000000007,0.0,28.11469,0.0,0.0,0.0,0.0,0.0,0.0,0.0,0.0,0.57036,53.29733999999999,0.0,0.45909,13.04986,0.0,0.0,0.0,0.86492,0.0,0.0,0.13216,0.0,0.0,0.0,0.0,0.0069900000000000006,0.0,0.17704,0.0,0.0,0.0,0.0,0.0,0.0,0.02187,0.0,0.0,0.0,0.0
MH0412,0.0,0.09639,0.0,0.0,0.0,1.99378,0.50307,0.0,29.972040000000003,0.0,0.0,0.0,0.0,0.0,0.00351,0.0,0.0,0.5557099999999999,58.59635999999999,0.0,0.48135,3.0807500000000005,0.0,0.0,0.0,0.37419,0.0,0.0,0.84743,0.0,0.0,0.0,0.0,0.1801,0.0,0.05033,0.0,0.0,0.0,0.0,0.0,0.0,3.26496,0.0,0.0,0.0,0.0
MH0413,0.0,0.0,0.0,0.0,0.0,2.2953400000000004,1.42757,0.0,33.78710000000001,0.0,0.0,0.0,0.0,0.0,0.00323,0.0,0.0,0.040069999999999995,40.304449999999996,0.0,0.96801,10.6617,0.0,0.0,0.0,0.57111,0.0,0.0,0.34365,0.0,0.0,0.0,0.0,0.01199,0.0,0.0,0.0,0.0,0.0,0.0,0.0,0.0,9.58579,0.0,0.0,0.0,0.0
MH0414,0.0,0.04008,0.0,0.0,0.0,0.06896,0.061130000000000004,0.0,76.03021,0.0,0.0,0.0,0.0,0.0,0.0,0.0,0.00022,0.73766,20.0024,0.0,1.0513800000000002,0.60812,0.0,0.0,0.0,0.21254,0.007559999999999999,0.0,0.01127,0.0,0.0,0.0,0.0,0.00823,0.0,0.08122,0.0,0.0,0.0,0.0,0.0,0.0,1.07904,0.0,0.0,0.0,0.0
MH0415,0.0,0.5863,0.00302,0.00772,0.0065699999999999995,0.88948,0.44039,0.0,23.569279999999996,0.01267,0.0,0.0,0.0,0.0,0.01259,0.0,0.0,0.17771,66.5287,0.0,2.7325999999999993,0.04559,0.0,0.0,0.0,0.26541000000000003,0.0,0.0,0.07387,0.0,0.0,0.0,0.0,0.9036,0.0,0.0027,0.0,0.0,0.01618,0.0,0.0,0.0,3.7255599999999998,0.0,0.0,0.0,0.0
MH0417,0.0,0.47315,0.0,0.0,0.0,1.57855,1.2859099999999999,0.00123,29.40175,0.0,0.0,0.0,0.0,0.0,0.0,0.0,0.0,0.01667,54.78698,0.0,0.74804,5.69668,0.0,0.0,0.0,0.064,0.0,0.0,0.23519000000000004,0.0032199999999999998,0.0,0.0,0.0,0.47019,0.0,0.02275,0.0,0.0,0.0,0.0,0.0,0.0,5.21574,0.0,0.0,0.0,0.0
MH0418,0.0,0.044910000000000005,0.0,0.0,0.0,1.2186599999999999,0.29685999999999996,0.0,39.43437,0.0,0.0,0.0,0.0,0.0,0.00244,0.0,0.0,0.016419999999999997,56.79428,0.0,0.027260000000000003,1.19885,0.0,0.0,0.0,0.6763399999999999,0.00584,0.0,0.21370999999999998,0.0,0.0,0.0,0.0,0.02635,0.0,0.0,0.0,0.0,0.0,0.0,0.0,0.0,0.04369,0.0,0.0,0.0,0.0
MH0419,0.0,0.00741,0.0,0.0021899999999999997,0.0,2.21386,0.27203000000000005,0.0,58.94038,0.0,0.0,0.0,0.0,0.0,0.0023899999999999998,0.0,0.0,0.02777,31.327949999999998,0.0,0.40374000000000004,6.4722,0.0,0.0,0.0,0.14972,0.0,0.0,0.0149,0.0026,0.0,0.0,0.0,0.01242,0.0,0.03945,0.029719999999999996,0.0,0.0,0.0,0.0,0.0,0.08133,0.0,0.0,0.0,0.0
MH0420,0.0,0.0,0.0,0.0,0.00411,0.0122,0.7979299999999999,0.0,6.663740000000001,0.0,0.0,0.0,0.0,0.0,0.0,0.0,0.00047999999999999996,0.042480000000000004,92.08953,0.0,0.09361,0.23075,0.0,0.0,0.0,0.0,0.0,0.0,0.0,0.0,0.0,0.0,0.0,0.00883,0.0,0.04881,0.0,0.0,0.0,0.0,0.0,0.0,0.0,0.0,0.00745,0.0,0.0
MH0421,0.0,0.05979,0.0,0.0,0.00214,0.6983199999999999,0.2605,0.0,57.07844,0.0050799999999999994,0.0,0.0,0.0,0.0,0.00673,0.0,0.0,0.22332,38.89419,0.0,0.65338,0.20911999999999997,0.0,0.0,0.0,0.82715,0.0,0.0,0.27464,0.0,0.0267,0.0,0.0,0.18087999999999999,0.0,0.5444899999999999,0.0,0.0,0.0,0.0,0.0,0.0,0.05512,0.0,0.0,0.0,0.0
MH0422,0.0,0.30625,0.0,0.0,0.0,0.12487999999999999,1.13789,0.0,33.87609,0.0,0.0,0.0,0.0,0.0,0.0,0.0,0.0,0.0,62.616029999999995,0.0,0.07383,0.02044,0.0,0.0,0.0,0.14947000000000002,0.0,0.0,0.81287,0.0,0.0,0.0,0.0,0.04036,0.0,0.0,0.0,0.0,0.0,0.0,0.0,0.0,0.84186,0.0,0.0,0.0,0.0
MH0423,0.0,0.0,0.0,0.0,0.0,3.81815,0.74795,0.0,35.770439999999994,0.0,0.0,0.0,0.0,0.0,0.010190000000000001,0.0,0.0,0.8411799999999999,44.14939999999999,0.0,0.75091,13.475289999999998,0.0,0.0,0.0,0.27218,0.0,0.0,0.0024,0.0,0.0,0.0,0.0,0.0,0.0,0.04036,0.0,0.0,0.03775,0.0,0.0,0.0,0.08383,0.0,0.0,0.0,0.0
MH0424,0.0,0.0,0.0,0.0,0.00827,1.48822,0.07827,0.0,37.45220000000001,0.0,0.0067,0.0,0.0,0.0,0.00589,0.0,0.0,0.79611,44.68337999999999,0.0,0.8512599999999999,7.041980000000001,0.0,0.0,0.0,2.2398100000000003,0.0,0.0,0.01999,0.0,0.0,0.0,0.0,1.23645,0.0,0.04405,0.0,0.0039700000000000004,0.0,0.0,0.0,0.0,4.04345,0.0,0.0,0.0,0.0
MH0425,0.0,0.0,0.0,0.0,0.0,0.00053,0.09191,0.0,56.097950000000004,0.00328,0.0,0.0,0.0,0.0,0.00435,0.0,0.0,0.11452999999999999,39.05150999999999,0.0,0.06018,1.90963,0.0004,0.0,0.0,0.0,0.0,0.0,0.0,0.0,0.0,0.0,0.0,0.97701,0.0,1.6887299999999996,0.0,0.0,0.0,0.0,0.0,0.0,0.0,0.0,0.0,0.0,0.0
MH0426,0.0,0.0,0.0,0.0,0.00583,0.35303999999999996,0.34867999999999993,0.0,73.14242000000002,0.0,0.0,0.0,0.0,0.0,0.00733,0.0,0.0,0.0183,25.328680000000006,0.0,0.05202,0.01475,0.0,0.0,0.0,0.13292,0.0,0.0,0.22546,0.0,0.0,0.0,0.0,0.0,0.0,0.02086,0.0,0.0,0.0,0.0,0.0,0.0,0.3497,0.0,0.0,0.0,0.0
MH0427,0.0,0.0,0.0,0.0,0.0,0.7049300000000001,0.28189000000000003,0.0,43.203779999999995,0.0,0.0,0.0,0.0,0.0,0.0,0.0,0.0,0.0,21.33382,0.0,0.3991400000000001,10.484200000000001,0.0,0.0,0.0,0.81317,0.0,0.0,0.13734,0.0,0.0,0.02286,0.0,22.372320000000002,0.0,0.0017699999999999999,0.0,0.0,0.0,0.0,0.0,0.0,0.24479,0.0,0.0,0.0,0.0
MH0429,0.0,0.0248,0.0,0.0,0.0,0.41386000000000006,0.69688,0.0,41.32345,0.0,0.0,0.0,0.0,0.0,0.0,0.0,0.0,0.0,46.45801999999999,0.0,0.19795,8.92598,0.0,0.0,0.0,0.70307,0.0,0.0,0.55409,0.0,0.0,0.0,0.0,0.05189,0.0,0.0,0.0,0.0,0.0,0.0,0.0,0.0,0.6500199999999999,0.0,0.0,0.0,0.0
MH0430,0.0,0.16598000000000002,0.0,0.0,0.0,4.312,1.76171,0.0,5.93878,0.0,0.0,0.0,0.0,0.0,0.0,0.0,0.0,0.19261999999999999,64.40479,0.0,1.42728,14.05676,0.0,0.0,0.0,0.26667,0.0,0.0,0.66414,0.0,0.0,0.0,0.0,0.13711,0.0,0.0,0.0,0.0,0.0,0.0,0.0,0.0,6.6721699999999995,0.0,0.0,0.0,0.0
MH0431,0.0,0.37068,0.0,0.0,0.02307,3.87235,0.49763999999999997,0.0,43.610319999999994,0.0,0.0,0.0,0.0,0.0,0.0,0.0,0.0,2.72216,27.152380000000004,0.0,0.23800000000000002,0.07733999999999999,0.0,0.0,0.0,2.83983,0.0,0.0,0.5139799999999999,0.0,0.0,0.0,0.0,0.95115,0.0,0.06975,0.0048200000000000005,0.0,0.0,0.0,0.0,0.0,17.05651,0.0,0.0,0.0,0.0
MH0432,0.0,0.0,0.0,0.0,0.0,8.4221,1.49699,0.0,47.96327000000001,0.0,0.0,0.0,0.0,0.0,0.0026,0.0,0.0,0.0165,24.52642,0.0,0.67405,14.33143,0.0,0.0,0.0,0.52572,0.0,0.0,0.04431,0.0,0.47753,0.0,0.0,0.015780000000000002,0.0,0.0,0.0,0.0,0.0,0.0,0.0,0.0,1.50332,0.0,0.0,0.0,0.0
MH0433,0.0,0.0,0.0,0.00519,0.00398,0.55472,2.0744700000000003,0.0,59.075489999999995,0.0,0.0,0.0,0.0,0.0,0.0,0.0,0.0,0.01643,29.105940000000004,0.0,1.58139,4.574559999999999,0.0,0.0,0.0,0.8184,0.0,0.0,0.2932,0.0,0.47735,0.0,0.0,1.29949,0.0,0.0,0.0,0.0,0.0,0.0,0.0,0.0,0.11943,0.0,0.0,0.0,0.0
MH0434,0.0,0.2554,0.0,0.0,0.00137,0.52584,0.6414000000000001,0.0,28.69914,0.0,0.0,0.0,0.0,0.0,0.0038200000000000005,0.0,0.0,0.57052,66.58647,0.0,0.35882000000000003,0.11752000000000001,0.0,0.0,0.0,1.19952,0.0,0.0,0.02801,0.0,0.0,0.0,0.0,0.21882,0.0,0.16337000000000002,0.01188,0.0,0.0,0.0,0.0,0.0,0.61817,0.0,0.0,0.0,0.0
MH0436,0.0,0.04078999999999999,0.0,0.0,0.0,0.26848,0.2501,0.0,58.570310000000006,0.0,0.0,0.0,0.0,0.0,0.00828,0.0,0.0,0.01601,39.34751,0.0,0.59072,0.19802000000000003,0.0,0.0,0.0,0.52046,0.0,0.0,0.13355,0.0,0.0,0.0,0.0,0.01865,0.0,0.01145,0.0,0.0,0.0,0.0,0.0,0.0,0.02565,0.0,0.0,0.0,0.0
MH0437,0.0,0.0,0.0,0.0,0.0,0.21757999999999997,0.39764,0.0,22.712280000000003,0.0,0.0,0.0,0.0,0.0,0.007109999999999999,0.0,0.0,0.0,69.63293999999999,0.0,1.12601,0.02525,0.0,0.0,0.0,1.19022,0.0,0.0,1.06202,0.0,0.0,0.0,0.0,0.0,0.0,0.013330000000000002,0.0,0.0,0.0,0.0,0.0,0.0,3.6156099999999998,0.0,0.0,0.0,0.0
MH0438,0.0,0.5494,0.0,0.0,0.00144,0.47151,0.73942,0.0,24.13451,0.0,0.0,0.0,0.0,0.0,0.00325,0.0,0.0,0.54361,71.30629,0.0,1.3860999999999999,0.09581,0.0,0.0,0.0,0.5731799999999999,0.0,0.0,0.013689999999999999,0.0,0.0,0.0,0.0,0.01591,0.0,0.07464,0.0,0.0,0.0,0.0,0.0,0.0,0.0912,0.0,0.0,0.0,0.0
MH0439,0.0,0.08795,0.0,0.0,0.0,3.828650000000001,0.46608000000000005,0.0,29.000619999999998,0.0,0.0,0.0,0.0,0.0,0.0,0.0,0.0,0.26133,51.721709999999995,0.0,0.83226,9.68929,0.0,0.0,0.0,0.58072,0.0,0.0,0.18034,0.0,0.0,0.0,0.0,0.0005200000000000001,0.0,0.26102999999999993,0.0,0.0,0.0,0.0,0.0,0.0,3.0895,0.0,0.0,0.0,0.0
MH0440,0.0,0.30097,0.0,0.0,0.0,2.07316,0.86779,0.0,36.18349,0.0,0.0,0.0,0.0,0.0,0.01171,0.0,0.0,0.09394999999999999,51.129479999999994,0.0,0.52383,0.10625000000000001,0.0,0.0,0.0,0.10486999999999999,0.0,0.0,0.13173,0.0,0.0,0.0,0.0,0.28542999999999996,0.0,0.06445,0.0,0.0,0.0,0.0,0.0,0.0,8.122910000000001,0.0,0.0,0.0,0.0
MH0441,0.0,0.186,0.0,0.0,0.00091,6.07231,1.70612,0.0,29.680600000000002,0.0,0.0,0.0,0.0,0.0,0.00278,0.0,0.0,0.03173,56.2271,0.0,1.40647,0.04548000000000001,0.0,0.0,0.0,2.01734,0.0,0.0,0.016730000000000002,0.0,0.0,0.0,0.0,0.0024100000000000002,0.0,0.0,0.0,0.00374,0.0,0.0,0.0,0.0,2.60027,0.0,0.0,0.0,0.0
MH0442,0.0,0.27064,0.0,0.0,0.00123,0.5908100000000001,1.46998,0.0,7.399370000000002,0.0,0.0,0.0,0.0,0.0,0.0162,0.0,0.0,0.064,83.56412,0.0,1.57013,3.12495,0.0,0.0,0.0,0.12952,0.0,0.0,1.5633400000000002,0.0,0.0,0.0,0.0,0.0,0.0,0.0,0.0,0.0,0.0,0.0,0.0,0.0,0.23571,0.0,0.0,0.0,0.0
MH0443,0.0,0.11518,0.0,0.0,0.0,0.92845,1.79206,0.0,28.897800000000004,0.007359999999999999,0.0,0.0,0.0,0.0,0.0,0.0,0.0,0.02191,63.79927000000001,0.0,0.08207,3.7972200000000007,0.0,0.0,0.0,0.48288999999999993,0.0,0.0,0.044969999999999996,0.0,0.0,0.0,0.0,0.02112,0.0,0.00951,0.0,0.0,0.0,0.0,0.0,0.0,0.0002,0.0,0.0,0.0,0.0
MH0444,0.0,0.00088,0.0,0.0,0.0026,0.00631,0.205,0.0,63.06625999999999,0.0,0.0,0.0,0.0,0.0,0.0,0.0,0.0,0.01276,27.589299999999994,0.0,0.11149,5.99308,0.0,0.0,0.0,0.15827,0.0,0.0,0.99581,0.0,0.0,0.0,0.0,1.8447899999999997,0.0,0.0,0.0,0.0,0.0,0.0,0.0,0.0,0.01346,0.0,0.0,0.0,0.0
MH0445,0.0,0.0,0.0,0.0,0.03016,1.98497,2.6882,0.0,32.16542999999999,0.0,0.0,0.0,0.0,0.0,0.00955,0.0,0.0,1.0372,58.33363,0.0,0.24402000000000001,0.16205,0.0,0.0,0.0,0.16552,0.0,0.0,0.05573,0.0,0.0,0.0,0.0,0.0027600000000000003,0.0,0.23815999999999998,0.0,0.0,0.0,0.0,0.0,0.0,2.88262,0.0,0.0,0.0,0.0
MH0446,0.0,0.31449,0.0,0.0,0.0,0.80602,0.10982,0.0,50.444469999999995,0.0,0.0,0.0,0.0,0.0,0.00379,0.0,0.00187,0.06389,34.93531,0.0,0.050050000000000004,11.803650000000001,0.0,0.0,0.0,0.58758,0.0,0.0,0.72843,0.0,0.0,0.0,0.00391,0.0,0.0,0.0,0.0,0.0,0.0,0.0,0.0,0.0,0.14665999999999998,0.0,0.0,0.0,0.0
MH0447,0.0,0.11213,0.0,0.0,0.033819999999999996,1.3690399999999998,0.5474600000000001,0.0,27.688560000000003,0.0,0.0,0.0,0.0,0.0,0.00974,0.0,0.0,0.47185000000000005,59.633329999999994,0.0,1.8300599999999998,6.017020000000001,0.00636,0.0,0.0,1.1002199999999998,0.0,0.00132,0.19618999999999998,0.0,0.0,0.0,0.0,0.00633,0.0,0.41936999999999997,0.0,0.0,0.0,0.0,0.0,0.0,0.55053,0.0,0.0,0.00669,0.0
MH0448,0.0,0.75546,0.0,0.0,0.00587,6.5451500000000005,1.0881200000000002,0.0,11.085789999999996,0.0,0.0,0.0,0.0,0.0,0.00916,0.0,0.0,0.84273,66.38501,0.0,0.85717,0.54471,0.0,0.0,0.0,0.57589,0.0,0.0,0.16734,0.0,0.1712,0.0,0.0,0.75272,0.0,0.02034,0.0,0.0,0.0,0.33784000000000003,0.0,0.0,9.8548,0.0,0.00073,0.0,0.0
MH0450,0.0,0.11681,0.0,0.0,0.00011999999999999999,0.0,0.83587,0.0,22.689809999999998,0.00404,0.0,0.0,0.0,0.0,0.008020000000000001,0.0,0.0,0.04668,65.07047,0.0,2.46901,4.24397,0.0,0.0,0.0,2.0978799999999995,0.0,0.0,0.43263999999999997,0.0,0.0,0.0,0.0,0.79217,0.0,0.0053,0.0,0.0036,0.0,0.0,0.0,0.0,1.18359,0.0,0.0,0.0,0.0
MH0451,0.0,0.0,0.0,0.0,0.0,1.58289,0.35243,0.0,40.54755000000001,0.0,0.0,0.0,0.0,0.0,0.00316,0.0,0.0,0.013930000000000001,56.04679,0.00605,0.14206999999999997,0.04084,0.0,0.0,0.0,0.10568999999999998,0.0,0.0,0.43287000000000003,0.0,0.0,0.0,0.0,0.04547,0.0,0.01011,0.0,0.0,0.0,0.0,0.0,0.0,0.6701600000000001,0.0,0.0,0.0,0.0
MH0452,0.0,0.0,0.0,0.0,0.0,3.89748,0.7226599999999999,0.0,36.004099999999994,0.0,0.0,0.0,0.0,0.0,0.01378,0.0,0.0,0.02722,49.19372999999999,0.0,0.7453099999999999,6.92674,0.0,0.0,0.0,1.6264100000000001,0.0,0.0,0.7050400000000001,0.0,0.0,0.0,0.0,0.05577,0.0,0.0,0.0,0.0,0.0,0.0,0.0,0.0,0.08181000000000001,0.0,0.0,0.0,0.0
MH0453,0.0,0.11025,0.0,0.00227,0.0,0.03626,0.0465,0.0,36.302789999999995,0.0,0.0,0.0,0.0,0.0,0.00247,0.0,0.0,0.0012900000000000001,62.81999999999999,0.0,0.07783,0.15346,0.0,0.0,0.0,0.09333999999999999,0.0,0.0,0.11298,0.0,0.0,0.0,0.0,0.00481,0.0,0.00125,0.0,0.0,0.0,0.0,0.0,0.0,0.22341999999999998,0.0,0.0,0.0,0.0111
MH0454,0.0,0.42025999999999997,0.0,0.0,0.0,5.33598,0.9925799999999999,0.0,27.960549999999998,0.0,0.0,0.0,0.0,0.0,0.0031899999999999997,0.0,0.0,0.00855,54.69639,0.0,3.81501,0.045360000000000004,0.0,0.0,0.0,1.7153300000000002,0.0,0.0,0.0519,0.0,0.0,0.0,0.0,0.02529,0.0,0.0,0.0,0.0,0.0,0.0,0.0,0.0,4.92964,0.0,0.0,0.0,0.0
MH0455,0.0,0.0,0.0,0.00201,0.0,0.6483,0.23946000000000003,0.0,57.78050999999999,0.0,0.0,0.0,0.0,0.0,0.00436,0.0,0.0,0.007090000000000001,36.699940000000005,0.0,0.20087,4.17525,0.0,0.0,0.0,0.13541999999999998,0.0,0.0,0.0,0.0,0.0,0.0,0.0,0.03593,0.0,0.039310000000000005,0.0,0.0,0.0,0.0,0.0,0.0,0.03149,0.0,0.0,0.0,0.0
MH0457,0.0,0.07846,0.0,0.0,0.0,1.3919,0.53941,0.0,29.574769999999994,0.0,0.0,0.0,0.0,0.0,0.00428,0.0,0.0,0.15359,55.56315000000001,0.0,0.17872000000000002,5.325,0.0,0.0,0.0,1.03283,0.0,0.0,0.28698999999999997,0.0,0.0,0.0,0.0,0.00265,0.0,0.07761000000000001,0.0,0.0,0.0,0.0,0.0,0.0,5.79068,0.0,0.0,0.0,0.0
MH0458,0.0,0.0,0.0,0.0,0.00016,0.0007700000000000001,0.18130999999999997,0.0,44.50128,0.0,0.0,0.0,0.0,0.0,0.0,0.0,0.0,0.0021200000000000004,42.254889999999996,0.0,3.59613,2.5791399999999993,0.0,0.0,0.0,0.11619,0.0,0.0,0.5475399999999999,0.0,0.0,0.0,0.0,0.00227,0.0,0.0,0.0,0.0,0.0,0.0,0.0,0.0,6.21822,0.0,0.0,0.0,0.0
MH0462,0.0,0.0,0.0,0.0,0.0,5.55646,0.39744,0.0,62.19973,0.0,0.0051,0.00141,0.0,0.0,0.0,0.0,0.0,0.06760000000000001,20.537149999999993,0.0,0.28299,7.45878,0.0,0.0,0.0,2.2633600000000005,0.0,0.0,0.8985399999999999,0.0,0.0,0.0,0.0,0.00435,0.0,0.0,0.0,0.00575,0.0,0.0,0.0,0.0,0.31493000000000004,0.00639,0.0,0.0,0.0
