SampleID,k__Archaea|p__Euryarchaeota|c__Archaeoglobi,k__Archaea|p__Euryarchaeota|c__Methanobacteria,k__Archaea|p__Euryarchaeota|c__Methanococci,k__Bacteria|p__Acidobacteria|c__Acidobacteriia,k__Bacteria|p__Actinobacteria|c__Actinobacteria,k__Bacteria|p__Aquificae|c__Aquificae,k__Bacteria|p__Bacteroidetes|c__Bacteroidia,k__Bacteria|p__Bacteroidetes|c__Flavobacteriia,k__Bacteria|p__Bacteroidetes|c__Sphingobacteriia,k__Bacteria|p__Candidatus_Saccharibacteria|c__Candidatus_Saccharibacteria_noname,k__Bacteria|p__Chlorobi|c__Chlorobia,k__Bacteria|p__Deferribacteres|c__Deferribacteres,k__Bacteria|p__Deinococcus_Thermus|c__Deinococci,k__Bacteria|p__Firmicutes|c__Bacilli,k__Bacteria|p__Firmicutes|c__Clostridia,k__Bacteria|p__Firmicutes|c__Erysipelotrichia,k__Bacteria|p__Firmicutes|c__Negativicutes,k__Bacteria|p__Fusobacteria|c__Fusobacteriia,k__Bacteria|p__Proteobacteria|c__Alphaproteobacteria,k__Bacteria|p__Proteobacteria|c__Betaproteobacteria,k__Bacteria|p__Proteobacteria|c__Deltaproteobacteria,k__Bacteria|p__Proteobacteria|c__Epsilonproteobacteria,k__Bacteria|p__Proteobacteria|c__Gammaproteobacteria,k__Bacteria|p__Spirochaetes|c__Spirochaetia,k__Bacteria|p__Synergistetes|c__Synergistia,k__Bacteria|p__Tenericutes|c__Mollicutes,k__Bacteria|p__Verrucomicrobia|c__Verrucomicrobiae,k__Eukaryota|p__Ascomycota|c__Eurotiomycetes,k__Eukaryota|p__Ascomycota|c__Saccharomycetes,k__Eukaryota|p__Ascomycota|c__Schizosaccharomycetes,k__Eukaryota|p__Eukaryota_noname|c__Eukaryota_noname
MH0003,0,0,0,0,1.18363,0,27.64497,0,0,0,0,0,0.02036,15.64538,49.02561,0.02321,5.20361,0,0,0.13231,0.78803,0,0.33287,0,0,0,0,0,0,0,0
MH0006,0,0,0,0.00225,0.1972,0,56.83952,0,0,0,0,0,0.03431,0.1209,35.5278,0.61286,5.81496,0,0.0067,0.2857,0.53367,0,0.01233,0,0,0,0.01181,0,0,0,0
MH0011,0,4.00849,0.01828,0,1.49357,0,38.66557,0.02555,0,0,0,0,0.04231,0.26179,46.93975,1.32957,0.22216,0,0,0.21279,1.14872,0,0.02998,0,0,0,5.60148,0,0,0,0
MH0012,0,0.43079,0,0.00261,4.2605,0,41.7209,0,0,0,0,0,0.05672,0.02017,40.78755,1.0316,3.95706,0,0,0.88956,0.54635,0.00247,1.2252,0,0,0,5.06821,0,0.00031,0,0
MH0014,0,0.06246,0,0.00979,0.41779,0,30.94941,0.00644,0.01365,0,0,0,0.01705,0.01496,41.89493,0.14834,0.26691,0,0,0.27714,0.11788,0,25.61874,0,0,0,0.1845,0,0,0,0
MH0016,0,0.00236,0,0,0.38094,0,56.67494,0.01856,0.12578,0,0,0,0,0.09102,41.59885,0.11906,0.10093,0,0,0.39391,0.40921,0,0.01914,0,0,0.00852,0.05679,0,0,0,0
MH0020,0,0,0,0,2.50402,0,67.28928,0.01326,0.01669,0,0,0,0.01756,0.01793,22.05875,0.07224,6.01633,0,0,0.76283,1.22543,0,0.00564,0,0,0,0,0,0,0,0
MH0024,0,0.11792,0,0.00613,0.12394,0,67.9722,0,0,0,0,0,0.03333,0.01847,31.01647,0.04872,0.59501,0,0,0.01118,0,0,0.03432,0,0,0,0.02184,0,0.00048,0,0
MH0025,0,0.52047,0,0.13182,3.54109,0,31.8655,0,0.02687,0,0,0,0.0253,0.23026,47.22828,0.7269,0.14356,0,0,0.38827,0.53744,0,11.22359,0.15232,0,0,3.25828,0,0,0,0
MH0026,0,0,0,0,0.59404,0,63.52388,0,0,0,0,0,0,0.01121,34.68976,0.24897,0.07517,0,0.0322,0.44843,0.12055,0,0,0,0,0,0.2558,0,0,0,0
MH0028,0,0.06228,0,0.00531,1.09492,0,64.33301,0.00872,0.07238,0,0,0,0,0.0076,30.56787,0.18123,0.19164,0,0,0.33609,0.6201,0,1.95273,0,0,0,0.56613,0,0,0,0
MH0030,0,0.10207,0.00968,0,1.18503,0,14.69481,0,0,0,0.01027,0,0.02689,0.98518,77.45449,2.66749,1.88836,0,0,0.52538,0.37964,0,0.06433,0,0,0,0,0,0.00642,0,0
MH0031,0,0.28367,0,0,1.28685,0,21.61471,0,0,0,0,0,0.01032,0.12984,73.82079,0.75927,0.97331,0,0.0282,0.37946,0.02086,0,0.23188,0,0,0,0.4459,0,0.01491,0,0
MH0032,0,0.00925,0,0.00631,0.42849,0,71.12094,0,0,0,0,0,0.01372,0.08098,24.9385,0.23106,2.42915,0,0,0.59024,0.03671,0,0.05865,0,0,0,0.05595,0,0,0,0
MH0033,0,0.11188,0,0,0.87609,0,30.17571,0.01775,0.069,0,0,0,0.01176,0.13697,61.23926,0.06394,6.08165,0,0,0.05738,0.52802,0,0.61963,0,0,0,0.01103,0,0,0,0
MH0034,0,0,0,0,0.1642,0,79.20857,0.052,0.04448,0,0,0,0.01148,0.06375,16.23469,0.00926,3.46773,0,0,0.62636,0.11527,0,0,0.00224,0,0,0,0,0,0,0
MH0035,0,0.07485,0,0,2.69323,0,40.57529,0.03128,0.01674,0,0,0,0,0.95164,41.43576,0.01575,8.69684,0,0,0.09559,0.35431,0,0.33766,0.00271,0,0.00166,4.71673,0,0,0,0
MH0036,0,0.11284,0,0.04446,0.06246,0,39.82575,0,0,0,0,0,0.02418,0.01335,45.4652,2.06582,12.12134,0,0,0.03257,0.14797,0,0.07782,0,0,0,0.00622,0,0,0,0
MH0037,0,0,0,0.00725,0.46381,0,45.93336,0,0.00334,0,0,0,0.04732,0.12265,30.36295,0.04519,15.13292,0,0,1.32393,0,0,0.38043,0,0,0,6.17625,0,0.00057,0,0
MH0038,0,0,0,0.01861,0.90497,0,43.30101,0.02037,0.03845,0,0,0,0.02698,0.04017,54.00292,0.11513,0.43426,0,0,0.67204,0.11786,0,0.30084,0,0,0.00343,0.003,0,0,0,0
MH0039,0,0.00727,0,0.0231,1.16309,0,59.39051,0.11379,0,0,0,0,0.02512,0.0057,32.35958,1.10232,3.29416,0,0,2.05289,0.22013,0,0.00847,0,0,0,0.23388,0,0,0,0
MH0040,0,0,0,0.0139,0.82265,0,43.02796,0.01141,0,0,0,0,0.10584,0.30901,45.61037,0.0526,9.24646,0,0,0.0418,0,0,0.04032,0,0,0,0.7177,0,0,0,0
MH0041,0,0,0,0.01209,9.40077,0,35.47876,0,0,0,0,0,0.00657,0.35889,40.45553,1.47095,10.10921,0,0,1.4806,0.93731,0,0.16078,0,0,0,0.12853,0,0,0,0
MH0042,0,0.19762,0.0045,0.00575,4.96144,0,32.56945,0,0.02029,0.00138,0,0,0.07503,0.00075,57.10943,0.10807,3.29468,0,0,0.35583,0.16879,0,0.1533,0,0,0,0.9737,0,0,0,0
MH0043,0,0,0,0.01445,0.89339,0,45.80616,0.01537,0,0.00035,0,0,0.0576,0.02796,46.74746,0.02364,4.29568,0,0,0.44079,0.25701,0,0.29947,0,0,0,1.12063,0,0,0,0
MH0044,0,0,0,0.00662,0.80848,0,24.63877,0.0074,0.00911,0,0,0,0.0196,0.01644,69.93565,0.03511,4.21572,0,0.00395,0.07239,0.20386,0,0.017,0,0,0,0.00776,0,0.00215,0,0
MH0046,0,0,0,0.00848,0.24671,0,47.65924,0.02785,0.04415,0,0,0,0.00922,0.05784,42.09233,0.85734,6.16534,0,0,1.44046,1.05049,0,0.23206,0,0,0,0.0959,0,0.01261,0,0
MH0047,0,0,0,0,0.88494,0,58.23783,0.02157,0,0,0,0,0,0.09639,35.17579,1.55187,3.38358,0,0,0.17741,0.41901,0,0.05159,0,0,0,0,0,0,0,0
MH0048,0,0,0,0,2.35821,0,35.88746,0,0,0,0,0,0.01143,0.04463,57.95529,0.77309,0.2976,0,0,0.11903,0.8346,0,0,0.02607,0,0,1.69259,0,0,0,0
MH0049,0,0,0,0,0.56339,0,53.55398,0,0,0,0,0,0,0.02433,24.86481,0.01547,17.29658,0,0,3.46221,0.1961,0,0.02312,0,0,0,0,0,0,0,0
MH0051,0,0.07591,0,0.00872,0.11715,0,42.08156,0.01432,0.02281,0,0,0,0.00949,0.0182,50.95404,1.26401,4.13736,0,0,0.98013,0.28115,0,0.00417,0,0,0,0.031,0,0,0,0
MH0052,0,0.16507,0,0.01153,0.4703,0,23.03968,0,0,0,0,0,0,0.3191,65.7476,0.05724,6.94953,0,0,1.8242,1.11166,0,0.30407,0,0,0,0,0,0,0,0
MH0053,0,0.29592,0,0,3.26174,0,11.04064,0,0,0,0,0,0.0085,0.22785,77.1761,3.30145,4.05734,0,0,0.35102,0.20995,0,0.05806,0,0,0,0,0,0.01138,0,0
MH0054,0,0.10813,0,0.01178,1.8111,0,25.7967,0.00967,0,0,0,0,0.03843,0.01828,56.88003,0.21253,2.01644,0,0,2.8347,0,0,1.01171,0,0,0,9.25053,0,0,0,0
MH0055,0,0,0,0,1.05978,0,45.98759,0,0.02466,0,0,0,0.01896,0.1555,44.7427,0.60896,5.07922,0,0,1.93572,0.03162,0,0.35526,0,0,0,0,0,0,0,0
MH0057,0,0,0,0,0.37447,0,58.6484,0.20346,0.0184,0,0,0,0.0478,0.007,23.10029,0.38761,14.2136,0,0,2.25746,0.6391,0,0.00921,0,0,0,0.09321,0,0,0,0
MH0058,0,0.04619,0,0,0.81755,0,48.07243,0.04996,0,0,0.00421,0,0.02758,0.32249,42.40897,0.06032,3.12465,0,0,3.24329,0.39462,0,0.27851,0,0,0,1.14845,0,0.00078,0,0
MH0059,0,0.00352,0,0,2.42144,0,30.8463,0,0.00271,0,0,0,0.00636,0.05121,56.8276,2.01312,3.72812,0,0.01234,1.89204,0.0283,0,0.43015,0,0,0,1.73676,0,0,0,0
MH0060,0,0.64517,0.00743,0,1.06439,0,20.45918,0,0,0,0,0,0.03096,0.01038,54.51246,1.35282,4.78258,0,0,0.80207,0.19204,0,0.06499,0,0,0,16.07554,0,0,0,0
MH0061,0,0,0,0.01553,0.08659,0,72.01382,0.03187,0.04627,0,0,0,0.01689,0.04224,19.47288,0.09252,6.84565,0.00271,0,0,0.33422,0,0.99882,0,0,0,0,0,0,0,0
MH0062,0,0,0,0,3.26394,0,28.7605,0,0,0,0,0,0.00644,0.01226,57.48077,0.18405,6.51007,0.31259,0,2.67355,0.66016,0,0.12681,0,0,0,0,0,0.00887,0,0
MH0063,0,0.18232,0,0,0.54902,0,37.40232,0,0.04033,0,0,0,0.03218,0.07302,58.09461,0.98634,1.94188,0,0,0.38641,0.06357,0,0,0.24806,0,0,0,0,0,0,0
MH0064,0,0,0,0.02014,0.64422,0,62.56982,0.00827,0,0,0,0,0.02738,0.12983,25.52814,0.01817,9.00116,0,0,1.1462,0.22351,0,0.04197,0,0,0,0.64025,0,0.00095,0,0
MH0066,0,0.1683,0,0,4.34606,0,45.88771,0,0,0,0,0,0.04744,0.00571,45.76537,0.03463,0.08529,0,0,0.60079,0.5926,0,0.03681,0,0,0,2.42934,0,0,0,0
MH0067,0,0,0,0.00527,1.00499,0,60.51129,0.0865,0,0,0,0,0.00573,0.03353,30.83987,0.0346,4.57056,0,0,2.48159,0.31538,0,0,0,0,0,0.11025,0,0.00041,0,0
MH0069,0,0,0,0.00315,3.76269,0.003,22.98381,0.00517,0,0,0,0,0.00685,0.0507,72.11219,0.2873,0.08799,0,0,0.32438,0.36212,0,0.01067,0,0,0,0,0,0,0,0
MH0070,0,0.13291,0.00389,0,0.67033,0,33.51697,0.02448,0.02053,0,0,0,0.02162,0.41471,61.50722,0.02801,1.77247,0,0,1.11102,0.50055,0,0.14084,0,0,0,0.13446,0,0,0,0
MH0072,0,0,0,0.00438,1.31539,0,28.2853,0.10789,0.09937,0,0,0,0.02859,0.64385,55.46791,0.06814,9.64913,0.01709,0,0.21296,0,0,4.09998,0,0,0,0,0,0,0,0
MH0073,0,0,0,0,1.12097,0,39.10967,0.09592,0.03827,0,0,0,0,0.93661,42.41243,0.88184,9.15709,0.01504,0.01085,2.26209,0.05284,0.00298,3.87498,0,0,0,0.02307,0,0.00528,0,0
MH0074,0,0,0,0.04592,1.30357,0,65.07701,0,0.00231,0,0,0,0.0111,0.03034,23.38132,0.28219,7.50164,0,0,2.19684,0,0,0.1236,0,0,0,0.04413,0,0,0,0
MH0075,0,0.14825,0,0,1.04081,0,26.01542,0.00764,0,0,0,0,0.02531,0.01658,69.19038,0.04045,0.77797,0,0,1.95961,0.0647,0,0.23371,0,0,0,0.47917,0,0,0,0
MH0076,0,0,0,0,0.91838,0,50.25388,0.01871,0,0,0,0,0,1.11006,46.97166,0.05329,0.14108,0,0,0.23266,0.03079,0.03661,0.20129,0,0,0,0.03156,0,0,0,0
MH0077,0,0.05166,0,0.00656,0.89609,0,37.27212,0,0.01097,0,0.00741,0,0.01941,0.12931,51.25301,0.39468,8.34779,0,0,1.46151,0.12831,0,0.02117,0,0,0,0,0,0,0,0
MH0078,0,0.0219,0,0,0.3339,0,60.62174,0,0,0,0,0,0,0.94686,29.41566,1.10093,5.95115,0,0,0.67677,0,0,0.9283,0,0,0,0,0,0.0028,0,0
MH0079,0,1.93607,0,0,0.20342,0,43.82104,0,0,0,0,0,0,0,47.84138,0.40714,0.06858,0,0,0.31616,0.54904,0,4.85718,0,0,0,0,0,0,0,0
MH0080,0,0,0,0.00838,0.18707,0,39.67582,0,0,0,0,0,0.00911,0.0565,56.37618,0.23604,2.84028,0,0,0.32356,0.18445,0,0.01816,0,0,0,0.08444,0,0,0,0
MH0081,0,0.32971,0.00511,0.01305,0.64383,0,49.5444,0.01072,0,0,0,0,0.0213,0.00479,38.33753,1.82594,7.25423,0.00372,0,1.4492,0.45221,0,0.04774,0,0,0,0.05629,0,0.00025,0,0
MH0082,0,0.18194,0,0,0.70878,0,20.29331,0,0.01074,0,0,0,0.01427,0.19421,74.56468,1.35645,1.52132,0,0,0.67627,0.24442,0,0.15144,0,0,0,0.08215,0,0,0,0
MH0083,0,0,0,0.0404,1.97114,0,40.17299,0.00948,0,0,0,0,0.01883,0.23669,37.16667,1.24952,16.69129,0,0.01715,1.32561,0.76331,0.00083,0.0413,0,0,0,0.2948,0,0,0,0
MH0084,0,0,0,0,0.13523,0,81.29383,0.02928,0.01677,0,0.01506,0,0,0.01257,11.44796,0.29418,5.26175,0,0,1.31823,0.01348,0,0.14121,0,0,0,0.02045,0,0,0,0
MH0085,0,0,0,0,0.82483,0,62.21221,0.02052,0.028,0,0.00346,0,0.00453,0.02345,34.42087,0.01776,0.05924,0,0,1.89822,0.43759,0,0.04307,0,0,0,0,0,0.00621,0,0
MH0086,0,0,0,0,9.13494,0,15.32044,0.00606,0.00786,0,0,0,0.03615,2.59857,69.87361,0.40064,0.18389,0,0,0.30092,0.64437,0,1.33197,0,0,0,0.16058,0,0,0,0
MH0087,0,0,0,0,0.68976,0,80.81483,0.02064,0.01036,0,0,0,0,0.24975,5.89802,0.02694,9.69803,0,0,0.00624,0,0,0.36474,0,0,0,2.22068,0,0,0,0
MH0088,0,0,0,0,1.01493,0,27.04589,0.01187,0.00673,0.00026,0,0,0.00393,0.02538,68.5685,0.91014,1.91812,0.00052,0,0.0716,0.12849,0,0.16118,0,0,0,0.13247,0,0,0,0
MH0089,0,0,0,0.01278,2.60227,0,50.55559,0,0,0,0,0,0,0.01418,42.61983,0.65078,0.04067,0,0.01898,0.77068,0.68214,0,0.13747,0,0,0,1.89458,0,0,0,0
MH0091,0,0,0,0.00519,0.20317,0,59.04751,0,0,0,0,0,0.0113,0.0298,32.21624,0.306,4.86501,0,0,1.65266,0.67963,0,0.95862,0,0,0,0.0249,0,0,0,0
MH0092,0,0,0,0.00402,1.34641,0,40.92603,0,0,0,0,0,0.01312,0.00359,51.11022,0.33807,3.6752,0,0,1.80768,0.60326,0,0.00758,0,0,0,0.16482,0,0,0,0
MH0093,0,0,0,0,0.1147,0,44.65535,0,0,0,0,0,0,0.00789,17.23213,0.61736,0.04589,0,0,0.06366,0.00681,0,37.12937,0.12683,0,0,0,0,0,0,0
MH0094,0,0,0,0,0.12272,0,69.56603,0,0,0,0,0,0.00621,0.10837,20.61572,0.85455,7.02296,0,0,0.74647,0.89519,0,0.06106,0,0,0,0.00076,0,0,0,0
MH0095,0,0,0,0,0.3827,0,39.4073,0.01187,0,0,0,0,0,0.24745,49.39385,0.09185,0.02996,0,0,1.45514,1.10246,0,7.75968,0,0,0,0.11772,0,0,0,0
MH0096,0.00924,0.73907,0,0,0.13084,0,31.42915,0.00873,0,0,0,0,0.01002,0.11117,58.98446,1.67355,5.84443,0,0,0.14396,0.03542,0,0.26052,0.24169,0,0,0.37773,0,0,0,0
MH0097,0,0.7733,0,0.00908,0.66227,0,42.61072,0,0,0,0,0,0.00987,0.03905,29.64648,0.37848,10.40361,0,0,1.23152,0.64746,0,12.56015,0,0,0,1.02799,0,0,0,0
MH0098,0,0.03771,0,0,0.67424,0,38.90257,0,0,0,0,0,0.01123,0.05413,55.18075,4.58453,0.08604,0,0,0.41549,0.02759,0,0.02575,0,0,0,0,0,0,0,0
MH0099,0,0,0,0.00533,1.37406,0,39.06177,0,0,0,0,0,0.01159,0.11611,57.91971,0.05729,0.15538,0,0,0.12829,0.29796,0,0.16721,0,0,0,0.7053,0,0,0,0
MH0100,0,1.11836,0,0.01341,1.78724,0,19.73725,0,0,0,0,0,0,0.35558,66.30738,0.64632,5.01426,0,0,0.46138,0.33947,0,0.21728,0,0,0,4.0021,0,0,0,0
MH0101,0,0,0,0,1.83237,0,22.72182,0,0,0.01414,0,0,0.01706,0.1751,72.24566,1.46373,0.74863,0,0,0.16287,0.1302,0,0.48838,0,0,0,0,0,0,0,0
MH0102,0,0.53685,0,0,3.07695,0,35.91814,0,0,0,0,0,0.01567,0.33157,49.40183,5.29799,2.98226,0,0,0.97265,0.44102,0.00659,0.18042,0,0,0,0.83807,0,0,0,0
MH0103,0,0,0,0,0.60886,0,59.14547,0,0,0,0,0,0,0.06984,35.4112,0.06509,3.87046,0,0,0.62116,0.12565,0,0,0,0,0,0.08223,0,0,0,0
MH0105,0,0,0,0.01847,0.39907,0,66.46449,0,0,0,0,0,0,0.24571,27.282,0.20465,4.92402,0,0,0.38569,0.05181,0,0.02406,0,0,0,0,0,0,0,0
MH0106,0,0,0,0,0.39213,0,66.30932,0,0,0,0,0,0,0.02011,23.26546,0.01956,7.56171,0,0,0.64213,0.52082,0,0.28445,0,0,0,0.97882,0,0.0055,0,0
MH0107,0,1.14118,0,0,1.26232,0,13.1595,0,0,0,0,0,0.00555,0.34811,75.49791,0.04978,6.51097,0,0,0.82121,0.08063,0,0.06131,0,0,0,1.06149,0,0,0,0
MH0108,0,0,0,0,0.58209,0,75.86929,0,0,0,0,0,0,0,9.68624,0.39865,8.35788,0,0,4.50407,0.60053,0,0.00125,0,0,0,0,0,0,0,0
MH0110,0,0,0,0,0.3416,0,56.80838,0,0,0,0,0,0.01105,0.05635,25.57542,0.11648,13.41299,0,0,2.63233,0,0,0.00745,0,0,0,1.03796,0,0,0,0
MH0111,0,0,0,0,1.2216,0,22.66638,0,0,0,0,0,0,0.61998,68.12313,0.54365,5.23112,0,0,0.28909,0,0,1.0478,0,0,0,0.17024,0,0,0,0.08699
MH0113,0,0.01347,0,0.00652,0.08112,0,36.26805,0,0,0,0,0,0.00709,0.02133,62.64263,0.23861,0.08937,0,0,0.22023,0.39203,0,0.01954,0,0,0,0,0,0,0,0
MH0114,0,0,0,0,0.70132,0,65.57578,0,0,0,0,0,0.00446,0.06429,23.74234,0.2806,7.96017,0,0,1.48876,0.13524,0,0.04708,0,0,0,0,0,0,0,0
MH0115,0,2.50281,0,0.00787,5.00602,0,35.97026,0,0,0,0,0,0.01711,1.93102,50.31352,0.00317,2.11838,0,0,0.01381,0.177,0,1.93905,0,0,0,0,0,0,0,0
MH0116,0,0.47304,0,0,3.74512,0,44.24197,0,0,0,0,0,0,2.55578,44.87377,0.30674,2.73297,0,0.01419,0.09007,0.01145,0,0.07147,0,0,0,0.88347,0,0,0,0
MH0117,0,1.05577,0,0,0.8412,0,24.58725,0,0,0,0,0,0,0.32428,44.36626,3.94657,11.02228,0,0,1.08713,0.16461,0,0.6114,0,0,0,11.99325,0,0,0,0
MH0118,0,0,0,0,3.6053,0,14.36566,0,0,0.01012,0,0,0.00684,0.01493,49.32645,0.08135,32.13862,0,0,0.16428,0.26897,0,0.00922,0,0,0,0,0,0.00823,0,0
MH0119,0,0,0,0.00347,0.70378,0,79.93705,0,0,0,0,0,0.00377,0,13.74161,0.9559,0.01637,0,0,2.91476,0.28264,0,0.00509,0,0,0,1.43558,0,0,0,0
MH0120,0,0.3091,0,0,0.42167,0,68.41885,0,0,0,0,0,0.00812,0.10919,25.24642,1.93348,2.47546,0,0,0.89605,0.02314,0,0.07032,0,0,0,0.0882,0,0,0,0
MH0121,0,0,0,0,0.17919,0,40.35193,0,0,0,0,0,0,0.01085,24.69698,0.42722,0.01462,0,0,1.21009,0.02675,0.00329,33.07907,0,0,0,0,0,0,0,0
MH0122,0,0,0,0,2.01975,0,34.36005,0,0,0,0,0,0,0.36877,53.54639,0.23575,5.96765,0,0,1.69835,0,0,1.758,0,0,0,0.04532,0,0,0,0
MH0123,0,0.06141,0,0,1.17876,0,49.44552,0,0,0,0,0,0.01406,0.02474,44.42498,0.58189,0.035,0,0,3.82996,0.382,0,0.02167,0,0,0,0,0,0,0,0
MH0124,0,0.49178,0,0,0.68413,0,24.50066,0,0,0,0,0,0,0.0383,58.38806,0.51177,0.06517,0,0,0.43343,0.18608,0,2.03493,0,0,0,12.66201,0,0.00371,0,0
MH0125,0,0,0,0,0.81448,0,61.75651,0,0,0,0.00429,0,0.00561,0.12149,35.15161,0.02347,0.34196,0,0,0.35665,0.38864,0,0.05108,0,0,0,0.98418,0,0,0,0
MH0126,0,1.67553,0,0,0.95383,0,9.53899,0,0,0,0,0,0,0.01976,71.29126,2.02833,0.10788,0.01199,0,0.26941,0.03621,0.00265,0.07847,0,0,0,13.98573,0,0,0,0
MH0127,0,0,0,0,0.32451,0,40.83352,0,0,0,0,0,0,0.00268,50.29218,0.34879,8.03284,0,0,0.08911,0,0,0,0,0,0,0.07638,0,0,0,0
MH0128,0,0,0,0,2.05963,0,60.63492,0,0.01532,0,0,0,0,0.00111,34.55243,0.24187,0,0,0,1.59653,0,0,0.89818,0,0,0,0,0,0,0,0
MH0130,0,0.08104,0,0,0.21819,0,59.7874,0.00845,0,0,0,0,0,0.06263,36.38199,0.62969,2.44931,0,0.0153,0.06136,0.17603,0,0.00126,0.02028,0,0,0.10708,0,0,0,0
MH0131,0,5.75054,0.0041,0,16.06199,0,16.76052,0,0,0,0,0,0.00569,0.02422,54.34554,2.7637,0.00767,0.08295,0,0.31854,3.75068,0,0.12389,0,0,0,0,0,0,0,0
MH0132,0,4.2353,0.02548,0.00651,2.77683,0,8.87085,0,0,0,0,0,0.01416,0.05657,72.52604,1.0889,9.87551,0,0,0.14525,0.16446,0.02369,0.02238,0.16807,0,0,0,0,0,0,0
MH0133,0,0,0,0.01829,0.5591,0,63.07636,0,0,0,0,0,0,0.01711,28.26665,0.0207,5.99679,0,0,0.00596,0.81642,0,1.22263,0,0,0,0,0,0,0,0
MH0134,0,0,0,0.00575,1.47023,0,39.20711,0,0,0,0,0,0,1.57695,37.75694,0.07966,17.06887,0,0,1.88828,0.37406,0,0.11542,0,0,0,0.45676,0,0,0,0
MH0135,0,0.18806,0,0.00787,2.52367,0,43.7672,0,0,0,0,0,0.00856,0.55697,44.08986,2.34239,2.19499,0,0,3.02845,0.15177,0,0.61049,0,0,0,0.52973,0,0,0,0
MH0136,0,0,0,0,3.82361,0,61.23345,0,0,0,0.00448,0,0.02345,0.02422,20.67834,0.01384,11.28893,0,0,2.03991,0.86979,0,0,0,0,0,0,0,0,0,0
MH0137,0,0,0,0,0.57377,0,34.27114,0,0,0,0,0,0,0.70312,58.1996,1.22017,4.29243,0,0,0.46904,0.12323,0,0.14751,0,0,0,0,0,0,0,0
MH0138,0,0.02718,0,0,1.7678,0,71.60303,0,0,0,0,0.01462,0,0.56845,11.09522,0.4631,14.32776,0,0,0.06007,0.01747,0,0.05535,0,0,0,0,0,0,0,0
MH0140,0,0,0,0,1.601,0,31.72855,0,0,0,0,0,0.00489,0.02185,62.12297,0.21759,0.02108,0,0,0.90352,0.12197,0,0.72169,0,0,0,2.5349,0,0,0,0
MH0141,0,0,0,0.01234,0.24551,0,38.28585,0,0,0,0.00349,0,0,0.24007,50.30032,1.86396,5.54627,0,0,0.75067,0.59301,0,2.1585,0,0,0,0,0,0,0,0
MH0144,0,0,0,0,0.61761,0,63.73803,0,0,0,0,0,0,0.36227,33.4315,0.91474,0.10472,0,0,0.4951,0.16436,0.00407,0.16331,0,0,0,0.00429,0,0,0,0
MH0147,0,0,0,0,2.14844,0,46.57186,0,0,0,0,0,0.00448,0.07468,37.00872,0.09775,0.05275,0,0,4.03527,0.34229,0,0.17994,0,0,0,9.48383,0,0,0,0
MH0148,0,0.46246,0,0,0.51409,0,28.01722,0,0,0,0,0,0,0.01562,66.22305,1.35888,0.04178,0,0,1.80105,0.00894,0,0,0.06744,0,0,1.48948,0,0,0,0
MH0149,0,0.17338,0,0.00439,0.2445,0,40.23227,0,0,0,0,0,0.00954,0.09483,56.8532,1.35424,0.03869,0,0,0.20719,0.34195,0,0.08812,0,0.35654,0,0.00117,0,0,0,0
MH0150,0,0,0,0,1.56186,0,57.00432,0,0,0,0,0,0.00332,0.02876,34.51713,0.10959,0.01412,0,0,4.27522,2.16725,0,0.00063,0,0,0,0.31755,0,0.00024,0,0
MH0151,0,0.2502,0,0,0.9159,0,38.40931,0,0,0,0,0,0.01113,0.57885,53.21628,2.98376,1.24277,0,0,1.07888,1.16447,0,0.14847,0,0,0,0,0,0,0,0
MH0152,0,0.00348,0,0,3.37761,0,40.24197,0,0,0,0,0,0,1.7638,51.55566,0.0955,2.35038,0,0,0.34613,0.12961,0,0.13287,0,0,0,0.00299,0,0,0,0
MH0153,0,1.40756,0,0.30354,10.26876,0,40.27372,0,0,0,0,0,0.00971,0.00113,39.87227,0.46338,2.50615,0,0,0.33168,1.19655,0,0.04636,0,0,0,3.31915,0,0,0,0
MH0154,0,0.04054,0,0.00424,0.35463,0,36.66436,0.01391,0.00908,0,0,0,0.01843,0.01848,57.83417,0.58851,2.13122,0,0,1.07436,0.12254,0,1.12555,0,0,0,0,0,0,0,0
MH0155,0,0,0,0,2.13028,0,44.20702,0,0,0,0,0,0,0.13884,38.06585,0.02711,13.24333,0,0,1.69536,0.01476,0,0.00746,0,0,0,0.47001,0,0,0,0
MH0156,0,0,0,0.00403,0.00279,0,59.93161,0,0,0,0,0,0,0.08694,23.86903,0.1268,14.67309,0,0,0.37788,0.81893,0,0.1045,0,0,0,0.00436,0,0,0,0
MH0157,0,1.59248,0,0,2.29107,0,34.90146,0,0,0,0,0,0.01076,0.17435,52.14803,0.01179,1.72178,0,0,1.45401,0.94467,0,0.05299,0,0,0,4.6966,0,0,0,0
MH0158,0,0,0,0.01042,0.80713,0,63.31673,0,0,0,0,0,0.00567,0.58379,33.61951,0.35662,0.40316,0,0,0.69877,0.07304,0,0.12515,0,0,0,0,0,0,0,0
MH0159,0,1.52371,0,0,2.50778,0,34.53371,0,0,0,0,0,0.00886,0.52773,43.51125,1.30358,0.08917,0,0,0.25625,0.38463,0,5.48314,0,0.03419,0,9.83381,0,0.00217,0,0
MH0160,0,0,0,0,0.85163,0,31.58095,0,0,0,0,0,0,0.58421,53.83999,1.67673,7.46897,0,0,2.00232,0.15383,0,1.84138,0,0,0,0,0,0,0,0
MH0161,0,0,0,0,4.45707,0,17.60583,0,0,0,0,0,0,0.40208,35.40869,0.18584,41.80563,0,0,0.05416,0.0544,0,0.02626,0,0,0,0,0,0,0,0
MH0162,0,0,0,0,3.63729,0,50.65527,0,0,0,0,0,0.02468,0.34375,39.57187,0.5137,4.16774,0,0,0.47029,0.60826,0,0.00716,0,0,0,0,0,0,0,0
MH0163,0,1.55328,0,0,4.1966,0,13.10311,0,0,0,0,0,0,0.22397,67.86934,1.50782,7.61309,0,0,0.02732,0.04279,0,2.43383,0,0,0,1.42884,0,0,0,0
MH0165,0,0.29006,0,0,0.86611,0,49.26864,0,0,0,0,0,0,0.21492,29.85991,3.21777,11.13782,0,0,0.95141,0.49996,0,0.00221,0,0,0,3.69122,0,0,0,0
MH0166,0,0,0,0,0.44893,0,49.06787,0.00819,0,0,0,0,0,0.00778,41.80236,0.10787,6.64263,0,0,1.91433,0,0,0,0,0,0,0,0,0,0,0
MH0167,0,0,0,0,1.21919,0,63.77911,0,0.01752,0,0,0,0.01856,0.05374,31.43226,2.77368,0.06321,0,0,0.51392,0,0,0.12875,0,0,0,0,0,0,0,0
MH0168,0,0.15,0,0,0.75006,0,52.85213,0,0,0,0,0,0,0.13162,42.45523,1.2858,0.30952,0,0,1.77061,0.04009,0,0.19165,0,0,0,0.06328,0,0,0,0
MH0170,0,0,0,0,0.73601,0,25.60729,0,0,0,0,0,0.00348,0.24573,63.13532,0.27561,9.24179,0,0,0.27836,0.07702,0,0.38688,0,0,0,0.0125,0,0,0,0
MH0172,0,0,0,0,0.91255,0,39.04354,0,0,0,0,0,0.00608,0.31805,57.14276,1.47346,0.12929,0,0,0.25723,0.36638,0,0.02823,0,0,0,0.32238,0,0,0,0
MH0174,0,0,0,0.01265,1.66952,0,42.62169,0.00582,0,0,0,0,0,0.26336,50.43031,0.82775,3.03905,0,0,0.811,0.05612,0,0.2603,0,0,0,0.00243,0,0,0,0
MH0175,0,0,0,0,0.30955,0,16.05201,0,0,0,0,0,0.012,0.07817,69.42337,0.66405,9.35281,0,0,0.41317,0.23889,0.0099,0.46709,0,0,0,2.97097,0,0.00799,0,0
MH0176,0,0,0,0,1.76269,0,40.55551,0,0,0.00496,0,0,0,0.09747,52.89749,0.7285,2.73089,0,0,0.14597,1.05386,0,0.02266,0,0,0,0,0,0,0,0
MH0177,0,0.158,0,0.00585,1.79547,0,50.96799,0.00961,0,0,0,0,0.00636,0.19162,35.54521,0.02329,7.46896,0,0,3.17992,0.23203,0,0.17994,0,0,0,0.23575,0,0,0,0
MH0178,0,0,0,0.0033,0.34049,0,65.13802,0.00542,0.00869,0,0,0,0.00359,0.0634,32.21028,0.94491,0.03086,0,0,1.00474,0.16935,0,0.00104,0,0,0,0.07595,0,0,0,0
MH0179,0,0,0,0,0.28499,0,51.84844,0,0,0,0,0,0,0.01584,41.57401,0.38488,0.02968,0,0,0.87048,0.50344,0,4.48821,0,0,0,0,0,0,0,0
MH0180,0,0,0,0.00494,0.14894,0,51.04832,0.04054,0.01106,0,0,0,0.00537,0.02192,47.64765,0.19639,0.07999,0,0,0.07673,0.65049,0,0,0,0,0,0.06764,0,0,0,0
MH0181,0,0.15083,0,0,5.62433,0,39.08153,0.00584,0,0,0,0,0.01327,0.1553,52.17546,0.27621,0.09868,0,0,1.88907,0.47974,0,0.01726,0,0,0,0.0325,0,0,0,0
MH0182,0,0,0,0.0069,0.12205,0,63.13448,0,0,0,0,0,0.01501,0.00519,24.89236,0.89235,7.07745,0,0,0.05003,0.51668,0,0.11177,0,0,0,3.17577,0,0,0,0
MH0183,0,0,0,0,0.37088,0,31.42366,0,0,0,0,0,0,1.42161,59.93235,2.4801,3.96932,0.00827,0,0.12141,0.0067,0.00041,0.26531,0,0,0,0,0,0,0,0
MH0184,0,0,0,0,0.83504,0,54.00512,0,0,0,0,0,0.00412,2.72106,39.9436,1.13891,0.47049,0,0,0.51109,0.26315,0,0.10747,0,0,0,0,0,0,0,0
MH0185,0,0,0,0,1.62219,0,39.41555,0,0,0,0,0,0.01146,0.87401,49.53505,0.07486,7.06136,0,0,0.9564,0.36585,0,0.0833,0,0,0,0,0,0,0,0
MH0186,0,0.02266,0,0,0.02103,0,68.44809,0,0.00608,0,0,0,0,0.00613,24.13553,0.022,7.28855,0,0,0.02892,0,0,0.02102,0,0,0,0,0,0,0,0
MH0187,0,0,0,0,1.23469,0,67.01207,0,0,0,0,0,0.00411,0.08014,27.09957,0.35441,0.20754,0,0,3.13897,0.02206,0,0.05856,0,0,0,0.78787,0,0,0,0
MH0188,0,0,0,0,14.60781,0,18.26119,0,0,0,0,0,0,0.16945,64.2397,1.04309,0.02903,0,0,1.11346,0.03175,0,0.14258,0,0,0,0.3619,0,0,0,0
MH0189,0,1.771,0,0,7.12931,0,10.34064,0,0,0,0,0,0.01158,0,53.8104,9.75468,0.5048,0,0,0.28619,0.5225,0,1.09769,12.3043,0,0,2.46691,0,0,0,0
MH0191,0,0.01537,0,0,17.74972,0,25.92522,0,0,0,0,0,0.00422,0.08805,45.30231,0.36009,8.88002,0,0,0.69479,0.67958,0,0.11205,0,0,0,0.18854,0,0,0,0
MH0193,0,0.48402,0,0,2.58936,0,38.79579,0,0,0,0,0,0.00663,0.08624,56.19762,0.41627,0.01319,0,0,0.68121,0.58492,0,0.13161,0.01316,0,0,0,0,0,0,0
MH0195,0,0.17787,0,0,1.03828,0,66.95476,0,0,0,0,0,0.0029,0.03936,30.43357,0.28279,0.01331,0,0,0.44967,0.52068,0,0.02062,0.00141,0,0,0.06479,0,0,0,0
MH0196,0,0,0,0.00207,1.70422,0,25.85089,0,0,0,0,0,0.00225,0.19717,69.8502,0.46505,0.11198,0,0,0.1494,0.32902,0,0.49591,0,0,0,0.84189,0,0,0,0
MH0197,0,1.42762,0,0,4.60785,0,38.28842,0,0,0,0,0,0.01656,0.08198,40.81964,0.38328,0.05307,0,0,0.20174,0.44382,0,0.04151,0,0,0,13.63452,0,0,0,0
MH0198,0,0,0,0,0.47071,0,23.1027,0.00555,0,0,0,0,0,0.08417,74.21444,0.82531,0.11068,0,0,0.18712,0.68937,0,0.01965,0,0,0,0.29029,0,0,0,0
MH0199,0,0,0,0,3.88724,0,37.61269,0.00248,0,0,0,0,0.00329,0.00741,48.84057,0.51428,7.77562,0,0,0.32042,0.85175,0,0.14708,0,0,0,0.03716,0,0,0,0
MH0200,0,0.54422,0,0.02726,4.03456,0,23.29992,0,0,0.00224,0,0,0.01976,0.0388,69.56259,0.66235,0.85945,0,0,0.40517,0.5388,0,0,0,0,0,0,0,0.00484,0,0
MH0203,0,0.95025,0.00153,0,14.40749,0,35.4363,0,0,0,0,0,0.00426,0.07127,45.14862,0.06419,3.27311,0,0,0.40343,0.22992,0,0.00663,0,0,0,0.00301,0,0,0,0
MH0204,0,0,0,0,0.91896,0,22.24972,0,0,0,0,0,0.00483,0.52317,61.16656,0.82098,0.4916,0,0,0.1796,0.453,0,13.12504,0,0,0,0.04891,0,0.01761,0,0
MH0205,0,0.48146,0.00245,0,3.04927,0,37.60831,0,0.00647,0.00899,0,0,0,0.44994,56.94162,0.17887,0.11782,0,0,0.40184,0.54349,0,0.00738,0,0,0,0.19721,0,0.0049,0,0
MH0206,0,0.00231,0,0,2.2279,0,47.08296,0,0,0,0,0,0.00592,0.08762,43.91042,0.05538,0.06435,0,0,2.21798,0.49134,0,0.76813,0,0,0,3.08571,0,0,0,0
MH0211,0,0,0,0,0.49351,0,44.68619,0,0,0,0,0,0,0.15046,43.97505,0.23307,5.47636,0,0,2.09188,0.69505,0,0.74515,0,0,0,1.45328,0,0,0,0
MH0212,0,0,0,0.00287,1.43729,0,44.26228,0.00472,0,0,0,0,0.00312,0.00785,48.85482,0.63199,0.06213,0,0,0.37669,0.47415,0,0.01821,0,0,0,3.86385,0,0,0,0
MH0217,0,0,0,0.00573,2.35497,0,37.82536,0,0,0,0,0,0.00623,0.02942,31.24306,0.37909,23.05031,0,0,0.66661,0.06656,0,0.03358,0,0,0,4.33906,0,0,0,0
MH0220,0,0.03636,0,0,0.65196,0,32.67572,0,0,0,0,0,0.00746,0.12691,51.5275,1.73829,9.48645,0,0,2.7431,0.18914,0,0.34591,0,0,0,0.47126,0,0,0,0
MH0224,0,0.48627,0,0,3.23934,0,49.85878,0,0,0,0,0,0,0.13098,43.85608,0.21597,0.45903,0,0,0.75201,0.14433,0,0.64748,0,0,0,0.20976,0,0,0,0
MH0227,0,0,0,0,1.66038,0,64.31418,0.00352,0,0,0,0,0,0.04762,24.60246,1.29954,4.60895,0,0,2.59024,0.73637,0,0.11381,0,0,0,0.02292,0,0,0,0
MH0229,0,5.75803,0.00222,0,2.148,0,18.99165,0,0,0,0,0,0.00618,0.22575,58.76231,0.5491,12.48184,0,0,0.17882,0.50775,0,0.31354,0,0,0,0.07475,0,0,0,0
MH0230,0,0,0,0,8.4741,0,42.05438,0,0,0,0,0,0,0.27693,45.45672,0.21929,2.88974,0,0,0.00952,0,0,0.05421,0,0,0,0.56515,0,0,0,0
MH0233,0,0,0,0,2.40245,0,62.82865,0,0,0,0,0,0.00277,0.00923,33.79881,0.4452,0.38565,0,0,0,0,0,0.10379,0,0,0,0.02343,0,0,0,0
MH0236,0,0,0,0,1.27043,0,55.51498,0,0,0.00053,0,0,0.0023,0.57323,29.36291,0.1547,9.41549,0.00749,0,2.80032,0.14718,0.00285,0.74766,0,0,0,0,0,0,0,0
MH0239,0,0,0,0,0.62037,0,71.65282,0,0.00384,0,0,0,0,0.02692,20.97726,0.64464,0.00476,0,0,0.00013,0.02426,0,0.02453,0,0,0,6.01239,0,0.00807,0,0
MH0243,0,0.00445,0,0.00257,1.11339,0,61.87323,0,0,0,0,0,0,0.03873,32.44206,0.43179,3.26172,0,0,0.52254,0.01192,0,0.19724,0,0,0,0.10035,0,0,0,0
MH0244,0,0,0,0,3.77335,0,71.09879,0.00384,0,0,0,0,0.00254,0.54077,21.86139,1.4669,0.00727,0,0,0.2379,1.00496,0,0,0,0,0,0.0023,0,0,0,0
MH0247,0,0,0,0,0.21481,0,49.95596,0,0.00716,0,0,0,0.00603,0.0044,42.52878,2.468,0.90366,0,0,0.29078,0.98247,0,2.18446,0,0,0,0.4535,0,0,0,0
MH0250,0,0,0,0,4.35891,0,28.37071,0,0,0,0,0,0.00479,0.05239,60.27695,0.06219,3.49329,0,0,0.69323,0.17991,0,0.1618,0,0,0,2.34584,0,0,0,0
MH0251,0,0,0,0,0.84184,0,39.93403,0,0,0,0,0,0,0.04171,58.77047,0.13057,0.07908,0,0,0.12644,0.02575,0,0.03822,0,0,0,0.01185,0,0,0,0
MH0253,0,0.06658,0,0,1.3765,0,27.82212,0,0,0,0,0,0.00692,0.02216,68.52096,0.11377,0.00962,0,0,1.11166,0.49414,0,0.02654,0,0,0,0.42904,0,0,0,0
MH0257,0,0.16094,0,0,0.63309,0,48.39679,0,0,0,0,0,0.00366,0,28.81007,0.29551,6.93034,0,0,0.06688,0.32757,0,14.22258,0,0,0,0.15261,0,0,0,0
MH0267,0,0,0,0,1.0252,0,31.41874,0,0,0.00087,0,0,0.00393,0.17843,55.84581,0.07626,7.35487,0,0,0.55003,0.30616,0,0.04472,0,0,0,3.19494,0,0,0,0
MH0272,0,0.00687,0,0,4.02398,0,46.69334,0,0,0,0,0,0.0057,0.01186,42.23807,0.90353,0.0212,0,0,1.65786,0.90416,0,0.02734,0,0,0,3.50607,0,0,0,0
MH0274,0,0.00133,0,0,4.54826,0,52.06049,0,0,0,0,0,0,0.20874,34.77448,0.60125,0.35516,0.00052,0,5.69333,0.59121,0,0.87692,0,0,0,0.28839,0,0,0,0
MH0275,0,0,0,0,6.17383,0,43.02416,0,0,0,0,0,0.00422,0.49536,43.93451,0.1434,0.60434,0,0,3.12939,1.32261,0,0.2449,0,0,0,0.91772,0,0.00561,0,0
MH0276,0,0.09348,0,0,3.04436,0,4.74641,0,0,0,0,0,0.0068,1.44232,77.91265,0.38717,9.15816,0,0,0.69195,0.02368,0,0.01971,0,0,0,2.47333,0,0,0,0
MH0277,0,0,0,0,0.04982,0,0.48182,0,0,0.00213,0,0,0.0001,2.29254,7.00534,0.12669,0.07476,0.26663,0,0.01817,0,0,89.682,0,0,0,0,0,0,0,0
MH0286,0,0,0,0,2.8113,0,28.81578,0,0,0,0,0,0.01219,0.66212,39.09563,0.86133,24.13688,0,0,1.79129,0.92102,0,0.0755,0,0,0,0.81698,0,0,0,0
MH0287,0,0,0,0,5.43314,0,27.63222,0,0,0,0,0,0.00203,5.64475,55.30875,0.54012,2.01149,0,0,1.86138,0.00666,0,1.55949,0,0,0,0,0,0,0,0
MH0288,0,0.03514,0,0,0.80659,0,23.26291,0,0,0,0,0,0,0.15496,64.46199,1.42785,8.43168,0,0,0.35606,0.01191,0.00068,0.94904,0,0,0,0.10115,0,0,0,0
MH0289,0,0,0,0,1.75295,0,61.25623,0,0,0,0,0,0,0.12063,32.19761,0.05754,0.04827,0,0,4.12656,0.3314,0,0.10878,0,0,0,0,0,0,0,0
MH0292,0,0,0,0,4.37583,0,16.57114,0,0,0,0,0,0.00423,0.42309,65.62774,0.19808,11.51995,0,0,0.58562,0.05825,0,0.63609,0,0,0,0,0,0,0,0
MH0302,0,0.01312,0,0,0.10737,0,70.46438,0,0,0,0,0,0.00554,0.09814,20.00735,0.57603,0.53275,0,0,0,0.01839,0,0.90861,0,0,0,7.26832,0,0,0,0
MH0305,0,0,0,0.00372,0.98481,0,46.85195,0,0,0,0,0,0.00405,0.0317,51.50839,0.22333,0.01709,0,0,0.27356,0,0,0.0569,0,0,0,0.04454,0,0,0,0
MH0307,0,0,0,0,1.59207,0,54.28048,0,0,0,0,0,0,0.02397,33.56061,0.22198,8.99831,0,0,0.66344,0.59799,0,0,0,0,0,0.06113,0,0,0,0
MH0313,0,0,0,0,0.83452,0,62.30438,0,0,0,0,0,0,0.17118,25.70574,0.05718,9.9124,0,0,0.54584,0.11136,0,0.2929,0,0,0,0.06448,0,0,0,0
MH0316,0,0.02433,0,0,0.3888,0,24.96987,0,0,0,0,0,0,0.03795,68.53276,1.70428,2.71526,0,0,1.1162,0.26289,0,0.03929,0,0,0,0.20838,0,0,0,0
MH0318,0,0.58825,0,0,1.33423,0,20.30783,0,0,0.00403,0,0,0.00921,0.00329,62.93529,2.49807,1.87308,0,0,0.22789,0.2976,0,7.31409,0.05748,0,0,2.54966,0,0,0,0
MH0321,0,0.02332,0,0,1.30093,0,62.17635,0,0,0,0,0,0.00318,0.7745,27.32447,0.77401,5.52516,0,0,0.60994,0.19848,0.00042,0.29492,0,0,0,0.99428,0,0,0,0
MH0322,0,0.02333,0,0,0.57195,0,71.8689,0,0,0,0,0,0,0.00175,23.84254,0.45945,1.58456,0,0,0.82849,0.33136,0,0.00211,0,0,0,0.48553,0,0,0,0
MH0333,0,0,0,0,0.32768,0,64.37061,0,0,0.0008,0,0,0.0034,0.05456,21.12852,0.52981,12.07487,0,0,0.10289,1.36429,0,0.04263,0,0,0,0,0,0,0,0
MH0403,0,0.01766,0,0,3.70531,0,37.53976,0,0,0.0006,0,0,0.005,0.02378,57.6714,0.09185,0.0219,0,0,0.43501,0.43385,0,0.05385,0,0,0,0,0,0,0,0
MH0404,0,0,0,0,0.18887,0,62.66187,0,0,0,0,0,0,0.01327,29.99817,0.75672,0.17307,0,0,0.87419,0.68429,0,0.00147,0,0,0,4.6481,0,0,0,0
MH0405,0,0,0,0,1.00776,0,61.00299,0,0,0,0,0,0.0033,0.32954,29.98596,0.70856,5.85604,0,0,0.69096,0.26226,0,0.12941,0,0,0,0.0232,0,0,0,0
MH0406,0,0,0,0,1.73651,0,57.99515,0,0,0,0,0,0.0024,0.04568,33.97329,0.63026,0.01422,0,0,4.07792,1.36108,0.0003,0.01295,0,0,0,0.15021,0,0,0,0
MH0407,0,0.19965,0,0,2.09603,0,22.28072,0,0,0,0,0,0.01106,0.02875,67.25738,0.48688,7.05278,0,0,0.21967,0.14116,0,0.22041,0,0,0,0,0,0.00554,0,0
MH0408,0,0.44951,0,0,1.08733,0,41.34715,0,0,0,0,0,0,0.14795,50.69758,1.36876,3.28022,0,0,0.89396,0.28925,0.00072,0.40337,0,0,0,0.03425,0,0,0,0
MH0409,0,0.27642,0,0,0.72177,0,20.47932,0,0,0,0,0,0,0.03481,75.77507,0.36546,1.896,0,0,0.18835,0.06713,0,0.02315,0,0,0,0.17255,0,0,0,0
MH0410,0,0,0,0,1.04822,0,40.92525,0,0,0.00108,0.00173,0,0,0.00452,54.1116,0.02909,2.63056,0,0,0.9981,0.24001,0,0.00983,0,0,0,0,0,0,0,0
MH0411,0,0,0,0,3.30567,0,28.11469,0,0,0,0,0,0,0.57036,53.29734,0.45909,13.04986,0,0,0.86492,0.13216,0,0.18403,0,0,0,0.02187,0,0,0,0
MH0412,0,0.09639,0,0,2.49685,0,29.97204,0,0,0,0,0,0.00351,0.55571,58.59636,0.48135,3.08075,0,0,0.37419,0.84743,0,0.23043,0,0,0,3.26496,0,0,0,0
MH0413,0,0,0,0,3.72291,0,33.7871,0,0,0,0,0,0.00323,0.04007,40.30445,0.96801,10.6617,0,0,0.57111,0.34365,0,0.01199,0,0,0,9.58579,0,0,0,0
MH0414,0,0.04008,0,0,0.13009,0,76.03021,0,0,0,0,0,0,0.73788,20.0024,1.05138,0.60812,0,0,0.2201,0.01127,0,0.08945,0,0,0,1.07904,0,0,0,0
MH0415,0,0.5863,0.00302,0.00772,1.33644,0,23.56928,0.01267,0,0,0,0,0.01259,0.17771,66.5287,2.7326,0.04559,0,0,0.26541,0.07387,0,0.9063,0.01618,0,0,3.72556,0,0,0,0
MH0417,0,0.47315,0,0,2.86446,0.00123,29.40175,0,0,0,0,0,0,0.01667,54.78698,0.74804,5.69668,0,0,0.064,0.23519,0.00322,0.49294,0,0,0,5.21574,0,0,0,0
MH0418,0,0.04491,0,0,1.51552,0,39.43437,0,0,0,0,0,0.00244,0.01642,56.79428,0.02726,1.19885,0,0,0.68218,0.21371,0,0.02635,0,0,0,0.04369,0,0,0,0
MH0419,0,0.00741,0,0.00219,2.48589,0,58.94038,0,0,0,0,0,0.00239,0.02777,31.32795,0.40374,6.4722,0,0,0.14972,0.0149,0.0026,0.08159,0,0,0,0.08133,0,0,0,0
MH0420,0,0,0,0,0.81424,0,6.66374,0,0,0,0,0,0,0.04296,92.08953,0.09361,0.23075,0,0,0,0,0,0.05764,0,0,0,0,0,0.00745,0,0
MH0421,0,0.05979,0,0,0.96096,0,57.07844,0.00508,0,0,0,0,0.00673,0.22332,38.89419,0.65338,0.20912,0,0,0.82715,0.27464,0,0.75207,0,0,0,0.05512,0,0,0,0
MH0422,0,0.30625,0,0,1.26277,0,33.87609,0,0,0,0,0,0,0,62.61603,0.07383,0.02044,0,0,0.14947,0.81287,0,0.04036,0,0,0,0.84186,0,0,0,0
MH0423,0,0,0,0,4.5661,0,35.77044,0,0,0,0,0,0.01019,0.84118,44.1494,0.75091,13.47529,0,0,0.27218,0.0024,0,0.04036,0.03775,0,0,0.08383,0,0,0,0
MH0424,0,0,0,0,1.57476,0,37.4522,0,0.0067,0,0,0,0.00589,0.79611,44.68338,0.85126,7.04198,0,0,2.23981,0.01999,0,1.28447,0,0,0,4.04345,0,0,0,0
MH0425,0,0,0,0,0.09244,0,56.09795,0.00328,0,0,0,0,0.00435,0.11453,39.05151,0.06018,1.90963,0.0004,0,0,0,0,2.66574,0,0,0,0,0,0,0,0
MH0426,0,0,0,0,0.70755,0,73.14242,0,0,0,0,0,0.00733,0.0183,25.32868,0.05202,0.01475,0,0,0.13292,0.22546,0,0.02086,0,0,0,0.3497,0,0,0,0
MH0427,0,0,0,0,0.98682,0,43.20378,0,0,0,0,0,0,0,21.33382,0.39914,10.4842,0,0,0.81317,0.13734,0,22.39695,0,0,0,0.24479,0,0,0,0
MH0429,0,0.0248,0,0,1.11074,0,41.32345,0,0,0,0,0,0,0,46.45802,0.19795,8.92598,0,0,0.70307,0.55409,0,0.05189,0,0,0,0.65002,0,0,0,0
MH0430,0,0.16598,0,0,6.07371,0,5.93878,0,0,0,0,0,0,0.19262,64.40479,1.42728,14.05676,0,0,0.26667,0.66414,0,0.13711,0,0,0,6.67217,0,0,0,0
MH0431,0,0.37068,0,0,4.39306,0,43.61032,0,0,0,0,0,0,2.72216,27.15238,0.238,0.07734,0,0,2.83983,0.51398,0,1.02572,0,0,0,17.05651,0,0,0,0
MH0432,0,0,0,0,9.91909,0,47.96327,0,0,0,0,0,0.0026,0.0165,24.52642,0.67405,14.33143,0,0,0.52572,0.04431,0,0.49331,0,0,0,1.50332,0,0,0,0
MH0433,0,0,0,0.00519,2.63317,0,59.07549,0,0,0,0,0,0,0.01643,29.10594,1.58139,4.57456,0,0,0.8184,0.2932,0,1.77684,0,0,0,0.11943,0,0,0,0
MH0434,0,0.2554,0,0,1.16861,0,28.69914,0,0,0,0,0,0.00382,0.57052,66.58647,0.35882,0.11752,0,0,1.19952,0.02801,0,0.39407,0,0,0,0.61817,0,0,0,0
MH0436,0,0.04079,0,0,0.51858,0,58.57031,0,0,0,0,0,0.00828,0.01601,39.34751,0.59072,0.19802,0,0,0.52046,0.13355,0,0.0301,0,0,0,0.02565,0,0,0,0
MH0437,0,0,0,0,0.61522,0,22.71228,0,0,0,0,0,0.00711,0,69.63294,1.12601,0.02525,0,0,1.19022,1.06202,0,0.01333,0,0,0,3.61561,0,0,0,0
MH0438,0,0.5494,0,0,1.21237,0,24.13451,0,0,0,0,0,0.00325,0.54361,71.30629,1.3861,0.09581,0,0,0.57318,0.01369,0,0.09055,0,0,0,0.0912,0,0,0,0
MH0439,0,0.08795,0,0,4.29473,0,29.00062,0,0,0,0,0,0,0.26133,51.72171,0.83226,9.68929,0,0,0.58072,0.18034,0,0.26155,0,0,0,3.0895,0,0,0,0
MH0440,0,0.30097,0,0,2.94095,0,36.18349,0,0,0,0,0,0.01171,0.09395,51.12948,0.52383,0.10625,0,0,0.10487,0.13173,0,0.34988,0,0,0,8.12291,0,0,0,0
MH0441,0,0.186,0,0,7.77934,0,29.6806,0,0,0,0,0,0.00278,0.03173,56.2271,1.40647,0.04548,0,0,2.01734,0.01673,0,0.00615,0,0,0,2.60027,0,0,0,0
MH0442,0,0.27064,0,0,2.06202,0,7.39937,0,0,0,0,0,0.0162,0.064,83.56412,1.57013,3.12495,0,0,0.12952,1.56334,0,0,0,0,0,0.23571,0,0,0,0
MH0443,0,0.11518,0,0,2.72051,0,28.8978,0.00736,0,0,0,0,0,0.02191,63.79927,0.08207,3.79722,0,0,0.48289,0.04497,0,0.03063,0,0,0,0.0002,0,0,0,0
MH0444,0,0.00088,0,0,0.21391,0,63.06626,0,0,0,0,0,0,0.01276,27.5893,0.11149,5.99308,0,0,0.15827,0.99581,0,1.84479,0,0,0,0.01346,0,0,0,0
MH0445,0,0,0,0,4.70333,0,32.16543,0,0,0,0,0,0.00955,1.0372,58.33363,0.24402,0.16205,0,0,0.16552,0.05573,0,0.24092,0,0,0,2.88262,0,0,0,0
MH0446,0,0.31449,0,0,0.91584,0,50.44447,0,0,0,0,0,0.00379,0.06576,34.93531,0.05005,11.80365,0,0,0.58758,0.72843,0,0.00391,0,0,0,0.14666,0,0,0,0
MH0447,0,0.11213,0,0,1.95032,0,27.68856,0,0,0,0,0,0.00974,0.47185,59.63333,1.83006,6.01702,0.00636,0,1.10154,0.19619,0,0.4257,0,0,0,0.55053,0,0,0.00669,0
MH0448,0,0.75546,0,0,7.63914,0,11.08579,0,0,0,0,0,0.00916,0.84273,66.38501,0.85717,0.54471,0,0,0.57589,0.16734,0,0.94426,0,0.33784,0,9.8548,0,0.00073,0,0
MH0450,0,0.11681,0,0,0.83599,0,22.68981,0.00404,0,0,0,0,0.00802,0.04668,65.07047,2.46901,4.24397,0,0,2.09788,0.43264,0,0.80107,0,0,0,1.18359,0,0,0,0
MH0451,0,0,0,0,1.93532,0,40.54755,0,0,0,0,0,0.00316,0.01393,56.05284,0.14207,0.04084,0,0,0.10569,0.43287,0,0.05558,0,0,0,0.67016,0,0,0,0
MH0452,0,0,0,0,4.62014,0,36.0041,0,0,0,0,0,0.01378,0.02722,49.19373,0.74531,6.92674,0,0,1.62641,0.70504,0,0.05577,0,0,0,0.08181,0,0,0,0
MH0453,0,0.11025,0,0.00227,0.08276,0,36.30279,0,0,0,0,0,0.00247,0.00129,62.82,0.07783,0.15346,0,0,0.09334,0.11298,0,0.00606,0,0,0,0.22342,0,0,0,0.0111
MH0454,0,0.42026,0,0,6.32856,0,27.96055,0,0,0,0,0,0.00319,0.00855,54.69639,3.81501,0.04536,0,0,1.71533,0.0519,0,0.02529,0,0,0,4.92964,0,0,0,0
MH0455,0,0,0,0.00201,0.88776,0,57.78051,0,0,0,0,0,0.00436,0.00709,36.69994,0.20087,4.17525,0,0,0.13542,0,0,0.07524,0,0,0,0.03149,0,0,0,0
MH0457,0,0.07846,0,0,1.93131,0,29.57477,0,0,0,0,0,0.00428,0.15359,55.56315,0.17872,5.325,0,0,1.03283,0.28699,0,0.08026,0,0,0,5.79068,0,0,0,0
MH0458,0,0,0,0,0.18224,0,44.50128,0,0,0,0,0,0,0.00212,42.25489,3.59613,2.57914,0,0,0.11619,0.54754,0,0.00227,0,0,0,6.21822,0,0,0,0
MH0462,0,0,0,0,5.9539,0,62.19973,0,0.0051,0.00141,0,0,0,0.0676,20.53715,0.28299,7.45878,0,0,2.26336,0.89854,0,0.0101,0,0,0,0.31493,0.00639,0,0,0
