SampleID,k__Archaea|p__Euryarchaeota,k__Bacteria|p__Acidobacteria,k__Bacteria|p__Actinobacteria,k__Bacteria|p__Aquificae,k__Bacteria|p__Bacteroidetes,k__Bacteria|p__Candidatus_Saccharibacteria,k__Bacteria|p__Chlorobi,k__Bacteria|p__Deferribacteres,k__Bacteria|p__Deinococcus_Thermus,k__Bacteria|p__Firmicutes,k__Bacteria|p__Fusobacteria,k__Bacteria|p__Proteobacteria,k__Bacteria|p__Spirochaetes,k__Bacteria|p__Synergistetes,k__Bacteria|p__Tenericutes,k__Bacteria|p__Verrucomicrobia,k__Eukaryota|p__Ascomycota,k__Eukaryota|p__Eukaryota_noname
MH0003,0.0,0.0,1.1836300000000002,0.0,27.644969999999997,0.0,0.0,0.0,0.02036,69.89781000000002,0.0,1.25321,0.0,0.0,0.0,0.0,0.0,0.0
MH0006,0.0,0.00225,0.1972,0.0,56.83952,0.0,0.0,0.0,0.03431,42.07651999999998,0.0,0.8384,0.0,0.0,0.0,0.01181,0.0,0.0
MH0011,4.02677,0.0,1.4935699999999998,0.0,38.69112,0.0,0.0,0.0,0.04231,48.75326999999998,0.0,1.39149,0.0,0.0,0.0,5.6014800000000005,0.0,0.0
MH0012,0.43079,0.0026100000000000003,4.2605,0.0,41.7209,0.0,0.0,0.0,0.056720000000000007,45.79638,0.0,2.6635799999999996,0.0,0.0,0.0,5.06821,0.00031,0.0
MH0014,0.06246,0.00979,0.41779,0.0,30.969500000000004,0.0,0.0,0.0,0.01705,42.32514,0.0,26.013759999999998,0.0,0.0,0.0,0.1845,0.0,0.0
MH0016,0.00236,0.0,0.38094000000000006,0.0,56.819280000000006,0.0,0.0,0.0,0.0,41.90985999999998,0.0,0.8222600000000001,0.0,0.0,0.00852,0.05679,0.0,0.0
MH0020,0.0,0.0,2.50402,0.0,67.31922999999999,0.0,0.0,0.0,0.01756,28.165250000000007,0.0,1.9939000000000002,0.0,0.0,0.0,0.0,0.0,0.0
MH0024,0.11792,0.00613,0.12394000000000001,0.0,67.9722,0.0,0.0,0.0,0.03333,31.678669999999997,0.0,0.0455,0.0,0.0,0.0,0.021840000000000002,0.00047999999999999996,0.0
MH0025,0.52047,0.13182,3.54109,0.0,31.89237,0.0,0.0,0.0,0.0253,48.328999999999986,0.0,12.149300000000002,0.15232,0.0,0.0,3.25828,0.0,0.0
MH0026,0.0,0.0,0.5940400000000001,0.0,63.52387999999999,0.0,0.0,0.0,0.0,35.025110000000005,0.0,0.60118,0.0,0.0,0.0,0.2558,0.0,0.0
MH0028,0.06228,0.0053100000000000005,1.0949200000000001,0.0,64.41410999999998,0.0,0.0,0.0,0.0,30.94834,0.0,2.90892,0.0,0.0,0.0,0.56613,0.0,0.0
MH0030,0.11175,0.0,1.1850299999999998,0.0,14.694809999999999,0.0,0.01027,0.0,0.026889999999999997,82.99552000000003,0.0,0.9693500000000002,0.0,0.0,0.0,0.0,0.00642,0.0
MH0031,0.28367,0.0,1.2868499999999998,0.0,21.61471,0.0,0.0,0.0,0.010320000000000001,75.68320999999999,0.0,0.6604,0.0,0.0,0.0,0.4459,0.014910000000000001,0.0
MH0032,0.009250000000000001,0.0063100000000000005,0.42849,0.0,71.12093999999998,0.0,0.0,0.0,0.01372,27.679689999999994,0.0,0.6856,0.0,0.0,0.0,0.05595,0.0,0.0
MH0033,0.11188,0.0,0.87609,0.0,30.262459999999997,0.0,0.0,0.0,0.01176,67.52182,0.0,1.2050300000000003,0.0,0.0,0.0,0.01103,0.0,0.0
MH0034,0.0,0.0,0.16419999999999998,0.0,79.30505000000001,0.0,0.0,0.0,0.011479999999999999,19.775429999999997,0.0,0.74163,0.00224,0.0,0.0,0.0,0.0,0.0
MH0035,0.07484999999999999,0.0,2.69323,0.0,40.62331,0.0,0.0,0.0,0.0,51.099990000000005,0.0,0.78756,0.00271,0.0,0.0016600000000000002,4.71673,0.0,0.0
MH0036,0.11284,0.04446,0.06246,0.0,39.82574999999999,0.0,0.0,0.0,0.02418,59.66570999999999,0.0,0.25836000000000003,0.0,0.0,0.0,0.006220000000000001,0.0,0.0
MH0037,0.0,0.00725,0.46381000000000006,0.0,45.9367,0.0,0.0,0.0,0.04732,45.663709999999995,0.0,1.70436,0.0,0.0,0.0,6.17625,0.00057,0.0
MH0038,0.0,0.018609999999999998,0.90497,0.0,43.35982999999999,0.0,0.0,0.0,0.02698,54.592479999999995,0.0,1.09074,0.0,0.0,0.00343,0.003,0.0,0.0
MH0039,0.00727,0.0231,1.1630900000000002,0.0,59.5043,0.0,0.0,0.0,0.02512,36.76175999999999,0.0,2.28149,0.0,0.0,0.0,0.23388,0.0,0.0
MH0040,0.0,0.0139,0.82265,0.0,43.03937,0.0,0.0,0.0,0.10584,55.21844000000001,0.0,0.08212,0.0,0.0,0.0,0.7177,0.0,0.0
MH0041,0.0,0.01209,9.40077,0.0,35.47876000000001,0.0,0.0,0.0,0.00657,52.39458,0.0,2.5786900000000004,0.0,0.0,0.0,0.12853,0.0,0.0
MH0042,0.20212000000000002,0.00575,4.9614400000000005,0.0,32.58973999999999,0.0013800000000000002,0.0,0.0,0.07503,60.51293000000001,0.0,0.6779200000000001,0.0,0.0,0.0,0.9737,0.0,0.0
MH0043,0.0,0.01445,0.8933900000000001,0.0,45.82153000000001,0.00035,0.0,0.0,0.0576,51.09474,0.0,0.99727,0.0,0.0,0.0,1.12063,0.0,0.0
MH0044,0.0,0.00662,0.80848,0.0,24.655279999999994,0.0,0.0,0.0,0.0196,74.20291999999999,0.0,0.2972,0.0,0.0,0.0,0.0077599999999999995,0.00215,0.0
MH0046,0.0,0.00848,0.24671,0.0,47.73123999999998,0.0,0.0,0.0,0.00922,49.172850000000004,0.0,2.72301,0.0,0.0,0.0,0.0959,0.01261,0.0
MH0047,0.0,0.0,0.88494,0.0,58.25939999999999,0.0,0.0,0.0,0.0,40.20763000000001,0.0,0.6480100000000001,0.0,0.0,0.0,0.0,0.0,0.0
MH0048,0.0,0.0,2.35821,0.0,35.88745999999999,0.0,0.0,0.0,0.01143,59.070609999999995,0.0,0.95363,0.02607,0.0,0.0,1.69259,0.0,0.0
MH0049,0.0,0.0,0.56339,0.0,53.553979999999996,0.0,0.0,0.0,0.0,42.201190000000004,0.0,3.6814299999999998,0.0,0.0,0.0,0.0,0.0,0.0
MH0051,0.07591,0.00872,0.11715,0.0,42.118689999999994,0.0,0.0,0.0,0.00949,56.37361,0.0,1.26545,0.0,0.0,0.0,0.031,0.0,0.0
MH0052,0.16507,0.01153,0.47030000000000005,0.0,23.03968,0.0,0.0,0.0,0.0,73.07347,0.0,3.2399300000000006,0.0,0.0,0.0,0.0,0.0,0.0
MH0053,0.29591999999999996,0.0,3.2617400000000005,0.0,11.040639999999998,0.0,0.0,0.0,0.0085,84.76274000000002,0.0,0.61903,0.0,0.0,0.0,0.0,0.01138,0.0
MH0054,0.10813,0.01178,1.8111000000000002,0.0,25.806369999999998,0.0,0.0,0.0,0.03843,59.127280000000006,0.0,3.8464100000000006,0.0,0.0,0.0,9.25053,0.0,0.0
MH0055,0.0,0.0,1.05978,0.0,46.012250000000016,0.0,0.0,0.0,0.01896,50.58637999999999,0.0,2.3226,0.0,0.0,0.0,0.0,0.0,0.0
MH0057,0.0,0.0,0.37447,0.0,58.87026,0.0,0.0,0.0,0.0478,37.7085,0.0,2.9057700000000004,0.0,0.0,0.0,0.09321,0.0,0.0
MH0058,0.04619,0.0,0.81755,0.0,48.12239,0.0,0.00421,0.0,0.02758,45.91643,0.0,3.9164199999999996,0.0,0.0,0.0,1.14845,0.00078,0.0
MH0059,0.00352,0.0,2.42144,0.0,30.84901,0.0,0.0,0.0,0.00636,62.62005000000001,0.0,2.3628299999999998,0.0,0.0,0.0,1.7367599999999999,0.0,0.0
MH0060,0.6526,0.0,1.06439,0.0,20.459180000000003,0.0,0.0,0.0,0.03096,60.658240000000006,0.0,1.0591,0.0,0.0,0.0,16.07554,0.0,0.0
MH0061,0.0,0.01553,0.08659000000000001,0.0,72.09196000000001,0.0,0.0,0.0,0.016890000000000002,26.453289999999996,0.00271,1.33304,0.0,0.0,0.0,0.0,0.0,0.0
MH0062,0.0,0.0,3.26394,0.0,28.7605,0.0,0.0,0.0,0.00644,64.18715000000002,0.31259,3.46052,0.0,0.0,0.0,0.0,0.008870000000000001,0.0
MH0063,0.18231999999999998,0.0,0.54902,0.0,37.44265,0.0,0.0,0.0,0.03218,61.095850000000006,0.0,0.44998,0.24806,0.0,0.0,0.0,0.0,0.0
MH0064,0.0,0.02014,0.64422,0.0,62.57808999999999,0.0,0.0,0.0,0.02738,34.677299999999995,0.0,1.4116800000000003,0.0,0.0,0.0,0.64025,0.00095,0.0
MH0066,0.1683,0.0,4.34606,0.0,45.887710000000006,0.0,0.0,0.0,0.047439999999999996,45.891000000000005,0.0,1.2302,0.0,0.0,0.0,2.4293400000000003,0.0,0.0
MH0067,0.0,0.00527,1.00499,0.0,60.59779,0.0,0.0,0.0,0.00573,35.47856000000001,0.0,2.7969700000000004,0.0,0.0,0.0,0.11025,0.00041,0.0
MH0069,0.0,0.00315,3.76269,0.003,22.988979999999998,0.0,0.0,0.0,0.00685,72.53818000000001,0.0,0.6971699999999998,0.0,0.0,0.0,0.0,0.0,0.0
MH0070,0.1368,0.0,0.6703300000000001,0.0,33.56197999999999,0.0,0.0,0.0,0.02162,63.72241000000001,0.0,1.75241,0.0,0.0,0.0,0.13446,0.0,0.0
MH0072,0.0,0.004379999999999999,1.3153899999999996,0.0,28.492560000000005,0.0,0.0,0.0,0.028589999999999997,65.82902999999999,0.01709,4.312940000000001,0.0,0.0,0.0,0.0,0.0,0.0
MH0073,0.0,0.0,1.12097,0.0,39.243860000000005,0.0,0.0,0.0,0.0,53.387969999999996,0.015040000000000001,6.20374,0.0,0.0,0.0,0.02307,0.00528,0.0
MH0074,0.0,0.045919999999999996,1.30357,0.0,65.07932,0.0,0.0,0.0,0.0111,31.195489999999996,0.0,2.32044,0.0,0.0,0.0,0.04413,0.0,0.0
MH0075,0.14825000000000002,0.0,1.04081,0.0,26.023059999999997,0.0,0.0,0.0,0.02531,70.02538,0.0,2.25802,0.0,0.0,0.0,0.47917,0.0,0.0
MH0076,0.0,0.0,0.91838,0.0,50.272589999999994,0.0,0.0,0.0,0.0,48.27609,0.0,0.5013500000000001,0.0,0.0,0.0,0.031560000000000005,0.0,0.0
MH0077,0.051660000000000005,0.00656,0.8960899999999999,0.0,37.28309,0.0,0.007409999999999999,0.0,0.01941,60.12479,0.0,1.61099,0.0,0.0,0.0,0.0,0.0,0.0
MH0078,0.021900000000000003,0.0,0.33390000000000003,0.0,60.62174000000001,0.0,0.0,0.0,0.0,37.41459999999999,0.0,1.60507,0.0,0.0,0.0,0.0,0.0028,0.0
MH0079,1.9360700000000002,0.0,0.20342,0.0,43.82104000000001,0.0,0.0,0.0,0.0,48.317099999999996,0.0,5.72238,0.0,0.0,0.0,0.0,0.0,0.0
MH0080,0.0,0.00838,0.18707,0.0,39.675819999999995,0.0,0.0,0.0,0.00911,59.509,0.0,0.5261699999999999,0.0,0.0,0.0,0.08444,0.0,0.0
MH0081,0.33482,0.01305,0.64383,0.0,49.555119999999995,0.0,0.0,0.0,0.0213,47.42249000000001,0.00372,1.9491499999999997,0.0,0.0,0.0,0.05629,0.00025,0.0
MH0082,0.18194,0.0,0.7087800000000001,0.0,20.304049999999993,0.0,0.0,0.0,0.01427,77.63665999999999,0.0,1.0721300000000002,0.0,0.0,0.0,0.08215,0.0,0.0
MH0083,0.0,0.0404,1.9711400000000001,0.0,40.18247000000001,0.0,0.0,0.0,0.01883,55.344170000000005,0.0,2.1482,0.0,0.0,0.0,0.2948,0.0,0.0
MH0084,0.0,0.0,0.13523000000000002,0.0,81.33988,0.0,0.015059999999999999,0.0,0.0,17.016460000000006,0.0,1.47292,0.0,0.0,0.0,0.02045,0.0,0.0
MH0085,0.0,0.0,0.82483,0.0,62.26072999999999,0.0,0.00346,0.0,0.004529999999999999,34.52132000000001,0.0,2.37888,0.0,0.0,0.0,0.0,0.00621,0.0
MH0086,0.0,0.0,9.134939999999999,0.0,15.33436,0.0,0.0,0.0,0.03615,73.05671000000001,0.0,2.27726,0.0,0.0,0.0,0.16058,0.0,0.0
MH0087,0.0,0.0,0.6897599999999999,0.0,80.84583,0.0,0.0,0.0,0.0,15.872740000000002,0.0,0.3709800000000001,0.0,0.0,0.0,2.2206799999999998,0.0,0.0
MH0088,0.0,0.0,1.01493,0.0,27.064489999999996,0.00026000000000000003,0.0,0.0,0.0039299999999999995,71.42214,0.0005200000000000001,0.36127000000000004,0.0,0.0,0.0,0.13247,0.0,0.0
MH0089,0.0,0.01278,2.6022700000000007,0.0,50.555589999999995,0.0,0.0,0.0,0.0,43.32546,0.0,1.60927,0.0,0.0,0.0,1.89458,0.0,0.0
MH0091,0.0,0.00519,0.20317000000000002,0.0,59.04751,0.0,0.0,0.0,0.0113,37.41705,0.0,3.2909100000000002,0.0,0.0,0.0,0.0249,0.0,0.0
MH0092,0.0,0.00402,1.3464099999999999,0.0,40.92603000000001,0.0,0.0,0.0,0.01312,55.12708,0.0,2.4185199999999996,0.0,0.0,0.0,0.16482,0.0,0.0
MH0093,0.0,0.0,0.1147,0.0,44.65535,0.0,0.0,0.0,0.0,17.903270000000006,0.0,37.199839999999995,0.12683,0.0,0.0,0.0,0.0,0.0
MH0094,0.0,0.0,0.12272,0.0,69.56603000000001,0.0,0.0,0.0,0.00621,28.6016,0.0,1.7027199999999998,0.0,0.0,0.0,0.0007599999999999999,0.0,0.0
MH0095,0.0,0.0,0.38270000000000004,0.0,39.41917000000001,0.0,0.0,0.0,0.0,49.76311,0.0,10.31728,0.0,0.0,0.0,0.11772,0.0,0.0
MH0096,0.74831,0.0,0.13084,0.0,31.43788,0.0,0.0,0.0,0.010020000000000001,66.61361,0.0,0.43989999999999996,0.24169000000000002,0.0,0.0,0.37773,0.0,0.0
MH0097,0.7733,0.00908,0.66227,0.0,42.61072,0.0,0.0,0.0,0.00987,40.46762000000001,0.0,14.43913,0.0,0.0,0.0,1.02799,0.0,0.0
MH0098,0.03771,0.0,0.67424,0.0,38.90257,0.0,0.0,0.0,0.01123,59.90545000000001,0.0,0.4688299999999999,0.0,0.0,0.0,0.0,0.0,0.0
MH0099,0.0,0.00533,1.37406,0.0,39.06177,0.0,0.0,0.0,0.011590000000000001,58.248490000000004,0.0,0.59346,0.0,0.0,0.0,0.7053,0.0,0.0
MH0100,1.1183599999999998,0.01341,1.78724,0.0,19.73725,0.0,0.0,0.0,0.0,72.32354000000001,0.0,1.0181300000000002,0.0,0.0,0.0,4.0021,0.0,0.0
MH0101,0.0,0.0,1.83237,0.0,22.721819999999997,0.01414,0.0,0.0,0.01706,74.63311999999999,0.0,0.7814500000000001,0.0,0.0,0.0,0.0,0.0,0.0
MH0102,0.53685,0.0,3.07695,0.0,35.918139999999994,0.0,0.0,0.0,0.01567,58.01364999999999,0.0,1.60068,0.0,0.0,0.0,0.8380700000000001,0.0,0.0
MH0103,0.0,0.0,0.60886,0.0,59.14546999999999,0.0,0.0,0.0,0.0,39.41659,0.0,0.7468099999999999,0.0,0.0,0.0,0.08223,0.0,0.0
MH0105,0.0,0.01847,0.39907000000000004,0.0,66.46449000000001,0.0,0.0,0.0,0.0,32.65638,0.0,0.46155999999999997,0.0,0.0,0.0,0.0,0.0,0.0
MH0106,0.0,0.0,0.39213,0.0,66.30932,0.0,0.0,0.0,0.0,30.866839999999993,0.0,1.4474,0.0,0.0,0.0,0.97882,0.0055,0.0
MH0107,1.1411799999999999,0.0,1.2623199999999999,0.0,13.1595,0.0,0.0,0.0,0.00555,82.40677000000001,0.0,0.96315,0.0,0.0,0.0,1.06149,0.0,0.0
MH0108,0.0,0.0,0.58209,0.0,75.86929,0.0,0.0,0.0,0.0,18.44277,0.0,5.105849999999999,0.0,0.0,0.0,0.0,0.0,0.0
MH0110,0.0,0.0,0.3416,0.0,56.80838000000001,0.0,0.0,0.0,0.01105,39.16123999999999,0.0,2.63978,0.0,0.0,0.0,1.03796,0.0,0.0
MH0111,0.0,0.0,1.2216,0.0,22.66638,0.0,0.0,0.0,0.0,74.51787999999998,0.0,1.3368900000000001,0.0,0.0,0.0,0.17024,0.0,0.08699
MH0113,0.01347,0.006520000000000001,0.08112,0.0,36.26805000000001,0.0,0.0,0.0,0.007090000000000001,62.991940000000014,0.0,0.6318,0.0,0.0,0.0,0.0,0.0,0.0
MH0114,0.0,0.0,0.70132,0.0,65.57578000000001,0.0,0.0,0.0,0.00446,32.047399999999996,0.0,1.6710800000000001,0.0,0.0,0.0,0.0,0.0,0.0
MH0115,2.5028099999999998,0.00787,5.0060199999999995,0.0,35.97026000000001,0.0,0.0,0.0,0.01711,54.36608999999999,0.0,2.12986,0.0,0.0,0.0,0.0,0.0,0.0
MH0116,0.47303999999999996,0.0,3.7451199999999996,0.0,44.241969999999995,0.0,0.0,0.0,0.0,50.46926000000001,0.0,0.18717999999999999,0.0,0.0,0.0,0.8834700000000001,0.0,0.0
MH0117,1.05577,0.0,0.8412,0.0,24.587250000000004,0.0,0.0,0.0,0.0,59.65939,0.0,1.8631399999999998,0.0,0.0,0.0,11.99325,0.0,0.0
MH0118,0.0,0.0,3.6052999999999993,0.0,14.36566,0.01012,0.0,0.0,0.006840000000000001,81.56135,0.0,0.44247,0.0,0.0,0.0,0.0,0.00823,0.0
MH0119,0.0,0.0034700000000000004,0.7037799999999999,0.0,79.93704999999999,0.0,0.0,0.0,0.0037700000000000003,14.713879999999998,0.0,3.2024899999999996,0.0,0.0,0.0,1.4355799999999999,0.0,0.0
MH0120,0.3091,0.0,0.42167,0.0,68.41884999999998,0.0,0.0,0.0,0.00812,29.764550000000003,0.0,0.9895100000000002,0.0,0.0,0.0,0.0882,0.0,0.0
MH0121,0.0,0.0,0.17919,0.0,40.351929999999996,0.0,0.0,0.0,0.0,25.149670000000004,0.0,34.3192,0.0,0.0,0.0,0.0,0.0,0.0
MH0122,0.0,0.0,2.01975,0.0,34.36005,0.0,0.0,0.0,0.0,60.118559999999995,0.0,3.45635,0.0,0.0,0.0,0.04532,0.0,0.0
MH0123,0.06141,0.0,1.17876,0.0,49.44552000000001,0.0,0.0,0.0,0.01406,45.06661,0.0,4.23363,0.0,0.0,0.0,0.0,0.0,0.0
MH0124,0.49178,0.0,0.68413,0.0,24.50066,0.0,0.0,0.0,0.0,59.0033,0.0,2.6544399999999997,0.0,0.0,0.0,12.66201,0.00371,0.0
MH0125,0.0,0.0,0.81448,0.0,61.75651,0.0,0.0042899999999999995,0.0,0.00561,35.638529999999996,0.0,0.79637,0.0,0.0,0.0,0.9841799999999999,0.0,0.0
MH0126,1.67553,0.0,0.95383,0.0,9.538989999999998,0.0,0.0,0.0,0.0,73.44722999999999,0.01199,0.38674,0.0,0.0,0.0,13.985729999999998,0.0,0.0
MH0127,0.0,0.0,0.32451,0.0,40.83352000000001,0.0,0.0,0.0,0.0,58.67649,0.0,0.08911,0.0,0.0,0.0,0.07637999999999999,0.0,0.0
MH0128,0.0,0.0,2.05963,0.0,60.650240000000004,0.0,0.0,0.0,0.0,34.79540999999999,0.0,2.49471,0.0,0.0,0.0,0.0,0.0,0.0
MH0130,0.08104,0.0,0.21818999999999997,0.0,59.795850000000016,0.0,0.0,0.0,0.0,39.52362,0.0,0.25395000000000006,0.02028,0.0,0.0,0.10708,0.0,0.0
MH0131,5.754640000000001,0.0,16.06199,0.0,16.760519999999993,0.0,0.0,0.0,0.00569,57.141130000000004,0.08295,4.193110000000001,0.0,0.0,0.0,0.0,0.0,0.0
MH0132,4.260779999999999,0.006509999999999999,2.7768299999999995,0.0,8.870849999999999,0.0,0.0,0.0,0.014159999999999999,83.54701999999997,0.0,0.35578,0.16807,0.0,0.0,0.0,0.0,0.0
MH0133,0.0,0.01829,0.5591,0.0,63.07636000000001,0.0,0.0,0.0,0.0,34.30125,0.0,2.04501,0.0,0.0,0.0,0.0,0.0,0.0
MH0134,0.0,0.00575,1.4702300000000001,0.0,39.20710999999999,0.0,0.0,0.0,0.0,56.48242000000001,0.0,2.37776,0.0,0.0,0.0,0.45676000000000005,0.0,0.0
MH0135,0.18805999999999998,0.00787,2.52367,0.0,43.767199999999995,0.0,0.0,0.0,0.00856,49.184210000000014,0.0,3.7907100000000002,0.0,0.0,0.0,0.52973,0.0,0.0
MH0136,0.0,0.0,3.8236100000000004,0.0,61.23344999999999,0.0,0.00448,0.0,0.02345,32.00533,0.0,2.9097000000000004,0.0,0.0,0.0,0.0,0.0,0.0
MH0137,0.0,0.0,0.5737700000000001,0.0,34.271139999999995,0.0,0.0,0.0,0.0,64.41531999999998,0.0,0.7397799999999997,0.0,0.0,0.0,0.0,0.0,0.0
MH0138,0.02718,0.0,1.7678,0.0,71.60302999999999,0.0,0.0,0.01462,0.0,26.45453,0.0,0.13289,0.0,0.0,0.0,0.0,0.0,0.0
MH0140,0.0,0.0,1.6010000000000002,0.0,31.72855000000001,0.0,0.0,0.0,0.00489,62.38349000000002,0.0,1.74718,0.0,0.0,0.0,2.5349,0.0,0.0
MH0141,0.0,0.01234,0.24551,0.0,38.28585,0.0,0.00349,0.0,0.0,57.95062000000001,0.0,3.50218,0.0,0.0,0.0,0.0,0.0,0.0
MH0144,0.0,0.0,0.61761,0.0,63.73803000000001,0.0,0.0,0.0,0.0,34.81322999999998,0.0,0.8268400000000001,0.0,0.0,0.0,0.0042899999999999995,0.0,0.0
MH0147,0.0,0.0,2.14844,0.0,46.57186,0.0,0.0,0.0,0.00448,37.2339,0.0,4.557499999999999,0.0,0.0,0.0,9.483830000000001,0.0,0.0
MH0148,0.46246000000000004,0.0,0.5140899999999999,0.0,28.017220000000002,0.0,0.0,0.0,0.0,67.63932999999999,0.0,1.80999,0.06744,0.0,0.0,1.48948,0.0,0.0
MH0149,0.17338,0.00439,0.24450000000000002,0.0,40.23227000000001,0.0,0.0,0.0,0.00954,58.340959999999995,0.0,0.63726,0.0,0.35654,0.0,0.00117,0.0,0.0
MH0150,0.0,0.0,1.5618600000000002,0.0,57.00432,0.0,0.0,0.0,0.0033200000000000005,34.66960000000001,0.0,6.4430999999999985,0.0,0.0,0.0,0.31755,0.00023999999999999998,0.0
MH0151,0.2502,0.0,0.9158999999999999,0.0,38.40931,0.0,0.0,0.0,0.01113,58.02166,0.0,2.39182,0.0,0.0,0.0,0.0,0.0,0.0
MH0152,0.0034799999999999996,0.0,3.37761,0.0,40.24196999999999,0.0,0.0,0.0,0.0,55.76533999999999,0.0,0.6086100000000001,0.0,0.0,0.0,0.00299,0.0,0.0
MH0153,1.40756,0.30354000000000003,10.268759999999999,0.0,40.27372,0.0,0.0,0.0,0.00971,42.842929999999996,0.0,1.5745900000000002,0.0,0.0,0.0,3.31915,0.0,0.0
MH0154,0.04054,0.00424,0.35463000000000006,0.0,36.687349999999995,0.0,0.0,0.0,0.018430000000000002,60.572379999999995,0.0,2.32245,0.0,0.0,0.0,0.0,0.0,0.0
MH0155,0.0,0.0,2.13028,0.0,44.20701999999999,0.0,0.0,0.0,0.0,51.47513,0.0,1.71758,0.0,0.0,0.0,0.47001000000000004,0.0,0.0
MH0156,0.0,0.00403,0.00279,0.0,59.93160999999999,0.0,0.0,0.0,0.0,38.75586000000001,0.0,1.30131,0.0,0.0,0.0,0.00436,0.0,0.0
MH0157,1.59248,0.0,2.2910700000000004,0.0,34.90146,0.0,0.0,0.0,0.010759999999999999,54.05595,0.0,2.4516700000000005,0.0,0.0,0.0,4.6966,0.0,0.0
MH0158,0.0,0.01042,0.8071300000000001,0.0,63.31673000000001,0.0,0.0,0.0,0.0056700000000000006,34.96307999999999,0.0,0.89696,0.0,0.0,0.0,0.0,0.0,0.0
MH0159,1.52371,0.0,2.5077799999999995,0.0,34.533710000000006,0.0,0.0,0.0,0.00886,45.431730000000016,0.0,6.124020000000001,0.0,0.03419,0.0,9.83381,0.00217,0.0
MH0160,0.0,0.0,0.8516299999999999,0.0,31.58095,0.0,0.0,0.0,0.0,63.56989999999999,0.0,3.99753,0.0,0.0,0.0,0.0,0.0,0.0
MH0161,0.0,0.0,4.45707,0.0,17.605829999999997,0.0,0.0,0.0,0.0,77.80223999999998,0.0,0.13482,0.0,0.0,0.0,0.0,0.0,0.0
MH0162,0.0,0.0,3.6372899999999992,0.0,50.65527000000001,0.0,0.0,0.0,0.02468,44.59706,0.0,1.08571,0.0,0.0,0.0,0.0,0.0,0.0
MH0163,1.55328,0.0,4.1966,0.0,13.10311,0.0,0.0,0.0,0.0,77.21422,0.0,2.50394,0.0,0.0,0.0,1.4288399999999999,0.0,0.0
MH0165,0.29006,0.0,0.8661099999999999,0.0,49.26864000000001,0.0,0.0,0.0,0.0,44.43042,0.0,1.45358,0.0,0.0,0.0,3.6912199999999995,0.0,0.0
MH0166,0.0,0.0,0.44893,0.0,49.07606,0.0,0.0,0.0,0.0,48.56063999999998,0.0,1.9143300000000003,0.0,0.0,0.0,0.0,0.0,0.0
MH0167,0.0,0.0,1.21919,0.0,63.79663000000001,0.0,0.0,0.0,0.01856,34.322889999999994,0.0,0.6426700000000001,0.0,0.0,0.0,0.0,0.0,0.0
MH0168,0.15,0.0,0.75006,0.0,52.85213,0.0,0.0,0.0,0.0,44.18216999999999,0.0,2.00235,0.0,0.0,0.0,0.06327999999999999,0.0,0.0
MH0170,0.0,0.0,0.73601,0.0,25.60729,0.0,0.0,0.0,0.0034799999999999996,72.89845000000001,0.0,0.74226,0.0,0.0,0.0,0.0125,0.0,0.0
MH0172,0.0,0.0,0.9125500000000001,0.0,39.04354,0.0,0.0,0.0,0.0060799999999999995,59.06355999999999,0.0,0.65184,0.0,0.0,0.0,0.32238,0.0,0.0
MH0174,0.0,0.01265,1.66952,0.0,42.62750999999999,0.0,0.0,0.0,0.0,54.560469999999995,0.0,1.12742,0.0,0.0,0.0,0.00243,0.0,0.0
MH0175,0.0,0.0,0.30955,0.0,16.052010000000003,0.0,0.0,0.0,0.012,79.51839999999999,0.0,1.12905,0.0,0.0,0.0,2.97097,0.00799,0.0
MH0176,0.0,0.0,1.76269,0.0,40.555510000000005,0.00496,0.0,0.0,0.0,56.454350000000005,0.0,1.2224899999999999,0.0,0.0,0.0,0.0,0.0,0.0
MH0177,0.158,0.00585,1.79547,0.0,50.97759999999999,0.0,0.0,0.0,0.00636,43.229079999999996,0.0,3.5918899999999994,0.0,0.0,0.0,0.23575,0.0,0.0
MH0178,0.0,0.0033,0.34048999999999996,0.0,65.15212999999999,0.0,0.0,0.0,0.00359,33.249449999999996,0.0,1.1751300000000002,0.0,0.0,0.0,0.07595,0.0,0.0
MH0179,0.0,0.0,0.28498999999999997,0.0,51.84844,0.0,0.0,0.0,0.0,42.004409999999986,0.0,5.86213,0.0,0.0,0.0,0.0,0.0,0.0
MH0180,0.0,0.00494,0.14894000000000002,0.0,51.09992000000002,0.0,0.0,0.0,0.005370000000000001,47.945949999999996,0.0,0.72722,0.0,0.0,0.0,0.06763999999999999,0.0,0.0
MH0181,0.15083,0.0,5.62433,0.0,39.08737000000001,0.0,0.0,0.0,0.013269999999999999,52.70565000000001,0.0,2.3860699999999997,0.0,0.0,0.0,0.0325,0.0,0.0
MH0182,0.0,0.0069,0.12205,0.0,63.134479999999996,0.0,0.0,0.0,0.015009999999999999,32.867349999999995,0.0,0.6784800000000001,0.0,0.0,0.0,3.17577,0.0,0.0
MH0183,0.0,0.0,0.37088,0.0,31.42366,0.0,0.0,0.0,0.0,67.80338,0.00827,0.39383,0.0,0.0,0.0,0.0,0.0,0.0
MH0184,0.0,0.0,0.83504,0.0,54.00512,0.0,0.0,0.0,0.00412,44.27405999999999,0.0,0.88171,0.0,0.0,0.0,0.0,0.0,0.0
MH0185,0.0,0.0,1.62219,0.0,39.415549999999996,0.0,0.0,0.0,0.01146,57.545280000000005,0.0,1.4055499999999999,0.0,0.0,0.0,0.0,0.0,0.0
MH0186,0.02266,0.0,0.02103,0.0,68.45417,0.0,0.0,0.0,0.0,31.452210000000008,0.0,0.04994,0.0,0.0,0.0,0.0,0.0,0.0
MH0187,0.0,0.0,1.23469,0.0,67.01206999999998,0.0,0.0,0.0,0.00411,27.741659999999996,0.0,3.21959,0.0,0.0,0.0,0.78787,0.0,0.0
MH0188,0.0,0.0,14.607810000000002,0.0,18.26119,0.0,0.0,0.0,0.0,65.48126999999998,0.0,1.28779,0.0,0.0,0.0,0.3619,0.0,0.0
MH0189,1.771,0.0,7.12931,0.0,10.340639999999999,0.0,0.0,0.0,0.01158,64.06988000000001,0.0,1.9063800000000002,12.3043,0.0,0.0,2.46691,0.0,0.0
MH0191,0.015369999999999998,0.0,17.749720000000003,0.0,25.925219999999996,0.0,0.0,0.0,0.004220000000000001,54.63046999999999,0.0,1.48642,0.0,0.0,0.0,0.18854,0.0,0.0
MH0193,0.48402,0.0,2.58936,0.0,38.79578999999999,0.0,0.0,0.0,0.00663,56.71332000000001,0.0,1.3977400000000002,0.01316,0.0,0.0,0.0,0.0,0.0
MH0195,0.17787,0.0,1.0382799999999999,0.0,66.95476000000001,0.0,0.0,0.0,0.0029,30.76903,0.0,0.9909700000000001,0.00141,0.0,0.0,0.06479,0.0,0.0
MH0196,0.0,0.00207,1.7042199999999998,0.0,25.85089,0.0,0.0,0.0,0.00225,70.62440000000001,0.0,0.97433,0.0,0.0,0.0,0.8418899999999999,0.0,0.0
MH0197,1.42762,0.0,4.607849999999999,0.0,38.28842,0.0,0.0,0.0,0.01656,41.337969999999984,0.0,0.68707,0.0,0.0,0.0,13.634520000000002,0.0,0.0
MH0198,0.0,0.0,0.47071,0.0,23.108249999999998,0.0,0.0,0.0,0.0,75.2346,0.0,0.8961400000000002,0.0,0.0,0.0,0.29029,0.0,0.0
MH0199,0.0,0.0,3.88724,0.0,37.615170000000006,0.0,0.0,0.0,0.00329,57.13788,0.0,1.31925,0.0,0.0,0.0,0.037160000000000006,0.0,0.0
MH0200,0.5442199999999999,0.027260000000000003,4.034560000000001,0.0,23.29992,0.00224,0.0,0.0,0.01976,71.12318999999998,0.0,0.94397,0.0,0.0,0.0,0.0,0.00484,0.0
MH0203,0.9517800000000001,0.0,14.407490000000001,0.0,35.43629999999999,0.0,0.0,0.0,0.00426,48.55718999999999,0.0,0.63998,0.0,0.0,0.0,0.00301,0.0,0.0
MH0204,0.0,0.0,0.91896,0.0,22.249720000000003,0.0,0.0,0.0,0.00483,63.00230999999997,0.0,13.75764,0.0,0.0,0.0,0.04891,0.01761,0.0
MH0205,0.48391000000000006,0.0,3.04927,0.0,37.61478,0.00899,0.0,0.0,0.0,57.688250000000004,0.0,0.95271,0.0,0.0,0.0,0.19721,0.0049,0.0
MH0206,0.00231,0.0,2.2279000000000004,0.0,47.08296,0.0,0.0,0.0,0.00592,44.11777000000001,0.0,3.4774500000000006,0.0,0.0,0.0,3.0857099999999997,0.0,0.0
MH0211,0.0,0.0,0.49351000000000006,0.0,44.686189999999996,0.0,0.0,0.0,0.0,49.83493999999999,0.0,3.532079999999999,0.0,0.0,0.0,1.45328,0.0,0.0
MH0212,0.0,0.0028699999999999997,1.4372900000000002,0.0,44.266999999999996,0.0,0.0,0.0,0.00312,49.556790000000014,0.0,0.86905,0.0,0.0,0.0,3.86385,0.0,0.0
MH0217,0.0,0.00573,2.35497,0.0,37.825359999999996,0.0,0.0,0.0,0.006229999999999999,54.70187999999999,0.0,0.7667499999999999,0.0,0.0,0.0,4.33906,0.0,0.0
MH0220,0.03636,0.0,0.65196,0.0,32.67572,0.0,0.0,0.0,0.00746,62.87914999999999,0.0,3.2781500000000006,0.0,0.0,0.0,0.47126,0.0,0.0
MH0224,0.48627,0.0,3.23934,0.0,49.858779999999996,0.0,0.0,0.0,0.0,44.66206000000001,0.0,1.54382,0.0,0.0,0.0,0.20976,0.0,0.0
MH0227,0.0,0.0,1.66038,0.0,64.3177,0.0,0.0,0.0,0.0,30.55857,0.0,3.4404200000000005,0.0,0.0,0.0,0.02292,0.0,0.0
MH0229,5.76025,0.0,2.1480000000000006,0.0,18.99165,0.0,0.0,0.0,0.00618,72.01899999999999,0.0,1.00011,0.0,0.0,0.0,0.07475,0.0,0.0
MH0230,0.0,0.0,8.4741,0.0,42.05438,0.0,0.0,0.0,0.0,48.84267999999999,0.0,0.06373000000000001,0.0,0.0,0.0,0.56515,0.0,0.0
MH0233,0.0,0.0,2.40245,0.0,62.828649999999996,0.0,0.0,0.0,0.00277,34.63889,0.0,0.10379000000000001,0.0,0.0,0.0,0.02343,0.0,0.0
MH0236,0.0,0.0,1.27043,0.0,55.514979999999994,0.00053,0.0,0.0,0.0023,39.50633,0.00749,3.69801,0.0,0.0,0.0,0.0,0.0,0.0
MH0239,0.0,0.0,0.6203700000000001,0.0,71.65665999999999,0.0,0.0,0.0,0.0,21.65358,0.0,0.04892,0.0,0.0,0.0,6.01239,0.00807,0.0
MH0243,0.00445,0.00257,1.1133900000000003,0.0,61.87322999999999,0.0,0.0,0.0,0.0,36.17430000000001,0.0,0.7317,0.0,0.0,0.0,0.10035,0.0,0.0
MH0244,0.0,0.0,3.77335,0.0,71.10262999999999,0.0,0.0,0.0,0.0025399999999999997,23.87633,0.0,1.24286,0.0,0.0,0.0,0.0023,0.0,0.0
MH0247,0.0,0.0,0.21480999999999997,0.0,49.96311999999998,0.0,0.0,0.0,0.00603,45.90484000000002,0.0,3.4577099999999996,0.0,0.0,0.0,0.4535,0.0,0.0
MH0250,0.0,0.0,4.35891,0.0,28.37071,0.0,0.0,0.0,0.00479,63.88482,0.0,1.03494,0.0,0.0,0.0,2.34584,0.0,0.0
MH0251,0.0,0.0,0.8418400000000001,0.0,39.93403000000001,0.0,0.0,0.0,0.0,59.021829999999994,0.0,0.19041,0.0,0.0,0.0,0.01185,0.0,0.0
MH0253,0.06658,0.0,1.3765,0.0,27.82211999999999,0.0,0.0,0.0,0.00692,68.66651,0.0,1.63234,0.0,0.0,0.0,0.42904,0.0,0.0
MH0257,0.16094,0.0,0.63309,0.0,48.39678999999999,0.0,0.0,0.0,0.00366,36.035920000000004,0.0,14.61703,0.0,0.0,0.0,0.15261,0.0,0.0
MH0267,0.0,0.0,1.0252000000000001,0.0,31.41874,0.0008699999999999999,0.0,0.0,0.0039299999999999995,63.455370000000016,0.0,0.9009100000000001,0.0,0.0,0.0,3.1949400000000003,0.0,0.0
MH0272,0.00687,0.0,4.023980000000001,0.0,46.69334000000001,0.0,0.0,0.0,0.0057,43.17466,0.0,2.5893599999999997,0.0,0.0,0.0,3.50607,0.0,0.0
MH0274,0.00133,0.0,4.54826,0.0,52.060489999999994,0.0,0.0,0.0,0.0,35.93962999999999,0.0005200000000000001,7.161460000000003,0.0,0.0,0.0,0.28839000000000004,0.0,0.0
MH0275,0.0,0.0,6.173830000000001,0.0,43.02416,0.0,0.0,0.0,0.004220000000000001,45.177610000000016,0.0,4.696899999999999,0.0,0.0,0.0,0.9177200000000001,0.00561,0.0
MH0276,0.09348,0.0,3.04436,0.0,4.74641,0.0,0.0,0.0,0.0068,88.90029999999997,0.0,0.73534,0.0,0.0,0.0,2.47333,0.0,0.0
MH0277,0.0,0.0,0.04982,0.0,0.48182,0.00213,0.0,0.0,0.0001,9.499329999999999,0.26663000000000003,89.70016999999999,0.0,0.0,0.0,0.0,0.0,0.0
MH0286,0.0,0.0,2.8113,0.0,28.81578,0.0,0.0,0.0,0.012190000000000001,64.75596,0.0,2.787809999999999,0.0,0.0,0.0,0.81698,0.0,0.0
MH0287,0.0,0.0,5.433140000000002,0.0,27.632219999999993,0.0,0.0,0.0,0.00203,63.505109999999995,0.0,3.4275300000000004,0.0,0.0,0.0,0.0,0.0,0.0
MH0288,0.03514,0.0,0.8065899999999999,0.0,23.26291,0.0,0.0,0.0,0.0,74.47648,0.0,1.31769,0.0,0.0,0.0,0.10115,0.0,0.0
MH0289,0.0,0.0,1.75295,0.0,61.25622999999999,0.0,0.0,0.0,0.0,32.42405000000001,0.0,4.566739999999999,0.0,0.0,0.0,0.0,0.0,0.0
MH0292,0.0,0.0,4.37583,0.0,16.571140000000003,0.0,0.0,0.0,0.004229999999999999,77.76885999999999,0.0,1.27996,0.0,0.0,0.0,0.0,0.0,0.0
MH0302,0.01312,0.0,0.10737,0.0,70.46438,0.0,0.0,0.0,0.00554,21.21426999999999,0.0,0.927,0.0,0.0,0.0,7.26832,0.0,0.0
MH0305,0.0,0.00372,0.98481,0.0,46.85195,0.0,0.0,0.0,0.00405,51.780510000000014,0.0,0.33046000000000003,0.0,0.0,0.0,0.044539999999999996,0.0,0.0
MH0307,0.0,0.0,1.59207,0.0,54.280480000000004,0.0,0.0,0.0,0.0,42.80487,0.0,1.2614300000000003,0.0,0.0,0.0,0.06113,0.0,0.0
MH0313,0.0,0.0,0.83452,0.0,62.304379999999995,0.0,0.0,0.0,0.0,35.8465,0.0,0.9501,0.0,0.0,0.0,0.06448,0.0,0.0
MH0316,0.02433,0.0,0.3888,0.0,24.96987,0.0,0.0,0.0,0.0,72.99024999999999,0.0,1.41838,0.0,0.0,0.0,0.20838,0.0,0.0
MH0318,0.58825,0.0,1.33423,0.0,20.307830000000003,0.00403,0.0,0.0,0.00921,67.30973,0.0,7.83958,0.057479999999999996,0.0,0.0,2.54966,0.0,0.0
MH0321,0.02332,0.0,1.30093,0.0,62.17634999999999,0.0,0.0,0.0,0.00318,34.39813999999999,0.0,1.10376,0.0,0.0,0.0,0.9942799999999999,0.0,0.0
MH0322,0.02333,0.0,0.5719499999999998,0.0,71.86890000000001,0.0,0.0,0.0,0.0,25.888299999999997,0.0,1.1619599999999999,0.0,0.0,0.0,0.48553,0.0,0.0
MH0333,0.0,0.0,0.32767999999999997,0.0,64.37061,0.0008,0.0,0.0,0.0034,33.78776000000001,0.0,1.5098099999999997,0.0,0.0,0.0,0.0,0.0,0.0
MH0403,0.01766,0.0,3.70531,0.0,37.53976000000001,0.0006,0.0,0.0,0.005,57.808930000000025,0.0,0.9227100000000001,0.0,0.0,0.0,0.0,0.0,0.0
MH0404,0.0,0.0,0.18887,0.0,62.661870000000015,0.0,0.0,0.0,0.0,30.94123,0.0,1.55995,0.0,0.0,0.0,4.6481,0.0,0.0
MH0405,0.0,0.0,1.0077600000000002,0.0,61.00299,0.0,0.0,0.0,0.0033,36.8801,0.0,1.0826299999999998,0.0,0.0,0.0,0.0232,0.0,0.0
MH0406,0.0,0.0,1.73651,0.0,57.995149999999995,0.0,0.0,0.0,0.0024,34.66345000000001,0.0,5.45225,0.0,0.0,0.0,0.15020999999999998,0.0,0.0
MH0407,0.19965,0.0,2.0960300000000003,0.0,22.28072,0.0,0.0,0.0,0.011059999999999999,74.82579,0.0,0.58124,0.0,0.0,0.0,0.0,0.00554,0.0
MH0408,0.44951,0.0,1.08733,0.0,41.34715,0.0,0.0,0.0,0.0,55.49451,0.0,1.5873,0.0,0.0,0.0,0.03425,0.0,0.0
MH0409,0.27642,0.0,0.7217699999999999,0.0,20.479320000000005,0.0,0.0,0.0,0.0,78.07134,0.0,0.27863000000000004,0.0,0.0,0.0,0.17255,0.0,0.0
MH0410,0.0,0.0,1.0482200000000002,0.0,40.92525,0.00108,0.00173,0.0,0.0,56.77577000000001,0.0,1.2479399999999998,0.0,0.0,0.0,0.0,0.0,0.0
MH0411,0.0,0.0,3.30567,0.0,28.11469,0.0,0.0,0.0,0.0,67.37665,0.0,1.1811099999999999,0.0,0.0,0.0,0.02187,0.0,0.0
MH0412,0.09639,0.0,2.49685,0.0,29.972040000000003,0.0,0.0,0.0,0.00351,62.71416999999998,0.0,1.4520499999999998,0.0,0.0,0.0,3.26496,0.0,0.0
MH0413,0.0,0.0,3.7229100000000006,0.0,33.78710000000001,0.0,0.0,0.0,0.00323,51.97423,0.0,0.92675,0.0,0.0,0.0,9.58579,0.0,0.0
MH0414,0.04008,0.0,0.13008999999999998,0.0,76.03021,0.0,0.0,0.0,0.0,22.399780000000003,0.0,0.32082,0.0,0.0,0.0,1.07904,0.0,0.0
MH0415,0.5893200000000001,0.00772,1.33644,0.0,23.581949999999996,0.0,0.0,0.0,0.01259,69.4846,0.0,1.2455800000000001,0.01618,0.0,0.0,3.7255599999999998,0.0,0.0
MH0417,0.47315,0.0,2.8644600000000002,0.00123,29.40175,0.0,0.0,0.0,0.0,61.24837,0.0,0.7953500000000002,0.0,0.0,0.0,5.21574,0.0,0.0
MH0418,0.044910000000000005,0.0,1.51552,0.0,39.43437,0.0,0.0,0.0,0.00244,58.03681,0.0,0.92224,0.0,0.0,0.0,0.04369,0.0,0.0
MH0419,0.00741,0.0021899999999999997,2.48589,0.0,58.94038,0.0,0.0,0.0,0.0023899999999999998,38.23165999999998,0.0,0.24880999999999998,0.0,0.0,0.0,0.08133,0.0,0.0
MH0420,0.0,0.0,0.81424,0.0,6.663740000000001,0.0,0.0,0.0,0.0,92.45684999999999,0.0,0.05764,0.0,0.0,0.0,0.0,0.00745,0.0
MH0421,0.05979,0.0,0.9609599999999998,0.0,57.08352,0.0,0.0,0.0,0.00673,39.98000999999999,0.0,1.8538599999999998,0.0,0.0,0.0,0.05512,0.0,0.0
MH0422,0.30625,0.0,1.26277,0.0,33.87609,0.0,0.0,0.0,0.0,62.7103,0.0,1.0027,0.0,0.0,0.0,0.84186,0.0,0.0
MH0423,0.0,0.0,4.5661000000000005,0.0,35.770439999999994,0.0,0.0,0.0,0.010190000000000001,59.21678000000001,0.0,0.31494,0.03775,0.0,0.0,0.08383,0.0,0.0
MH0424,0.0,0.0,1.5747600000000002,0.0,37.458900000000014,0.0,0.0,0.0,0.00589,53.37273,0.0,3.54427,0.0,0.0,0.0,4.04345,0.0,0.0
MH0425,0.0,0.0,0.09244000000000001,0.0,56.10123,0.0,0.0,0.0,0.00435,41.13585,0.0004,2.6657400000000004,0.0,0.0,0.0,0.0,0.0,0.0
MH0426,0.0,0.0,0.70755,0.0,73.14242000000002,0.0,0.0,0.0,0.00733,25.413750000000007,0.0,0.37924,0.0,0.0,0.0,0.3497,0.0,0.0
MH0427,0.0,0.0,0.9868200000000001,0.0,43.203779999999995,0.0,0.0,0.0,0.0,32.21716,0.0,23.347460000000005,0.0,0.0,0.0,0.24479,0.0,0.0
MH0429,0.0248,0.0,1.11074,0.0,41.32345,0.0,0.0,0.0,0.0,55.58195,0.0,1.30905,0.0,0.0,0.0,0.6500199999999999,0.0,0.0
MH0430,0.16598000000000002,0.0,6.073710000000001,0.0,5.93878,0.0,0.0,0.0,0.0,80.08145000000002,0.0,1.06792,0.0,0.0,0.0,6.6721699999999995,0.0,0.0
MH0431,0.37068,0.0,4.39306,0.0,43.610319999999994,0.0,0.0,0.0,0.0,30.18988000000001,0.0,4.379529999999999,0.0,0.0,0.0,17.05651,0.0,0.0
MH0432,0.0,0.0,9.91909,0.0,47.96327000000001,0.0,0.0,0.0,0.0026,39.54840000000001,0.0,1.06334,0.0,0.0,0.0,1.50332,0.0,0.0
MH0433,0.0,0.00519,2.6331700000000002,0.0,59.075489999999995,0.0,0.0,0.0,0.0,35.27832,0.0,2.8884399999999997,0.0,0.0,0.0,0.11943,0.0,0.0
MH0434,0.2554,0.0,1.16861,0.0,28.69914,0.0,0.0,0.0,0.0038200000000000005,67.63333000000002,0.0,1.6216,0.0,0.0,0.0,0.61817,0.0,0.0
MH0436,0.04078999999999999,0.0,0.51858,0.0,58.570310000000006,0.0,0.0,0.0,0.00828,40.15226,0.0,0.6841099999999999,0.0,0.0,0.0,0.02565,0.0,0.0
MH0437,0.0,0.0,0.61522,0.0,22.712280000000003,0.0,0.0,0.0,0.007109999999999999,70.7842,0.0,2.26557,0.0,0.0,0.0,3.6156099999999998,0.0,0.0
MH0438,0.5494,0.0,1.21237,0.0,24.13451,0.0,0.0,0.0,0.00325,73.33181,0.0,0.6774199999999999,0.0,0.0,0.0,0.0912,0.0,0.0
MH0439,0.08795,0.0,4.294730000000001,0.0,29.000619999999998,0.0,0.0,0.0,0.0,62.50459,0.0,1.0226099999999998,0.0,0.0,0.0,3.0895,0.0,0.0
MH0440,0.30097,0.0,2.9409500000000004,0.0,36.18349,0.0,0.0,0.0,0.01171,51.853509999999986,0.0,0.58648,0.0,0.0,0.0,8.122910000000001,0.0,0.0
MH0441,0.186,0.0,7.779340000000001,0.0,29.680600000000002,0.0,0.0,0.0,0.00278,57.71078,0.0,2.0402199999999997,0.0,0.0,0.0,2.60027,0.0,0.0
MH0442,0.27064,0.0,2.0620200000000004,0.0,7.399370000000002,0.0,0.0,0.0,0.0162,88.3232,0.0,1.69286,0.0,0.0,0.0,0.23571,0.0,0.0
MH0443,0.11518,0.0,2.7205099999999995,0.0,28.905160000000002,0.0,0.0,0.0,0.0,67.70047,0.0,0.55849,0.0,0.0,0.0,0.0002,0.0,0.0
MH0444,0.00088,0.0,0.21391,0.0,63.06625999999999,0.0,0.0,0.0,0.0,33.70663,0.0,2.9988699999999997,0.0,0.0,0.0,0.01346,0.0,0.0
MH0445,0.0,0.0,4.703330000000001,0.0,32.16542999999999,0.0,0.0,0.0,0.00955,59.776900000000005,0.0,0.46217,0.0,0.0,0.0,2.88262,0.0,0.0
MH0446,0.31449,0.0,0.91584,0.0,50.444469999999995,0.0,0.0,0.0,0.00379,46.854769999999995,0.0,1.31992,0.0,0.0,0.0,0.14665999999999998,0.0,0.0
MH0447,0.11213,0.0,1.9503199999999996,0.0,27.688560000000003,0.0,0.0,0.0,0.00974,67.95225999999998,0.00636,1.7234299999999998,0.0,0.0,0.0,0.55053,0.00669,0.0
MH0448,0.75546,0.0,7.63914,0.0,11.085789999999996,0.0,0.0,0.0,0.00916,68.62961999999999,0.0,1.6874899999999997,0.0,0.33784000000000003,0.0,9.8548,0.00073,0.0
MH0450,0.11681,0.0,0.83599,0.0,22.693849999999998,0.0,0.0,0.0,0.008020000000000001,71.83012999999998,0.0,3.33159,0.0,0.0,0.0,1.18359,0.0,0.0
MH0451,0.0,0.0,1.93532,0.0,40.54755000000001,0.0,0.0,0.0,0.00316,56.249680000000005,0.0,0.5941399999999998,0.0,0.0,0.0,0.6701600000000001,0.0,0.0
MH0452,0.0,0.0,4.620140000000001,0.0,36.004099999999994,0.0,0.0,0.0,0.01378,56.892999999999994,0.0,2.38722,0.0,0.0,0.0,0.08181000000000001,0.0,0.0
MH0453,0.11025,0.00227,0.08276,0.0,36.302789999999995,0.0,0.0,0.0,0.00247,63.05257999999999,0.0,0.21238,0.0,0.0,0.0,0.22341999999999998,0.0,0.0111
MH0454,0.42025999999999997,0.0,6.328560000000001,0.0,27.960549999999998,0.0,0.0,0.0,0.0031899999999999997,58.56530999999999,0.0,1.7925200000000003,0.0,0.0,0.0,4.92964,0.0,0.0
MH0455,0.0,0.00201,0.88776,0.0,57.78050999999999,0.0,0.0,0.0,0.00436,41.08314999999999,0.0,0.21066000000000001,0.0,0.0,0.0,0.03149,0.0,0.0
MH0457,0.07846,0.0,1.9313099999999996,0.0,29.574769999999994,0.0,0.0,0.0,0.00428,61.220460000000024,0.0,1.40008,0.0,0.0,0.0,5.79068,0.0,0.0
MH0458,0.0,0.0,0.18223999999999996,0.0,44.50128,0.0,0.0,0.0,0.0,48.43227999999999,0.0,0.6659999999999999,0.0,0.0,0.0,6.21822,0.0,0.0
MH0462,0.0,0.0,5.953900000000001,0.0,62.20483,0.00141,0.0,0.0,0.0,28.346519999999998,0.0,3.1720000000000006,0.0,0.0,0.0,0.31493000000000004,0.00639,0.0
