SampleID,k__Archaea|p__Euryarchaeota|c__Methanobacteria|o__Methanobacteriales|f__Methanobacteriaceae,k__Archaea|p__Euryarchaeota|c__Methanococci|o__Methanococcales|f__Methanocaldococcaceae,k__Bacteria|p__Acidobacteria|c__Acidobacteriia|o__Acidobacteriales|f__Acidobacteriaceae,k__Bacteria|p__Actinobacteria|c__Actinobacteria|o__Actinomycetales|f__Actinomycetaceae,k__Bacteria|p__Actinobacteria|c__Actinobacteria|o__Actinomycetales|f__Actinomycetales_noname,k__Bacteria|p__Actinobacteria|c__Actinobacteria|o__Actinomycetales|f__Brevibacteriaceae,k__Bacteria|p__Actinobacteria|c__Actinobacteria|o__Actinomycetales|f__Corynebacteriaceae,k__Bacteria|p__Actinobacteria|c__Actinobacteria|o__Actinomycetales|f__Dermatophilaceae,k__Bacteria|p__Actinobacteria|c__Actinobacteria|o__Actinomycetales|f__Micrococcaceae,k__Bacteria|p__Actinobacteria|c__Actinobacteria|o__Actinomycetales|f__Propionibacteriaceae,k__Bacteria|p__Actinobacteria|c__Actinobacteria|o__Bifidobacteriales|f__Bifidobacteriaceae,k__Bacteria|p__Actinobacteria|c__Actinobacteria|o__Coriobacteriales|f__Coriobacteriaceae,k__Bacteria|p__Aquificae|c__Aquificae|o__Aquificales|f__Desulfurobacteriaceae,k__Bacteria|p__Bacteroidetes|c__Bacteroidia|o__Bacteroidales|f__Bacteroidaceae,k__Bacteria|p__Bacteroidetes|c__Bacteroidia|o__Bacteroidales|f__Bacteroidales_noname,k__Bacteria|p__Bacteroidetes|c__Bacteroidia|o__Bacteroidales|f__Marinilabiliaceae,k__Bacteria|p__Bacteroidetes|c__Bacteroidia|o__Bacteroidales|f__Porphyromonadaceae,k__Bacteria|p__Bacteroidetes|c__Bacteroidia|o__Bacteroidales|f__Prevotellaceae,k__Bacteria|p__Bacteroidetes|c__Bacteroidia|o__Bacteroidales|f__Rikenellaceae,k__Bacteria|p__Bacteroidetes|c__Flavobacteriia|o__Flavobacteriales|f__Flavobacteriaceae,k__Bacteria|p__Bacteroidetes|c__Sphingobacteriia|o__Sphingobacteriales|f__Sphingobacteriaceae,k__Bacteria|p__Candidatus_Saccharibacteria|c__Candidatus_Saccharibacteria_noname|o__Candidatus_Saccharibacteria_noname|f__Candidatus_Saccharibacteria_noname,k__Bacteria|p__Chlamydiae|c__Chlamydiia|o__Chlamydiales|f__Chlamydiaceae,k__Bacteria|p__Chlorobi|c__Chlorobia|o__Chlorobiales|f__Chlorobiaceae,k__Bacteria|p__Deinococcus_Thermus|c__Deinococci|o__Deinococcales|f__Deinococcaceae,k__Bacteria|p__Firmicutes|c__Bacilli|o__Bacillales|f__Alicyclobacillaceae,k__Bacteria|p__Firmicutes|c__Bacilli|o__Bacillales|f__Bacillaceae,k__Bacteria|p__Firmicutes|c__Bacilli|o__Bacillales|f__Bacillales_noname,k__Bacteria|p__Firmicutes|c__Bacilli|o__Bacillales|f__Staphylococcaceae,k__Bacteria|p__Firmicutes|c__Bacilli|o__Lactobacillales|f__Aerococcaceae,k__Bacteria|p__Firmicutes|c__Bacilli|o__Lactobacillales|f__Carnobacteriaceae,k__Bacteria|p__Firmicutes|c__Bacilli|o__Lactobacillales|f__Enterococcaceae,k__Bacteria|p__Firmicutes|c__Bacilli|o__Lactobacillales|f__Lactobacillaceae,k__Bacteria|p__Firmicutes|c__Bacilli|o__Lactobacillales|f__Leuconostocaceae,k__Bacteria|p__Firmicutes|c__Bacilli|o__Lactobacillales|f__Streptococcaceae,k__Bacteria|p__Firmicutes|c__Clostridia|o__Clostridiales|f__Clostridiaceae,k__Bacteria|p__Firmicutes|c__Clostridia|o__Clostridiales|f__Clostridiales_Family_XIII_Incertae_Sedis,k__Bacteria|p__Firmicutes|c__Clostridia|o__Clostridiales|f__Clostridiales_Family_XI_Incertae_Sedis,k__Bacteria|p__Firmicutes|c__Clostridia|o__Clostridiales|f__Clostridiales_noname,k__Bacteria|p__Firmicutes|c__Clostridia|o__Clostridiales|f__Eubacteriaceae,k__Bacteria|p__Firmicutes|c__Clostridia|o__Clostridiales|f__Lachnospiraceae,k__Bacteria|p__Firmicutes|c__Clostridia|o__Clostridiales|f__Oscillospiraceae,k__Bacteria|p__Firmicutes|c__Clostridia|o__Clostridiales|f__Peptostreptococcaceae,k__Bacteria|p__Firmicutes|c__Clostridia|o__Clostridiales|f__Ruminococcaceae,k__Bacteria|p__Firmicutes|c__Clostridia|o__Halanaerobiales|f__Halobacteroidaceae,k__Bacteria|p__Firmicutes|c__Erysipelotrichia|o__Erysipelotrichales|f__Erysipelotrichaceae,k__Bacteria|p__Firmicutes|c__Negativicutes|o__Selenomonadales|f__Acidaminococcaceae,k__Bacteria|p__Firmicutes|c__Negativicutes|o__Selenomonadales|f__Veillonellaceae,k__Bacteria|p__Fusobacteria|c__Fusobacteriia|o__Fusobacteriales|f__Fusobacteriaceae,k__Bacteria|p__Fusobacteria|c__Fusobacteriia|o__Fusobacteriales|f__Leptotrichiaceae,k__Bacteria|p__Proteobacteria|c__Alphaproteobacteria|o__Caulobacterales|f__Caulobacteraceae,k__Bacteria|p__Proteobacteria|c__Alphaproteobacteria|o__Rhizobiales|f__Bartonellaceae,k__Bacteria|p__Proteobacteria|c__Betaproteobacteria|o__Burkholderiales|f__Alcaligenaceae,k__Bacteria|p__Proteobacteria|c__Betaproteobacteria|o__Burkholderiales|f__Burkholderiaceae,k__Bacteria|p__Proteobacteria|c__Betaproteobacteria|o__Burkholderiales|f__Burkholderiales_noname,k__Bacteria|p__Proteobacteria|c__Betaproteobacteria|o__Burkholderiales|f__Comamonadaceae,k__Bacteria|p__Proteobacteria|c__Betaproteobacteria|o__Burkholderiales|f__Oxalobacteraceae,k__Bacteria|p__Proteobacteria|c__Betaproteobacteria|o__Burkholderiales|f__Sutterellaceae,k__Bacteria|p__Proteobacteria|c__Betaproteobacteria|o__Gallionellales|f__Gallionellaceae,k__Bacteria|p__Proteobacteria|c__Betaproteobacteria|o__Neisseriales|f__Neisseriaceae,k__Bacteria|p__Proteobacteria|c__Deltaproteobacteria|o__Desulfovibrionales|f__Desulfovibrionaceae,k__Bacteria|p__Proteobacteria|c__Epsilonproteobacteria|o__Campylobacterales|f__Campylobacteraceae,k__Bacteria|p__Proteobacteria|c__Epsilonproteobacteria|o__Campylobacterales|f__Helicobacteraceae,k__Bacteria|p__Proteobacteria|c__Gammaproteobacteria|o__Aeromonadales|f__Succinivibrionaceae,k__Bacteria|p__Proteobacteria|c__Gammaproteobacteria|o__Alteromonadales|f__Pseudoalteromonadaceae,k__Bacteria|p__Proteobacteria|c__Gammaproteobacteria|o__Chromatiales|f__Ectothiorhodospiraceae,k__Bacteria|p__Proteobacteria|c__Gammaproteobacteria|o__Enterobacteriales|f__Enterobacteriaceae,k__Bacteria|p__Proteobacteria|c__Gammaproteobacteria|o__Oceanospirillales|f__Hahellaceae,k__Bacteria|p__Proteobacteria|c__Gammaproteobacteria|o__Oceanospirillales|f__Halomonadaceae,k__Bacteria|p__Proteobacteria|c__Gammaproteobacteria|o__Pasteurellales|f__Pasteurellaceae,k__Bacteria|p__Proteobacteria|c__Gammaproteobacteria|o__Pseudomonadales|f__Moraxellaceae,k__Bacteria|p__Proteobacteria|c__Gammaproteobacteria|o__Pseudomonadales|f__Pseudomonadaceae,k__Bacteria|p__Proteobacteria|c__Gammaproteobacteria|o__Xanthomonadales|f__Sinobacteraceae,k__Bacteria|p__Spirochaetes|c__Spirochaetia|o__Spirochaetales|f__Brachyspiraceae,k__Bacteria|p__Spirochaetes|c__Spirochaetia|o__Spirochaetales|f__Spirochaetaceae,k__Bacteria|p__Synergistetes|c__Synergistia|o__Synergistales|f__Synergistaceae,k__Bacteria|p__Tenericutes|c__Mollicutes|o__Acholeplasmatales|f__Acholeplasmataceae,k__Bacteria|p__Tenericutes|c__Mollicutes|o__Entomoplasmatales|f__Spiroplasmataceae,k__Bacteria|p__Verrucomicrobia|c__Verrucomicrobiae|o__Verrucomicrobiales|f__Verrucomicrobiaceae,k__Eukaryota|p__Ascomycota|c__Eurotiomycetes|o__Eurotiales|f__Aspergillaceae,k__Eukaryota|p__Ascomycota|c__Saccharomycetes|o__Saccharomycetales|f__Saccharomycetaceae
MH0002,0.0,0.0,0.00445,0.0,0.0,0.0,0.0,0.0,0.0,0.0,0.86628,0.48652000000000006,0.0,10.912730000000002,1.6871900000000002,0.0,2.27577,0.53555,16.05645,0.0,0.0,0.0,0.0,0.0,0.00967,0.0,0.0,0.00128,0.0,0.0,0.0,0.0,0.05677000000000001,0.0,0.131,0.43877999999999995,0.0,0.0,0.09784,39.0396,6.210590000000001,1.2847300000000001,0.0,13.764800000000001,0.0,0.08442999999999999,0.007240000000000001,0.013040000000000001,0.0,0.0,0.0,0.0,0.0,0.0,0.0,0.00385,0.08428,0.27984,0.0,0.0,0.14525000000000002,0.0,0.0,0.0,0.0,0.0,0.47839,0.0,0.0,0.0,0.0,0.0,0.0,0.0,0.0,0.0,0.0,0.0,5.04371,0.0,0.0
MH0003,0.0,0.0,0.0,0.05426999999999999,0.0,0.0,0.0,0.0,0.04106,0.0,0.54315,0.54536,0.0,19.7371,0.0,0.0,3.7514800000000004,0.00907,4.13856,0.0,0.0,0.0,0.0,0.0,0.02036,0.0,0.0,0.00893,0.0,0.0,0.031039999999999998,0.0,2.5569,5.792260000000001,7.257510000000001,0.08755,0.0,0.0,0.07198,5.23667,8.91812,1.39021,0.026910000000000003,33.30014,0.0,0.02321,0.0,5.2047500000000015,0.0,0.0,0.0,0.0,0.0,0.008790000000000001,0.00755,0.00405,0.0,0.11193,0.0,0.0,0.78816,0.0,0.0,0.0,0.0,0.0,0.21737,0.0,0.0,0.11556,0.0,0.0,0.0,0.0,0.0,0.0,0.0,0.0,0.0,0.0,0.0
MH0006,0.0,0.0,0.00225,0.0,0.0,0.0,0.0,0.0,0.0,0.0,0.0325,0.16479,0.0,4.9922200000000005,0.06112000000000001,0.0,2.5568100000000005,41.970349999999996,7.257809999999999,0.0,0.0,0.0,0.0,0.0,0.03431,0.0,0.0,0.0,0.0,0.0,0.0,0.0,0.09226000000000001,0.0,0.028629999999999996,0.19838,0.0,0.0,0.00375,1.49368,15.70076,0.21176,0.0,17.92041,0.0,0.61281,5.74332,0.07174999999999998,0.0,0.0,0.0,0.006690000000000001,0.0,0.00674,0.0,0.0,0.0,0.27894,0.0,0.0,0.53384,0.0,0.0,0.0,0.0,0.0,0.00638,0.0,0.0,0.00595,0.0,0.0,0.0,0.0,0.0,0.0,0.0,0.0,0.01181,0.0,0.0
MH0009,0.27929,0.0,0.01187,0.0,0.0,0.01524,0.0,0.0,0.0003,0.0,0.30877,0.12806,0.0,2.2853,0.30463,0.0,3.3054,12.2333,2.59006,0.0,0.02453,0.007240000000000001,0.0,0.0,0.025830000000000002,0.0,0.0,0.0,0.0,0.0,0.0,0.0,0.0,0.0059,0.11261,9.04829,0.0,0.0,0.33854999999999996,23.22766,3.82561,0.26781,0.49753,28.09234,0.0,0.9213,6.602410000000001,1.74795,0.0,0.0,0.0,0.0,0.0,0.01775,0.013340000000000001,0.0,0.08517999999999999,0.24951,0.0,0.0,0.32836000000000004,0.0,0.0,0.0,0.0,0.0,1.28639,0.0,0.0,0.2244,0.0,0.0,0.0,0.0,0.0,0.0,0.0,0.0,1.58443,0.0,0.00286
MH0011,4.0086,0.01828,0.0,0.0,0.0,0.0,0.0,0.01831,0.00158,0.0,1.3867299999999998,0.0874,0.0,17.577429999999996,0.44808000000000003,0.0,10.985050000000001,0.0,9.65474,0.02555,0.0,0.0,0.0,0.0,0.04231,0.0,0.0,0.0,0.0,0.0,0.0,0.0,0.0,0.0,0.26180000000000003,0.036570000000000005,0.0,0.0,0.12702,3.7332899999999993,11.570820000000003,1.05534,0.0,30.415380000000003,0.0,1.3301,0.04623,0.17593000000000003,0.0,0.0,0.0,0.0,0.0,0.0,0.0,0.0,0.03015,0.18264999999999998,0.0,0.0,1.14875,0.0,0.0,0.0,0.0,0.0,0.029349999999999998,0.0,0.0,0.00063,0.0,0.0,0.0,0.0,0.0,0.0,0.0,0.0,5.60197,0.0,0.0
MH0012,0.43068,0.0,0.0026100000000000003,0.0,0.0,0.0,0.0,0.0,0.00283,0.00506,3.80659,0.44503,0.0,21.93509,0.0,0.0,7.8472100000000005,2.37119,9.55303,0.0,0.0,0.0,0.0,0.0,0.05671,0.0,0.0,0.0,0.0,0.0,0.0,0.0,0.00121,0.0,0.018959999999999998,0.13276,0.0,0.0,0.02482,2.6389799999999997,4.28948,0.5765399999999999,0.08981,33.05365,0.0,1.03133,0.02496,3.9310599999999996,0.0,0.0,0.0,0.0,0.0,0.0,0.0023899999999999998,0.0,0.058440000000000006,0.8288399999999999,0.0,0.0,0.5462199999999999,0.00247,0.0,0.39196,0.0,0.0,0.72177,0.0,0.0,0.11115000000000001,0.0,0.0,0.0,0.0,0.0,0.0,0.0,0.0,5.06686,0.0,0.00031
MH0014,0.06246,0.0,0.00979,0.0,0.0,0.0,0.0,0.0,0.0,0.0,0.29091999999999996,0.12686999999999998,0.0,12.59696,0.5449,0.0,5.493230000000001,0.0,12.320140000000002,0.00644,0.01365,0.0,0.0,0.0,0.01705,0.0,0.0,0.0,0.0,0.0,0.0,0.0,0.0,0.0,0.014960000000000001,1.42356,0.0,0.0,0.009409999999999998,2.4005100000000006,8.374139999999999,0.20906,0.052410000000000005,29.42774,0.0,0.14835,0.03978,0.22713,0.0,0.0,0.0,0.0,0.0,0.0,0.16166,0.0,0.0,0.1155,0.0,0.0,0.11788,0.0,0.0,0.0,0.0,0.0,25.608269999999997,0.0,0.0,0.00275,0.0,0.0,0.0,0.0,0.0,0.0,0.0,0.0,0.1845,0.0,0.0
MH0016,0.00236,0.0,0.0,0.0,0.0,0.0,0.0,0.0,0.0,0.0,0.0,0.3809,0.0,32.83073,0.0,0.0,17.87576,0.0,5.96928,0.01856,0.12577,0.0,0.0,0.0,0.0,0.0,0.0,0.0,0.0,0.0,0.0,0.0,0.0047,0.0,0.08632000000000001,2.7684899999999995,0.0,0.0,0.10658999999999999,9.41855,11.38553,1.05944,0.0,16.85962,0.0,0.11904,0.03386,0.06705,0.0,0.0,0.0,0.0,0.0,0.0169,0.08334,0.00489,0.0,0.28874,0.0,0.0,0.40917,0.0,0.0,0.0,0.0,0.0,0.0,0.0,0.0,0.0,0.0,0.01914,0.0,0.0,0.0,0.0,0.00852,0.0,0.05678,0.0,0.0
MH0020,0.0,0.0,0.0,0.0,0.0,0.0,0.0,0.0,0.0,0.0,1.9205299999999998,0.5830700000000001,0.0,40.538639999999994,0.0,0.0,15.83695,4.410640000000001,6.49575,0.01326,0.01668,0.0,0.0,0.0,0.01756,0.0,0.0,0.0,0.0,0.0,0.0,0.0,0.0,0.0,0.017920000000000002,1.31151,0.0,0.0,0.25694,1.017,3.63847,0.27747,0.0,15.5658,0.0,0.07223,0.029410000000000002,5.986420000000001,0.0,0.0,0.0,0.0,0.0,0.0,0.69065,0.0,0.0,0.07226,0.0,0.0,1.22523,0.0,0.0,0.0,0.0,0.0,0.00564,0.0,0.0,0.0,0.0,0.0,0.0,0.0,0.0,0.0,0.0,0.0,0.0,0.0,0.0
MH0021,0.12352,0.0,0.0,0.0,0.0,0.0,0.0,0.0,0.004229999999999999,0.0,1.29385,0.23865,0.0,18.04565,0.19862,0.0,12.33568,0.0,12.32058,0.0,0.0,0.0,0.0,0.0,0.0,0.0,0.0,0.0,0.0,0.0,0.0,0.0,0.0,0.0,0.17842,0.74732,0.0,0.0,0.00078,16.093289999999996,8.895040000000002,0.28318000000000004,0.0,19.73097,0.0,0.03687,0.0,5.81178,0.0,0.0,0.0,0.0,0.0,0.0,0.0,0.0,0.0,2.64597,0.0,0.0,0.38785000000000003,0.0,0.0,0.0,0.0,0.0,0.0,0.0,0.0,0.0,0.0,0.0,0.0,0.0077,0.0,0.0,0.0,0.0,0.6029899999999999,0.0,0.01704
MH0024,0.1179,0.0,0.00613,0.0,0.0,0.0,0.0,0.0,0.00062,0.0,0.00476,0.11854,0.0,45.23127,0.00215,0.0,11.31192,0.0,11.42073,0.0,0.0,0.0,0.0,0.0,0.033319999999999995,0.0,0.0,0.0,0.0,0.0,0.0,0.0,0.0,0.00503,0.01343,0.01018,0.0,0.0,0.0060799999999999995,7.68731,7.29238,0.15572,0.01759,15.85312,0.0,0.048709999999999996,0.014230000000000001,0.5806600000000001,0.0,0.0,0.0,0.0,0.0,0.0,0.0,0.0,0.00041,0.011179999999999999,0.0,0.0,0.0,0.0,0.0,0.0,0.0,0.0,0.0,0.0,0.0,0.01355,0.0,0.02076,0.0,0.0,0.0,0.0,0.0,0.0,0.021830000000000002,0.0,0.00047999999999999996
MH0025,0.5191399999999999,0.0,0.13149,0.0,0.0,0.0,0.0,0.0,0.0,0.0,2.6148200000000004,0.91685,0.0,17.0684,0.6077600000000001,0.0,8.83857,0.004,5.290240000000001,0.0,0.026810000000000004,0.0,0.0,0.0,0.025230000000000002,0.0,0.0,0.0,0.0,0.0,0.0,0.17036,0.0,0.0,0.05931,1.9101,0.0,0.0,0.034929999999999996,12.60588,10.472430000000003,1.13626,0.0,21.162979999999997,0.0,0.72504,0.037860000000000005,0.10533000000000001,0.0,0.0,0.0,0.0,0.0,0.00911,0.0022199999999999998,0.006690000000000001,0.04202,0.32724,0.0,0.0,0.5360699999999999,0.0,0.0,0.0,0.06359,0.0,10.38411,0.0,0.0,0.0,0.74165,0.00205,0.0,0.15192999999999998,0.0,0.0,0.0,0.0,3.26953,0.0,0.0
MH0026,0.0,0.0,0.0,0.0,0.0,0.0,0.0,0.0,0.0,0.0,0.01929,0.57473,0.0,14.815339999999997,0.0,0.0,0.31425000000000003,46.20719,2.18527,0.0,0.0,0.0,0.0,0.0,0.0,0.0,0.0,0.0,0.0,0.0,0.0,0.0,0.0,0.0,0.01121,0.12632,0.0,0.0,0.22899000000000003,7.11856,11.33754,0.5795100000000001,0.062220000000000004,15.238499999999998,0.0,0.24897000000000002,0.03148,0.043680000000000004,0.0,0.0,0.0,0.0322,0.0,0.0,0.0,0.0,0.0,0.44841000000000003,0.0,0.0,0.12055,0.0,0.0,0.0,0.0,0.0,0.0,0.0,0.0,0.0,0.0,0.0,0.0,0.0,0.0,0.0,0.0,0.0,0.25579,0.0,0.0
MH0028,0.06227,0.0,0.0053100000000000005,0.0,0.0,0.0,0.0,0.0,0.0,0.0,0.97688,0.11795,0.0,27.2549,0.57431,0.0,18.12451,0.0,18.37922,0.00872,0.07237,0.0,0.0,0.0,0.0,0.0,0.0,0.0,0.0,0.0,0.0,0.0,0.0,0.0,0.0076,1.41176,0.0,0.0,0.043579999999999994,7.3359000000000005,7.99019,0.6081,0.0,13.178379999999999,0.0,0.18121,0.09734,0.09428,0.0,0.0,0.0,0.0,0.0,0.038020000000000005,0.0,0.018369999999999997,0.0017800000000000001,0.26074,0.0,0.017159999999999998,0.6200500000000001,0.0,0.0,0.0,0.0,0.0,1.93501,0.0,0.0,0.0,0.0,0.01798,0.0,0.0,0.0,0.0,0.0,0.0,0.56608,0.0,0.0
MH0030,0.10206,0.00968,0.0,0.0,0.0,0.0,0.0,0.0,0.01755,0.0,0.8500199999999999,0.31733,0.0,0.47936,0.30246999999999996,0.0,1.3988800000000001,12.20908,0.30490999999999996,0.0,0.0,0.0,0.0,0.01026,0.026889999999999997,0.0,0.0,0.0022600000000000003,0.0,0.0,0.0,0.0,0.71107,0.0,0.27098,0.0047,0.0,0.0,0.0,4.339809999999999,24.22099,0.28947,0.0,48.6005,0.0,2.66797,0.41191000000000005,1.4762600000000001,0.0,0.0,0.0,0.0,0.0,0.07392,0.0,0.0,0.0203,0.43109,0.0,0.0,0.37959,0.0,0.0,0.0,0.0,0.0,0.0,0.0,0.0,0.06432,0.0,0.0,0.0,0.0,0.0,0.0,0.0,0.0,0.0,0.0,0.006409999999999999
MH0031,0.28777,0.0,0.0,0.0,0.0,0.0,0.0,0.0,0.0,0.0,0.7064,0.5802999999999999,0.0,1.9996800000000001,0.028069999999999998,0.0,1.6214499999999998,17.728270000000002,0.23685,0.0,0.0,0.0,0.0,0.0,0.010320000000000001,0.0,0.0,0.0,0.0,0.0,0.0,0.0,0.09739,0.0,0.03243,0.32321999999999995,0.0,0.0,3.123,7.42593,38.89370000000001,0.20222,0.59942,23.250110000000003,0.0,0.75918,0.0298,0.94341,0.0,0.0,0.0,0.0282,0.0,0.0,0.0,0.0,0.0388,0.34060999999999997,0.0,0.0,0.02085,0.0,0.0,0.0,0.0,0.0,0.0,0.0,0.0,0.23185,0.0,0.0,0.0,0.0,0.0,0.0,0.0,0.0,0.44585,0.0,0.014910000000000001
MH0032,0.009250000000000001,0.0,0.0063100000000000005,0.0,0.00345,0.0,0.0,0.01484,0.0,0.0,0.18412,0.2259,0.0,4.37568,0.16269,0.0,2.9241099999999998,59.77615,3.87934,0.0,0.0,0.0,0.0,0.0,0.01372,0.0,0.0,0.0,0.0,0.0,0.00514,0.0,0.01788,0.0,0.057960000000000005,0.29979,0.0,0.0,0.0027,4.13021,5.75995,0.1149,0.036219999999999995,14.598060000000002,0.0,0.23108,0.0247,2.4042899999999996,0.0,0.0,0.0,0.0,0.0,0.0,0.00302,0.0,0.0035399999999999997,0.5836399999999999,0.0,0.0,0.036710000000000007,0.0,0.0,0.0,0.0,0.0,0.05864,0.0,0.0,0.0,0.0,0.0,0.0,0.0,0.0,0.0,0.0,0.0,0.05595,0.0,0.0
MH0033,0.11188,0.0,0.0,0.0,0.0,0.0,0.0,0.0,0.0,0.0,0.5910399999999999,0.28507,0.0,18.14492,1.11724,0.0,3.6570400000000003,0.0,7.2478,0.01775,0.069,0.0,0.0,0.0,0.01176,0.0,0.0,0.0,0.0,0.0,0.0,0.0,0.13022,0.0,0.00675,0.5348299999999999,0.0,0.0,0.046919999999999996,27.18804,8.48485,0.46436000000000005,0.13838,24.38719,0.0,0.06394,0.0,6.08244,0.0,0.0,0.0,0.0,0.0,0.032330000000000005,0.00227,0.0,0.0,0.02278,0.0,0.0,0.52802,0.0,0.0,0.0,0.0,0.0,0.28926999999999997,0.0,0.0,0.31455999999999995,0.0,0.01831,0.0,0.0,0.0,0.0,0.0,0.0,0.01103,0.0,0.0
MH0034,0.0,0.0,0.0,0.0,0.0,0.0,0.0,0.0,0.0,0.0,0.10119999999999998,0.063,0.0,6.74194,0.02051,0.0,3.7411899999999996,66.75201999999999,1.95423,0.052000000000000005,0.04448,0.0,0.0,0.0,0.011479999999999999,0.0,0.0,0.0,0.0,0.0,0.0,0.0,0.06012000000000001,0.0,0.0036299999999999995,0.82426,0.0,0.0,0.0,3.92026,4.31629,0.0361,0.030310000000000004,7.10734,0.0,0.009260000000000001,3.4192699999999996,0.04787999999999999,0.0,0.0,0.0,0.0,0.0,0.0,0.0,0.0,0.00312,0.4442,0.17843,0.0,0.11526,0.0,0.0,0.0,0.0,0.0,0.0,0.0,0.0,0.0,0.0,0.0,0.0,0.0,0.00224,0.0,0.0,0.0,0.0,0.0,0.0
MH0035,0.07484999999999999,0.0,0.0,0.0,0.0,0.0,0.0,0.0,0.0,0.0,2.43544,0.25878999999999996,0.0,25.760210000000004,0.76158,0.0,6.571339999999999,3.83642,3.6473500000000003,0.03128,0.01674,0.0,0.0,0.0,0.0,0.0,0.0,0.0,0.0,0.0,0.0,0.0,0.11102999999999999,0.0,0.8406,0.00877,0.0,0.0,0.82383,16.15713,6.22358,0.15311,0.028489999999999998,18.02126,0.02458,0.01575,0.023459999999999998,8.664889999999998,0.0,0.0,0.0,0.0,0.0,0.0,0.0283,0.00549,0.0,0.061799999999999994,0.0,0.0,0.35365,0.0,0.0,0.0,0.0,0.0,0.0028,0.0,0.0,0.33530999999999994,0.0,0.0,0.0,0.0,0.00271,0.0,0.0,0.0016600000000000002,4.71777,0.0,0.0
MH0036,0.11284,0.0,0.04446,0.0,0.0,0.0,0.0,0.01744,0.0,0.0,0.00598,0.039040000000000005,0.0,14.77456,0.67324,0.0,4.23976,6.40667,13.731369999999998,0.0,0.0,0.0,0.0,0.0,0.02418,0.0,0.0,0.0,0.0,0.0,0.0,0.0,0.0,0.01335,0.0,1.67173,0.0,0.0,0.00655,13.956750000000001,8.06364,0.35405,0.17018,21.22667,0.01434,2.06623,0.041819999999999996,12.08059,0.0,0.0,0.0,0.0,0.0,0.0,0.012629999999999999,0.0,0.0,0.01994,0.0,0.0,0.14797,0.0,0.0,0.0,0.0,0.0,0.07658,0.0,0.0,0.0,0.0,0.00124,0.0,0.0,0.0,0.0,0.0,0.0,0.006220000000000001,0.0,0.0
MH0037,0.0,0.0,0.00725,0.0,0.0,0.0,0.0,0.0,0.03486,0.0,0.046110000000000005,0.38285,0.0,37.71057,4.24951,0.0,1.8473300000000001,0.00385,2.1254199999999996,0.0,0.0033399999999999997,0.0,0.0,0.0,0.047330000000000004,0.0,0.0,0.0,0.0,0.0,0.0,0.0,0.0,0.0,0.12267,0.11216000000000001,0.0,0.0,0.05516,6.44598,6.20331,0.17302,0.06246,17.30647,0.0,0.04519,0.00359,15.12981,0.0,0.0,0.0,0.0,0.0,0.0,0.56453,0.0,0.0,0.75944,0.0,0.0,0.0,0.0,0.0,0.0,0.0,0.0,0.32823,0.0,0.0,0.05221,0.0,0.0,0.0,0.0,0.0,0.0,0.0,0.0,6.176740000000001,0.0,0.00057
MH0038,0.0,0.0,0.018609999999999998,0.0,0.0,0.0,0.0,0.0,0.0,0.0,0.80616,0.09906999999999999,0.0,30.99469,0.44451,0.0,8.770909999999999,0.0,3.09492,0.02036,0.038439999999999995,0.0,0.0,0.0,0.03372,0.0,0.0,0.0,0.0,0.0,0.0,0.0,0.0,0.0,0.04015,0.0012100000000000001,0.0,0.0,0.00201,32.36158,4.59883,0.15245999999999998,0.21759,16.65836,0.0,0.11511999999999999,0.06992000000000001,0.3643,0.0,0.0,0.0,0.0,0.0,0.0,0.5221899999999999,0.0,0.0,0.13367,0.016130000000000002,0.0,0.11785999999999999,0.0,0.0,0.0,0.0,0.0,0.0117,0.0,0.0,0.28912,0.0,0.0,0.0,0.0,0.0,0.0,0.0,0.00343,0.003,0.0,0.0
MH0039,0.00727,0.0,0.0231,0.0,0.0,0.014819999999999998,0.0,0.0,0.0,0.0,0.76017,0.38764000000000004,0.0,44.70881,0.31868,0.0,7.607129999999999,0.0,6.759869999999999,0.11379,0.0,0.0,0.0,0.0,0.02513,0.0,0.0,0.0,0.0,0.0,0.0,0.0,0.0,0.0,0.0057,0.0045899999999999995,0.0,0.0,0.02129,4.56692,11.24249,0.49958,0.09948,15.921590000000002,0.0,1.1023500000000002,3.1718900000000003,0.12232000000000001,0.0,0.0,0.0,0.0,0.0,0.034539999999999994,0.00883,0.005,0.0,2.00455,0.0,0.0,0.22013999999999997,0.0,0.0,0.0,0.0,0.0,0.0,0.0,0.0,0.0,0.0,0.0,0.00847,0.0,0.0,0.0,0.0,0.0,0.23388,0.0,0.0
MH0040,0.0,0.0,0.0139,0.0,0.0,0.0,0.0,0.0,0.0,0.0,0.59399,0.22858000000000003,0.0,21.97877,2.93872,0.0,2.7606800000000002,0.0,15.3474,0.01141,0.0,0.0,0.0,0.0,0.10583,0.0,0.0,0.0,0.0,0.0,0.0,0.0,0.0,0.0,0.30929000000000006,0.04052,0.0,0.0,0.04123,8.71543,7.934710000000003,1.93753,0.013000000000000001,26.92968,0.0,0.0526,0.0,9.24698,0.0,0.0,0.0,0.0,0.0,0.0,0.0,0.0,0.0,0.0418,0.0,0.0,0.0,0.0,0.0,0.0,0.0,0.0,0.0,0.0,0.0,0.040310000000000006,0.0,0.0,0.0,0.0,0.0,0.0,0.0,0.0,0.71763,0.0,0.0
MH0041,0.0,0.0,0.01208,0.0,0.0,0.0,0.0,0.0,0.0036899999999999997,0.0,7.9514700000000005,1.4438499999999999,0.0,21.481450000000002,0.47758,0.0,5.611689999999999,0.0,7.901649999999999,0.0,0.0,0.0,0.0,0.0,0.00657,0.0,0.0,0.0,0.0,0.0,0.0,0.0,0.0,0.0,0.35884,2.35142,0.0,0.0,0.0716,14.67748,6.046400000000001,1.34422,0.0,15.975050000000001,0.0,1.4703300000000001,0.00572,10.102410000000003,0.0,0.0,0.0,0.0,0.0,0.0,0.0,0.0,0.049569999999999996,1.4308100000000001,0.0,0.0,0.9368099999999999,0.0,0.0,0.0,0.0,0.0,0.09698999999999999,0.0,0.0,0.06377000000000001,0.0,0.0,0.0,0.0,0.0,0.0,0.0,0.0,0.12850999999999999,0.0,0.0
MH0042,0.19762999999999997,0.0045,0.00575,0.0,0.0,0.014759999999999999,0.0,0.0,0.00232,0.0,4.64764,0.29680999999999996,0.0,9.769490000000001,0.86241,0.0,7.251839999999999,0.46346000000000004,14.22402,0.0,0.02029,0.0013800000000000002,0.0,0.0,0.07503,0.0,0.0,0.0,0.0,0.0,0.0,0.0,0.0,0.0,0.00075,1.5038200000000002,0.0,0.0,0.00044,12.637440000000002,13.4746,0.21269000000000002,0.09752999999999999,29.180440000000004,0.0,0.10808000000000001,0.055420000000000004,3.23975,0.0,0.0,0.0,0.0,0.0,0.0,0.20379,0.0,0.051660000000000005,0.10039999999999999,0.0,0.0,0.1688,0.0,0.0,0.0,0.0,0.0,0.011909999999999999,0.0,0.0,0.1414,0.0,0.0,0.0,0.0,0.0,0.0,0.0,0.0,0.9737399999999999,0.0,0.0
MH0043,0.0,0.0,0.01445,0.0,0.0,0.0,0.0,0.0,0.00259,0.0,0.78667,0.10412,0.0,14.40227,1.11806,0.0,9.5282,0.0,20.757939999999998,0.015369999999999998,0.0,0.00035,0.0,0.0,0.0576,0.0,0.0,0.00414,0.0,0.0,0.0,0.0,0.0,0.0,0.02382,0.12351999999999999,0.0,0.0,0.00343,6.610550000000001,11.383209999999998,0.19985999999999998,0.045919999999999996,28.380779999999998,0.0,0.02364,0.01492,4.280709999999999,0.0,0.0,0.0,0.0,0.0,0.0,0.3071,0.0,0.02306,0.11062999999999999,0.0,0.0,0.25701,0.0,0.0,0.0,0.0,0.0,0.0227,0.0,0.0,0.27677,0.0,0.0,0.0,0.0,0.0,0.0,0.0,0.0,1.1206200000000002,0.0,0.0
MH0044,0.0,0.0,0.00663,0.0,0.0,0.0,0.0,0.0,0.0,0.0,0.68887,0.11860000000000001,0.0,13.290579999999999,0.26577,0.0,3.89942,2.87226,4.30751,0.0074,0.00911,0.0,0.0,0.0,0.01961,0.0,0.0,0.0,0.0,0.0,0.0,0.0,0.0,0.0,0.01644,4.863389999999999,0.0,0.0,0.00783,5.658660000000001,30.392719999999997,0.15173,0.05175,28.812720000000006,0.0,0.03511,0.015880000000000002,4.20088,0.0,0.0,0.00395,0.0,0.0,0.0,0.05082,0.0,0.0,0.021580000000000002,0.0,0.0,0.20387,0.0,0.0,0.0,0.0,0.0,0.017,0.0,0.0,0.0,0.0,0.0,0.0,0.0,0.0,0.0,0.0,0.0,0.0077599999999999995,0.0,0.00215
MH0045,0.0,0.0,0.0,0.0,0.0,0.0,0.0,0.0,0.0,0.0,0.23424,0.5036700000000001,0.0,40.01540000000001,0.8143100000000001,0.0,3.4818800000000003,5.0456199999999995,0.9992000000000001,0.05107,0.030969999999999998,0.0,0.0,0.0,0.0,0.0,0.0,0.0,0.0,0.0,0.0,0.0,0.0,0.0,0.12924,0.08163000000000001,0.0,0.0,0.02538,7.577030000000001,15.59828,0.10380999999999999,0.3393,18.209199999999996,0.0,0.12329999999999999,4.760190000000001,0.09807000000000002,0.0,0.0,0.0,0.0,0.0,0.0,0.09281,0.0,0.0,0.84811,0.0,0.0,0.5590099999999999,0.0,0.0,0.0,0.0,0.0,0.051620000000000006,0.0,0.0,0.0,0.0,0.0,0.0,0.0,0.0,0.0,0.0,0.0,0.22669,0.0,0.0
MH0046,0.0,0.0,0.00848,0.0,0.0,0.0,0.0,0.0,0.0,0.0,0.0,0.24669999999999997,0.0,14.01214,0.39497,0.0,2.41997,26.52818,4.30246,0.02785,0.04415,0.0,0.0,0.0,0.00922,0.0,0.0,0.0,0.0,0.0,0.0,0.0,0.0,0.02985,0.02799,0.033839999999999995,0.0,0.0,0.04423,11.32378,14.97425,0.67167,0.02434,15.022250000000001,0.0,0.85729,6.12084,0.04419,0.0,0.0,0.0,0.0,0.0,0.02536,0.00186,0.0,0.0,1.32496,0.0882,0.0,1.05044,0.0,0.0,0.2196,0.0,0.0,0.0,0.0,0.0,0.0,0.0,0.0,0.01243,0.0,0.0,0.0,0.0,0.0,0.09589,0.0,0.01261
MH0047,0.0,0.0,0.0,0.0,0.0,0.0,0.0,0.0,0.0,0.0,0.78377,0.10119000000000002,0.0,12.442250000000001,0.18151,0.0,9.36889,27.988909999999997,8.258880000000001,0.02157,0.0,0.0,0.0,0.0,0.0,0.0,0.0,0.0,0.0,0.0,0.0,0.0,0.0,0.0,0.09639000000000002,5.465199999999999,0.0,0.0,0.20348,3.89768,12.081729999999999,2.68261,0.30175,10.542499999999999,0.0,1.5508399999999998,3.16405,0.21877000000000002,0.0,0.0,0.0,0.0,0.0,0.0,0.0,0.011359999999999999,0.0,0.16605,0.0,0.0,0.41901,0.0,0.0,0.0,0.0,0.0,0.05159,0.0,0.0,0.0,0.0,0.0,0.0,0.0,0.0,0.0,0.0,0.0,0.0,0.0,0.0
MH0048,0.0,0.0,0.0,0.0,0.0,0.0,0.0,0.0,0.0,0.0,1.7882900000000002,0.5694100000000001,0.0,18.837419999999998,0.22421999999999997,0.0,7.308070000000001,0.0,9.518120000000001,0.0,0.0,0.0,0.0,0.0,0.01143,0.0,0.0,0.0,0.0,0.0,0.0,0.0,0.0,0.0,0.04463,3.3426,0.0,0.0,0.0034,4.12366,3.9593999999999996,0.24788000000000002,0.0,46.27867,0.0,0.7730600000000001,0.02298,0.27460999999999997,0.0,0.0,0.0,0.0,0.0,0.0,0.01633,0.0,0.060579999999999995,0.042120000000000005,0.0,0.0,0.83457,0.0,0.0,0.0,0.0,0.0,0.0,0.0,0.0,0.0,0.0,0.0,0.0,0.02607,0.0,0.0,0.0,0.0,1.69251,0.0,0.0
MH0049,0.0,0.0,0.0,0.0,0.0,0.0,0.0,0.0,0.0,0.0,0.36225999999999997,0.20111,0.0,23.39431,0.51775,0.0,2.89171,25.42866,1.3204200000000001,0.0,0.0,0.0,0.0,0.0,0.0,0.0,0.0,0.0,0.0,0.0,0.0,0.0,0.0,0.0,0.024329999999999997,0.0,0.0,0.0,0.0,1.22358,9.357880000000002,0.21424,0.0,14.069870000000002,0.0,0.01547,0.0,17.29657,0.0,0.0,0.0,0.0,0.0,0.0,0.00193,0.0,0.0,3.4606600000000003,0.0,0.0,0.1961,0.0,0.0,0.0,0.0,0.0,0.0,0.0,0.0,0.0056700000000000006,0.0,0.0,0.01745,0.0,0.0,0.0,0.0,0.0,0.0,0.0,0.0
MH0050,0.10727,0.0,0.0,0.0,0.0,0.0,0.0,0.0,0.0,0.0,0.93312,0.36641,0.0,5.902839999999999,0.75075,0.0,5.02761,13.61069,8.716099999999999,0.06848,0.01624,0.0,0.0,0.0,0.02592,0.0,0.0,0.0,0.0,0.0,0.0,0.0,0.21270999999999998,0.0,0.0,0.04433999999999999,0.0,0.0,0.0052,4.522,40.968430000000005,0.20847,0.01907,15.412429999999997,0.0,0.74127,0.02132,0.08329999999999999,0.0,0.0,0.0,0.0,0.0,0.04309,0.0,0.01031,0.21568,0.24107,0.0,0.0,0.16341,0.0,0.0,0.0,0.0,0.0,0.032330000000000005,0.0,0.0,0.012329999999999999,0.0,0.0,0.0,0.0,0.0,0.0,0.0,0.0,1.51775,0.0,0.0
MH0051,0.07591,0.0,0.00872,0.0,0.0,0.0,0.0,0.0,0.0,0.0,0.11715,0.0,0.0,25.319090000000003,0.72253,0.0,3.8095399999999997,0.0,12.22798,0.01432,0.02281,0.0,0.0,0.0,0.00949,0.0,0.0,0.0,0.0,0.0,0.0,0.0,0.00548,0.0,0.01272,0.0,0.0,0.0,0.0035399999999999997,28.8795,8.75789,0.10625,0.07513,13.134429999999998,0.0,1.26403,0.0,4.1374200000000005,0.0,0.0,0.0,0.0,0.0,0.0,0.02315,0.0,0.0,0.9566100000000001,0.0,0.0,0.28115,0.0,0.0,0.0,0.0,0.0,0.00417,0.0,0.0,0.0,0.0,0.0,0.0,0.0,0.0,0.0,0.0,0.0,0.031,0.0,0.0
MH0052,0.16507,0.0,0.01153,0.0,0.0,0.0,0.0,0.0,0.0,0.0,0.33643,0.13387000000000002,0.0,14.059750000000001,0.07531,0.0,2.18454,0.7457999999999999,5.96867,0.0,0.0,0.0,0.0,0.0,0.0,0.0,0.0,0.0,0.0,0.0,0.0,0.0,0.14848,0.0,0.17249,3.2502700000000004,0.0,0.0,0.013869999999999999,15.178139999999999,15.476830000000003,0.29768,0.13236,31.399690000000003,0.0,0.05724,0.9051899999999999,6.04687,0.0,0.0,0.0,0.0,0.0,0.0,0.10403,0.0,0.0,1.7201700000000002,0.0,0.0,1.11167,0.0,0.0,0.0,0.0,0.0,0.24995,0.0,0.0,0.05412,0.0,0.0,0.0,0.0,0.0,0.0,0.0,0.0,0.0,0.0,0.0
MH0053,0.29596999999999996,0.0,0.0,0.0,0.0,0.0,0.0,0.0,0.0,0.0,2.20268,1.06021,0.0,0.5791399999999999,0.01709,0.0,1.07967,8.97377,0.39293,0.0,0.0,0.0,0.0,0.0,0.0085,0.0,0.0,0.0,0.0,0.0,0.0,0.0,0.13554000000000002,0.0,0.09236,0.01849,0.0,0.0,0.0,21.36998,17.635669999999998,0.21345,0.02244,37.91198,0.0,3.30155,1.01119,3.0468799999999994,0.0,0.0,0.0,0.0,0.0,0.0,0.0,0.0,0.02282,0.32826,0.0,0.0,0.20999,0.0,0.0,0.0,0.0,0.0,0.039619999999999995,0.0,0.0,0.01845,0.0,0.0,0.0,0.0,0.0,0.0,0.0,0.0,0.0,0.0,0.01138
MH0054,0.10813,0.0,0.01178,0.0,0.0,0.0,0.0,0.0,0.0,0.0,1.63574,0.17533000000000004,0.0,11.064250000000001,0.0,0.0,0.37097,0.00857,14.353259999999999,0.00967,0.0,0.0,0.0,0.0,0.038419999999999996,0.0,0.0,0.0,0.0,0.0,0.0,0.0,0.00045,0.0,0.017830000000000002,0.03233,0.0,0.0,0.04488,11.097309999999998,9.0032,0.09195,0.030860000000000002,36.57937,0.0,0.21253000000000002,1.9414,0.07501,0.0,0.0,0.0,0.0,0.0,0.0,0.020919999999999998,0.0,0.0,2.81374,0.0,0.0,0.0,0.0,0.0,0.0,0.0,0.0,0.9834299999999999,0.0,0.0,0.01962,0.0,0.0,0.00864,0.0,0.0,0.0,0.0,0.0,9.25039,0.0,0.0
MH0055,0.0,0.0,0.0,0.0,0.0,0.0,0.0,0.0,0.00343,0.0,0.6170300000000001,0.43937000000000004,0.0,36.32283999999999,0.17905,0.0,2.7409399999999997,1.76838,4.9795,0.0,0.024659999999999998,0.0,0.0,0.0,0.01896,0.0,0.0,0.0,0.0,0.0,0.0032,0.0,0.0,0.0,0.15188000000000001,0.03012,0.0,0.0,0.02345,7.162739999999999,23.055210000000002,0.36879,0.03337,14.066580000000002,0.0,0.6089800000000001,0.03993,5.03924,0.0,0.0,0.0,0.0,0.00665,0.01738,0.0,0.0,0.027010000000000003,1.7937300000000003,0.09068,0.0,0.03162,0.0,0.0,0.0193,0.0,0.0,0.0,0.0,0.0,0.33597,0.0,0.0,0.0,0.0,0.0,0.0,0.0,0.0,0.0,0.0,0.0
MH0056,0.48762000000000005,0.0042899999999999995,0.00548,0.0,0.0,0.0,0.0,0.0,0.0,0.0,1.01798,0.21946000000000002,0.0,12.380139999999999,0.63235,0.0,4.826219999999999,2.8982499999999995,6.58754,0.026969999999999997,0.020390000000000002,0.0,0.00365,0.0,0.047639999999999995,0.00588,0.0,0.0,0.0,0.0,0.0,0.0,0.006,0.0,0.05141,0.1822,0.0,0.0,0.06605,19.996070000000003,10.791910000000001,1.07154,0.04839999999999999,36.0416,0.0,0.0871,0.033639999999999996,0.10881,0.0,0.0,0.0,0.0,0.0,0.0,0.00618,0.009470000000000001,0.00788,0.28252000000000005,0.028480000000000002,0.0,0.7537100000000001,0.07622999999999999,0.0,0.0,0.0,0.0,1.1451799999999999,0.0,0.0,0.0,0.0,0.0,0.0,0.0,0.0,0.0,0.0,0.0,0.0332,0.0,0.00859
MH0057,0.0,0.0,0.0,0.0,0.0,0.0,0.0,0.0,0.0,0.0,0.16242,0.21201,0.0,16.58124,0.56428,0.0,11.01882,22.820800000000002,7.67078,0.20344,0.0184,0.0,0.0,0.0,0.04779,0.0,0.0,0.0,0.0,0.0,0.0,0.0,0.0,0.0,0.006999999999999999,0.11570000000000001,0.0,0.0,0.17323,8.5163,3.3866300000000003,1.6259100000000002,0.07209,9.20689,0.0,0.38712,4.19849,10.012080000000001,0.0,0.0,0.0,0.0,0.0,0.01877,0.0,0.01086,0.0,2.22755,0.0,0.0,0.6390299999999999,0.0,0.0,0.0,0.0,0.0,0.0,0.0,0.0,0.0,0.0,0.0,0.00921,0.0,0.0,0.0,0.0,0.0,0.0932,0.0,0.0
MH0058,0.04619,0.0,0.0,0.0,0.0,0.0,0.0,0.0,0.0,0.0,0.46948,0.34747,0.0,27.8212,0.30637,0.0,8.38031,1.9096100000000003,9.65377,0.04997,0.0,0.0,0.0,0.00421,0.02758,0.0,0.0,0.0009199999999999999,0.0,0.0,0.00147,0.0,0.0023,0.0,0.31781,0.22409,0.0,0.0,0.01743,6.365460000000001,15.455039999999999,0.81073,0.0,19.52757,0.010579999999999999,0.06031999999999999,3.0380599999999998,0.08606,0.0,0.0,0.0,0.0,0.0,0.0,0.0,0.0,0.01091,3.23271,0.0,0.0,0.39464000000000005,0.0,0.0,0.0,0.0,0.0,0.27852,0.0,0.0,0.0,0.0,0.0,0.0,0.0,0.0,0.0,0.0,0.0,1.14848,0.0,0.00078
MH0059,0.0035299999999999997,0.0,0.0,0.0,0.0,0.0,0.0,0.0,0.0,0.0,1.8125499999999999,0.61114,0.0,12.579279999999999,0.20298,0.0,11.579640000000001,2.3701,4.144299999999999,0.0,0.00271,0.0,0.0,0.0,0.006370000000000001,0.0,0.0,0.0,0.0,0.0,0.00346,0.0,0.0,0.0,0.0478,0.06314,0.0,0.0,0.03283,28.68185,11.544349999999998,0.18194000000000002,0.10082,16.18144,0.0,2.01499,3.61378,0.11783,0.0,0.0,0.01235,0.0,0.0,0.0,0.01968,0.00506,0.00761,1.8612000000000002,0.0,0.0,0.02833,0.0,0.0,0.0,0.0,0.0,0.41393,0.0,0.0,0.00805,0.0,0.0,0.008579999999999999,0.0,0.0,0.0,0.0,0.0,1.73839,0.0,0.0
MH0060,0.6451600000000001,0.00743,0.0,0.0,0.0,0.0,0.0,0.0,0.0,0.0,0.91702,0.14734000000000003,0.0,11.26171,0.0,0.0,3.15428,0.0,6.041449999999999,0.0,0.0,0.0,0.0,0.0,0.03095,0.0,0.0,0.0,0.0,0.0,0.0,0.0,0.0,0.0,0.01038,0.20179,0.0,0.0,1.04307,5.17288,7.95728,0.25998000000000004,0.05447,39.82351,0.0,1.35339,4.51502,0.26802,0.0,0.0,0.0,0.0,0.0,0.0,0.0,0.0,0.26888,0.53316,0.0,0.0,0.19204,0.0,0.0,0.0,0.0,0.0,0.06262000000000001,0.0,0.0,0.00237,0.0,0.0,0.0,0.0,0.0,0.0,0.0,0.0,16.07583,0.0,0.0
MH0061,0.0,0.0,0.01553,0.0,0.0,0.0,0.0,0.0,0.0,0.0033200000000000005,0.0,0.08327000000000001,0.0,55.86882000000001,0.0,0.0006,11.9884,0.02872,4.127470000000001,0.031869999999999996,0.04626,0.0,0.0,0.0,0.016890000000000002,0.0,0.0,0.0,0.0,0.0,0.0,0.0,0.0,0.0,0.04224,0.69321,0.0,0.0,0.06249,2.79887,1.50633,0.32886,0.14805000000000001,13.93488,0.0,0.09279000000000001,0.0,6.84543,0.00271,0.0,0.0,0.0,0.0,0.0,0.0,0.0,0.0,0.0,0.0,0.0,0.33421,0.0,0.0,0.0,0.0,0.0,0.25254,0.0,0.0,0.74625,0.0,0.0,0.0,0.0,0.0,0.0,0.0,0.0,0.0,0.0,0.0
MH0062,0.0,0.0,0.0,0.0,0.0,0.00954,0.0,0.0,0.0,0.0,1.32332,1.9192399999999998,0.0,7.61244,3.17784,0.0,10.253779999999999,0.11286,7.611980000000001,0.0,0.0,0.0,0.0,0.0,0.00644,0.0,0.0,0.0092,0.0,0.0,0.0,0.0,0.0,0.0,0.0030600000000000002,0.5097700000000001,0.00759,0.23452,0.04019,3.4692,11.11242,0.82931,0.06477000000000001,41.21304000000001,0.0,0.18526999999999996,0.53952,5.9722,0.31251999999999996,0.0,0.0,0.0,0.0,0.0,0.04715,0.0,0.04413,2.5830200000000003,0.0,0.0,0.6600100000000001,0.0,0.0,0.0,0.0,0.0,0.12678,0.0,0.0,0.0,0.0,0.0,0.0,0.0,0.0,0.0,0.0,0.0,0.0,0.0,0.008870000000000001
MH0063,0.18231999999999998,0.0,0.0,0.0,0.0,0.0,0.0,0.0,0.0,0.0,0.25503000000000003,0.29488,0.0,4.07227,0.12392,0.0,3.9146900000000002,28.56135,0.7299,0.0,0.04033,0.0,0.0,0.0,0.03218,0.0,0.0,0.0,0.0,0.0,0.0,0.0,0.02986,0.0,0.04316,3.16177,0.0,0.0,0.00928,6.21121,23.562950000000004,0.19017,0.042480000000000004,24.89805,0.0176,0.9863399999999999,0.7672,1.17506,0.0,0.0,0.0,0.0,0.0,0.06636,0.0,0.0064,0.03914,0.27451,0.0,0.0,0.06357,0.0,0.0,0.0,0.0,0.0,0.0,0.0,0.0,0.0,0.0,0.0,0.0,0.24806,0.0,0.0,0.0,0.0,0.0,0.0,0.0
MH0064,0.0,0.0,0.02014,0.0,0.0,0.0,0.0,0.0,0.0,0.0,0.5041,0.14009999999999997,0.0,8.43017,0.47958999999999996,0.0,5.66632,38.73209,9.26253,0.00827,0.0,0.0,0.0,0.0,0.02738,0.0,0.0,0.0,0.0,0.0,0.0,0.0,0.0,0.0,0.12983,0.019989999999999997,0.0,0.0,0.0088,1.4349899999999998,7.972320000000001,0.38236,0.0012,15.708120000000003,0.0,0.01817,0.00476,8.99591,0.0,0.0,0.0,0.0,0.0,0.0,0.0033299999999999996,0.0,0.0009400000000000001,1.1256400000000002,0.0,0.01627,0.22349999999999998,0.0,0.0,0.0,0.0,0.0,0.0,0.0,0.0,0.01754,0.0,0.01705,0.007379999999999999,0.0,0.0,0.0,0.0,0.0,0.6402399999999999,0.0,0.00095
MH0065,1.2384600000000001,0.01153,0.007370000000000001,0.0,0.0,0.0,0.0,0.0,0.017589999999999998,0.0,0.25805,0.08284,0.01344,6.613469999999999,0.43188999999999994,0.0,10.659659999999999,16.85573,7.95564,0.03628,0.0,0.0,0.0,0.0,0.06408,0.0,0.0,0.0,0.0,0.0,0.0,0.0,0.0,0.0,0.10152000000000001,0.01861,0.0,0.00186,1.6051000000000002,6.613919999999999,15.23391,0.26541,0.23258,28.796749999999996,0.015369999999999998,1.22722,0.07638,0.38825,0.0,0.0,0.0,0.0,0.0,0.0,0.1146,0.0,0.05128,0.9089499999999999,0.01915,0.0,0.0161,0.0,0.0,0.0,0.0,0.0,0.02778,0.0,0.0,0.0,0.0,0.0,0.0,0.0,0.0,0.0,0.0,0.0,0.03927,0.0,0.0
MH0066,0.16828,0.0,0.0,0.0,0.0,0.0,0.0,0.0,0.0,0.0,3.8031400000000004,0.5517299999999999,0.0,16.488400000000002,3.8332599999999997,0.0,6.886690000000001,0.0,18.674670000000003,0.0,0.0,0.0,0.0,0.0,0.047439999999999996,0.0,0.0,0.0,0.0,0.0,0.0,0.0,0.0,0.0,0.00571,0.006509999999999999,0.0,0.0,0.0159,12.80898,4.80805,0.7201,0.02087,27.38121,0.0,0.034629999999999994,0.0,0.08528,0.0,0.0,0.0,0.0,0.0,0.0,0.42845,0.0,0.0,0.17227,0.0,0.0,0.59254,0.0,0.0,0.0,0.0,0.0,0.02742,0.0,0.0,0.00939,0.0,0.0,0.0,0.0,0.0,0.0,0.0,0.0,2.42909,0.0,0.0
MH0067,0.0,0.0,0.00527,0.0,0.0,0.0,0.0,0.0,0.0,0.0,0.6883,0.31622,0.0,33.579609999999995,0.45181000000000004,0.0,20.93264,0.0,5.552560000000001,0.08651,0.0,0.0,0.0,0.0,0.00573,0.0,0.0,0.0,0.0,0.0,0.0,0.0,0.0,0.0,0.033530000000000004,0.01263,0.0,0.0,0.03802,3.20982,12.45666,0.56026,0.0022199999999999998,14.55751,0.0,0.0346,0.00277,4.568169999999999,0.0,0.0,0.0,0.0,0.0,0.0,0.0,0.00456,0.0,2.47452,0.0,0.0,0.3154,0.0,0.0,0.0,0.0,0.0,0.0,0.0,0.0,0.0,0.0,0.0,0.0,0.0,0.0,0.0,0.0,0.0,0.11026,0.0,0.00041
MH0068,0.0,0.0,0.0,0.0,0.0,0.0,0.0,0.0,0.0,0.0,0.67299,0.49724999999999997,0.0,31.502069999999996,0.3235,0.0,11.40304,0.00233,5.691460000000001,0.0,0.0,0.0,0.0,0.0,0.009729999999999999,0.0,0.0,0.0,0.0,0.0,0.0,0.0,0.0,0.0,0.04747,2.24226,0.0018800000000000002,0.0,0.14601999999999998,7.39166,5.255629999999999,0.81382,0.012839999999999999,21.786779999999997,0.0,0.8688100000000001,0.00469,9.27198,0.0,0.0,0.0,0.0,0.0,0.0,0.0,0.0,0.0,0.44048000000000004,0.0,0.02891,1.03782,0.0,0.0,0.0,0.0,0.0,0.22716,0.0,0.0,0.0,0.0,0.0,0.0,0.0,0.0,0.0,0.0,0.0,0.31456999999999996,0.00487,0.0
MH0069,0.0,0.0,0.00315,0.0,0.0,0.0,0.0,0.0,0.0,0.0,3.4457199999999997,0.31482000000000004,0.003,7.652420000000001,0.19278,0.0005099999999999999,5.50941,1.18972,8.44079,0.00517,0.0,0.0,0.0,0.0,0.00685,0.0,0.0,0.0,0.0,0.0,0.0,0.0,0.0,0.0,0.0507,0.01512,0.0,0.0,0.0071200000000000005,18.28236,17.324989999999996,0.20257,0.06328,36.21713,0.0,0.28729,0.032560000000000006,0.055420000000000004,0.0,0.0,0.0,0.0,0.0,0.0,0.26515,0.0,0.0,0.05922,0.0,0.0,0.36211,0.0,0.0,0.0,0.0,0.0,0.0,0.0,0.0,0.0,0.0,0.01067,0.0,0.0,0.0,0.0,0.0,0.0,0.0,0.0,0.0
MH0070,0.1329,0.00389,0.0,0.0,0.0,0.01275,0.0,0.0,0.00023999999999999998,0.0,0.52151,0.13574,0.0,20.1893,0.72204,0.0,3.9360999999999997,0.9399699999999999,7.7287099999999995,0.02447,0.02053,0.0,0.0,0.0,0.02162,0.0,0.0,0.0,0.0,0.0,0.0029,0.0,0.17523000000000002,0.0,0.23656999999999997,0.0024800000000000004,0.0,0.0,0.0,6.897379999999999,36.36409999999999,0.14535,0.01426,18.08471,0.0,0.02801,0.02947,1.7429499999999998,0.0,0.0,0.0,0.0,0.0,0.029710000000000004,0.01736,0.0043,0.04292,1.00376,0.01292,0.0,0.5005299999999999,0.0,0.0,0.0,0.0,0.0,0.05125,0.0,0.0,0.08959,0.0,0.0,0.0,0.0,0.0,0.0,0.0,0.0,0.13446,0.0,0.0
MH0071,0.12814,0.0,0.0,0.0,0.0,0.0,0.0,0.0,0.0,0.0,2.0327599999999997,0.37151000000000006,0.0,21.73189,0.7821899999999999,0.0,7.4529000000000005,0.0,11.040540000000002,0.0,0.013680000000000001,0.0,0.0,0.005529999999999999,0.007240000000000001,0.0,0.0,0.0,0.0,0.0,0.0,0.0,0.019209999999999998,0.0,0.17432999999999998,2.1959100000000005,0.0,0.0,0.144,14.12401,10.375549999999997,1.13724,0.05735,24.414869999999997,0.0,0.07312,0.0,0.09586,0.0,0.0,0.0,0.0,0.0,0.0,0.19954000000000002,0.00576,0.02653,0.12403,0.0,0.0,0.36351999999999995,0.0,0.0,0.0,0.0,0.0,0.80467,0.0,0.0,0.0,0.0,0.02255,0.0,0.0,0.0,0.0,0.0,0.0,2.07555,0.0,0.0
MH0072,0.0,0.0,0.01183,0.0,0.0,0.0,0.0,0.0,0.0,0.0,0.7649300000000001,0.16258,0.0,24.54927,0.0,0.0,5.36708,0.0,1.22906,0.01942,0.08753999999999999,0.0,0.0,0.0,0.01286,0.0,0.0,0.0,0.0,0.0,0.0036,0.0,0.0,0.0,0.55099,0.02929,0.0,0.0,0.0,16.668929999999996,23.023080000000004,0.1016,0.06791,13.65019,0.0,0.040459999999999996,0.45514,9.14581,0.0,0.00748,0.0,0.0,0.0,0.0,0.14168,0.0,0.0,0.0143,0.0,0.0,0.0,0.0,0.0,0.0,0.0,0.0,0.07085000000000001,0.0,0.0,3.82411,0.0,0.0,0.0,0.0,0.0,0.0,0.0,0.0,0.0,0.0,0.0
MH0073,0.0,0.0,0.0,0.0,0.0,0.0,0.0,0.0,0.00161,0.0,0.63303,0.48640999999999995,0.0,32.74345,0.12746,0.0,3.72219,1.34097,1.1784599999999998,0.09593,0.03828,0.0,0.0,0.0,0.0,0.0,0.0,0.0,0.0,0.0,0.00404,0.0,0.61016,0.021060000000000002,0.30184999999999995,0.07042999999999999,0.0,0.0,0.0,8.70962,18.6726,0.04282,0.25257999999999997,14.66643,0.0,0.8814500000000002,5.74875,3.4018399999999995,0.015040000000000001,0.0,0.0,0.01085,0.0,0.0,0.01013,0.0,0.0,2.16715,0.08546000000000001,0.0,0.05285,0.00298,0.0,0.0,0.0,0.0,0.08263,0.0,0.0,3.775460000000001,0.0,0.01237,0.00535,0.0,0.0,0.0,0.0,0.0,0.02307,0.0,0.00528
MH0074,0.0,0.0,0.045919999999999996,0.0,0.0,0.0,0.0,0.0,0.0,0.0,0.58791,0.7164500000000001,0.0,12.64018,0.0,0.0,20.76854,0.00271,31.66752,0.0,0.00231,0.0,0.0,0.0,0.0111,0.0,0.0,0.0,0.0,0.0,0.0,0.0,0.0,0.0,0.030330000000000003,1.64885,0.0,0.0,0.9073599999999999,0.29136,7.9280800000000005,2.63848,0.01636,9.949010000000001,0.0,0.28254,0.0,7.500350000000001,0.0,0.0,0.0,0.0,0.0,0.0,0.19118,0.0,0.0,2.0057400000000003,0.0,0.0,0.0,0.0,0.0,0.0,0.0,0.0,0.12359,0.0,0.0,0.0,0.0,0.0,0.0,0.0,0.0,0.0,0.0,0.0,0.04413,0.0,0.0
MH0075,0.14823999999999998,0.0,0.0,0.0,0.0,0.0,0.0,0.0,0.0,0.0,0.8836399999999999,0.15804,0.0,11.5509,0.0,0.0,7.97203,0.0,6.49138,0.007640000000000001,0.0,0.0,0.0,0.0,0.02531,0.0,0.0,0.0,0.0,0.0,0.0,0.0,0.0,0.0,0.01658,0.08882999999999999,0.0,0.0,0.052379999999999996,3.31227,44.33216000000001,0.66445,0.040080000000000005,20.70093,0.0,0.04045,0.5995900000000001,0.17832,0.0,0.0,0.0,0.0,0.0,0.0,0.1222,0.0,0.06216,1.7749,0.0,0.0,0.06470000000000001,0.0,0.0,0.0,0.0,0.0,0.19588,0.0,0.0,0.014719999999999999,0.0,0.00945,0.01365,0.0,0.0,0.0,0.0,0.0,0.47913999999999995,0.0,0.0
MH0076,0.0,0.0,0.0,0.0,0.0,0.0,0.0,0.0,0.0,0.0,0.45305,0.46492999999999995,0.0,41.612370000000006,0.16399999999999998,0.0,5.808469999999999,0.09651,2.5169,0.0187,0.0,0.0,0.0,0.0,0.0,0.0,0.0,0.0,0.0,0.0,0.01007,0.0,0.0,0.0,1.09952,0.5979599999999999,0.0,0.0,0.00282,9.78471,14.128549999999999,0.4577,0.06539,21.99138,0.0,0.053270000000000005,0.01084,0.13019,0.0,0.0,0.0,0.0,0.0,0.0,0.07042000000000001,0.00985,0.061810000000000004,0.09048,0.0,0.0,0.030780000000000002,0.0366,0.0,0.0,0.0,0.0,0.12414000000000001,0.0,0.0,0.07707,0.0,0.0,0.0,0.0,0.0,0.0,0.0,0.0,0.03155,0.0,0.0
MH0077,0.051660000000000005,0.0,0.00656,0.0,0.0,0.0,0.0,0.0,0.0,0.0,0.8567100000000001,0.039349999999999996,0.0,13.020330000000001,0.61563,0.0,3.46877,13.94751,6.22021,0.0,0.01097,0.0,0.0,0.007409999999999999,0.01941,0.0,0.0,0.0,0.0,0.0,0.0046700000000000005,0.0,0.0,0.0,0.12464,1.78361,0.0,0.0,2.15903,6.39483,15.697239999999999,0.19435999999999998,0.01281,25.011210000000002,0.0,0.3946700000000001,0.00439,8.3431,0.0,0.0,0.0,0.0,0.0,0.0,0.0063100000000000005,0.0,0.01124,1.44391,0.0,0.0,0.12830999999999998,0.0,0.0,0.0,0.0,0.0,0.0,0.0,0.0,0.01463,0.0,0.0,0.006540000000000001,0.0,0.0,0.0,0.0,0.0,0.0,0.0,0.0
MH0078,0.021900000000000003,0.0,0.0,0.0,0.0,0.0,0.0,0.0,0.0,0.0,0.25472,0.07925,0.0,1.89314,0.08993,0.0,1.5326199999999999,56.589279999999995,0.51859,0.0,0.0,0.0,0.0,0.0,0.0,0.0,0.0,0.0,0.0,0.0,0.0,0.0,0.17640999999999998,0.0,0.77037,0.0,0.0,0.0,0.0,4.514889999999999,13.989870000000002,0.07463,0.14561000000000002,10.69043,0.0,1.10084,5.628830000000001,0.321,0.0,0.0,0.0,0.0,0.0,0.0,0.0,0.0,0.0,0.6767,0.0,0.0,0.0,0.0,0.0,0.0,0.0,0.0,0.06311,0.0,0.0,0.8651,0.0,0.0,0.0,0.0,0.0,0.0,0.0,0.0,0.0,0.0,0.0028
MH0079,1.93665,0.0,0.0,0.0,0.0,0.0,0.0,0.0,0.0058200000000000005,0.0,0.00299,0.19466,0.0,25.863950000000003,0.0749,0.0,12.9129,0.23488,4.71134,0.0,0.0,0.0,0.0,0.0,0.0,0.0,0.0,0.0,0.0,0.0,0.0,0.0,0.0,0.0,0.0,0.13389,0.0,0.0,0.50776,6.45929,2.58045,0.034910000000000004,0.0,38.14083,0.0,0.41211000000000003,0.0028399999999999996,0.06576,0.0,0.0,0.0,0.0,0.0,0.0,0.0,0.0,0.025269999999999997,0.29098,0.0,0.0,0.5492,0.0,0.0,0.0,0.0,0.0,4.85747,0.0,0.0,0.00115,0.0,0.0,0.0,0.0,0.0,0.0,0.0,0.0,0.0,0.0,0.0
MH0080,0.0,0.0,0.00838,0.0,0.00489,0.0,0.0,0.0,0.0,0.0,0.0,0.18254,0.0,23.09275,0.21802,0.0,12.58596,0.0,3.77463,0.0,0.0,0.0,0.0,0.0,0.00911,0.0,0.0,0.0,0.0,0.0,0.0034200000000000003,0.0,0.0,0.0,0.053070000000000006,1.4101900000000003,0.0,0.0,0.02754,15.02085,33.10017,0.15903,0.01303,6.649640000000001,0.0,0.23711999999999997,0.02887,2.81023,0.0,0.0,0.0,0.0,0.0,0.0,0.0855,0.0,0.0,0.22449000000000002,0.0,0.01353,0.18443,0.0,0.0,0.0,0.0,0.0,0.0,0.0,0.0,0.0039700000000000004,0.0,0.014180000000000002,0.0,0.0,0.0,0.0,0.0,0.0,0.08442000000000001,0.0,0.0
MH0081,0.32971999999999996,0.00511,0.013059999999999999,0.0,0.0,0.0,0.0,0.0,0.0,0.0,0.47424999999999995,0.16937,0.0,25.70392,2.65174,0.0,4.54084,0.0,16.646189999999997,0.01072,0.0,0.0,0.0,0.0,0.0213,0.0,0.0,0.0,0.0,0.0,0.0,0.0,0.0,0.0,0.004790000000000001,2.4817099999999996,0.0,0.0,0.0057799999999999995,6.394,8.60889,0.24875999999999998,0.0,20.599999999999998,0.0,1.8259800000000002,0.0658,7.188620000000001,0.0,0.00372,0.0,0.0,0.0,0.03903,0.00173,0.00565,0.031219999999999998,1.37161,0.0,0.0,0.45222,0.0,0.0,0.0,0.0,0.01466,0.0202,0.0,0.0,0.01289,0.0,0.0,0.0,0.0,0.0,0.0,0.0,0.0,0.05629,0.0,0.00025
MH0082,0.18193,0.0,0.0,0.0,0.0,0.01122,0.0,0.0,0.0,0.0,0.50428,0.1929,0.0,9.17843,0.40478000000000003,0.0,2.8320999999999996,2.3429999999999995,5.534320000000001,0.0,0.010740000000000001,0.0,0.0,0.0,0.01427,0.0,0.0,0.0,0.0,0.0,0.0,0.0,0.17024,0.0,0.02397,0.2332,0.0,0.0,1.5962699999999999,20.85705,41.30084,0.44006000000000006,0.01353,10.115530000000001,0.00912,1.35671,1.4765700000000002,0.04468,0.0,0.0,0.0,0.0,0.0,0.03922,0.00264,0.007559999999999999,0.0228,0.59264,0.01137,0.0,0.24441999999999997,0.0,0.0,0.0,0.0,0.0,0.12813,0.0,0.0,0.008490000000000001,0.0,0.01481,0.0,0.0,0.0,0.0,0.0,0.0,0.08213999999999999,0.0,0.0
MH0083,0.0,0.0,0.0404,0.0,0.0,0.0,0.0,0.0,0.0,0.0,1.5232899999999998,0.44872,0.0,9.89396,1.34015,0.0,10.759720000000002,0.0,18.175850000000004,0.00948,0.0,0.0,0.0,0.0,0.01883,0.0,0.0,0.0,0.0,0.0,0.00598,0.0,0.0,0.0,0.23109000000000002,0.13562000000000002,0.0023899999999999998,0.0,0.029089999999999998,1.86983,5.44561,0.54825,0.0,29.137080000000005,0.0,1.2499,10.1319,6.55982,0.0,0.0,0.0,0.01715,0.0,0.0,0.04372,0.0,0.02254,1.2593800000000002,0.0,0.0,0.7633200000000001,0.0008300000000000001,0.0,0.0,0.0,0.0,0.02176,0.0,0.0,0.0,0.0,0.01955,0.0,0.0,0.0,0.0,0.0,0.0,0.29481,0.0,0.0
MH0084,0.0,0.0,0.0,0.0,0.0,0.0,0.0,0.0,0.0,0.0,0.0732,0.062020000000000006,0.0,10.103600000000004,0.0189,0.0,2.3167,67.93342999999999,0.91795,0.029269999999999997,0.01677,0.0,0.0,0.015059999999999999,0.0,0.0,0.0,0.0,0.0,0.0,0.0,0.0,0.0,0.0,0.01257,0.05417,0.0,0.0,0.00443,1.74165,5.35506,0.17586,0.010409999999999999,4.10954,0.0,0.29415,4.45547,0.8063300000000001,0.0,0.0,0.0,0.0,0.00796,0.02169,0.019469999999999998,0.0,0.0,1.269,0.0,0.0,0.01348,0.0,0.0,0.13818,0.0,0.0,0.0,0.00321,0.0,0.0,0.0,0.0,0.0,0.0,0.0,0.0,0.0,0.0,0.02045,0.0,0.0
MH0085,0.0,0.0,0.0,0.0,0.0,0.0,0.0,0.0,0.0,0.0,0.2669,0.5583800000000001,0.0,18.09372,0.31911999999999996,0.0,7.50403,30.34795,5.94645,0.02052,0.027999999999999997,0.0,0.0,0.00346,0.004529999999999999,0.0,0.0,0.0,0.0,0.0,0.0012699999999999999,0.0,0.00243,0.0,0.01975,0.03705,0.0,0.0,0.046060000000000004,18.36651,4.3788,0.83065,0.011959999999999998,10.75029,0.0,0.017759999999999998,0.030430000000000002,0.028810000000000002,0.0,0.0,0.0,0.0,0.0,0.0,0.006520000000000001,0.0,0.0,1.89182,0.0,0.0,0.43756999999999996,0.0,0.0,0.0,0.0,0.0,0.02357,0.0,0.0,0.0195,0.0,0.0,0.0,0.0,0.0,0.0,0.0,0.0,0.0,0.0,0.00621
MH0086,0.0,0.0,0.0,0.010190000000000001,0.0,0.0,0.0,0.0,0.01405,0.0,6.32801,2.7822299999999993,0.0,5.115850000000001,1.07548,0.0,4.17629,0.10980999999999999,4.8429199999999994,0.00606,0.007859999999999999,0.0,0.0,0.0,0.03615,0.0,0.0,0.0,0.0,0.0,0.009590000000000001,0.0,0.0,0.0,2.59023,4.9855599999999995,0.0033,0.0,0.03023,5.604560000000001,21.191760000000002,1.0423,0.0318,36.98357,0.0,0.40062,0.01401,0.16986,0.0,0.0,0.0,0.0,0.0,0.0,0.05537,0.0,0.018529999999999998,0.22701,0.0,0.0,0.6443399999999999,0.0,0.0,0.0,0.0,0.0,0.73635,0.0,0.0,0.5955500000000001,0.0,0.0,0.0,0.0,0.0,0.0,0.0,0.0,0.16058,0.0,0.0
O2_UC_11,0.0060799999999999995,0.0,0.0069700000000000005,0.0,0.0,0.0,0.0,0.0,0.00944,0.0,10.634129999999999,1.07504,0.0,12.784679999999996,0.0,0.0,0.20784999999999998,0.029160000000000002,0.18112999999999999,0.02288,0.0,0.00176,0.0,0.0,0.00758,0.0,0.0,0.0,0.0,0.0,0.0155,0.0,0.17464,0.0,1.1033700000000002,0.00858,0.0,0.0,0.0173,12.269329999999998,13.330440000000001,0.90802,0.48003999999999997,44.196650000000005,0.0,0.6387,0.65857,0.48308,0.0,0.0,0.0,0.0,0.0,0.0,0.08001,0.0,0.0,0.06723,0.0,0.0,0.0,0.0,0.0,0.0,0.0,0.0,0.00657,0.0,0.0,0.57153,0.0,0.0,0.0,0.0,0.0,0.0,0.0,0.0,0.0,0.0,0.0238
O2_UC_12,4.284870000000001,0.03914,0.02999,0.0,0.0,0.0,0.0,0.0,0.0,0.0,2.04752,2.01635,0.0,11.836329999999998,0.0,0.0,3.58245,8.33716,0.53194,0.03282,0.02472,0.00244,0.0,0.0,0.06523,0.0,0.0,0.0,0.0,0.0,0.0,0.0,0.26075000000000004,0.018009999999999998,0.55531,1.1287699999999998,0.0,0.0,0.10025,14.52585,14.917420000000002,0.73292,0.08936,16.18888,0.0,7.88865,8.704049999999999,0.8591900000000001,0.0,0.0,0.0,0.0,0.0,0.0,0.12575,0.0,0.0,0.30571,0.0,0.0,0.111,0.0,0.0,0.0,0.0,0.0,0.65632,0.0,0.0,0.00081,0.0,0.0,0.0,0.0,0.0,0.0,0.0,0.0,0.0,0.0,0.0
O2_UC_13,0.28484,0.0,0.0059700000000000005,0.0,0.0,0.0,0.0,0.0,0.0046700000000000005,0.0,0.68176,0.32026,0.0,14.894800000000002,0.66645,0.0,4.56701,0.99846,3.3891999999999998,0.0392,0.0,0.0,0.0,0.0,0.01948,0.0,0.01433,0.0,0.0,0.0,0.00484,0.0,0.0,0.0,0.1573,10.95065,0.0,0.0,0.0029,21.924889999999998,7.60527,0.28881999999999997,0.17136,24.40267,0.0,1.61677,0.027030000000000002,5.951309999999999,0.0,0.0,0.0,0.0,0.0,0.01785,0.00297,0.0,0.02465,0.44705999999999996,0.20179,0.0,0.24376,0.0,0.0,0.0,0.0,0.0,0.0,0.0,0.0,0.07028999999999999,0.0,0.0,0.0,0.0,0.0,0.0,0.0,0.0,0.0,0.0,0.0013599999999999999
O2_UC_14,1.8335499999999998,0.0,0.0,0.0,0.0,0.0,0.0,0.0,0.0,0.0,1.35206,0.26388,0.0,12.85971,0.21791,0.0,5.2805599999999995,27.933919999999997,2.83405,0.04067,0.0,0.0,0.0,0.0,0.0,0.0,0.0,0.0,0.0,0.0,0.0,0.0,0.0,0.0,0.39318,0.45989,0.0,0.0,0.00132,16.08472,7.078239999999999,0.5442600000000001,0.0,7.48819,0.0,0.16417000000000004,0.04317,14.29167,0.0,0.0,0.0,0.0,0.0,0.0,0.01649,0.0,0.02597,0.42641999999999997,0.0,0.0,0.33279000000000003,0.0,0.0,0.0,0.0,0.0,0.03316,0.0,0.0,0.0,0.0,0.0,0.0,0.0,0.0,0.0,0.0,0.0,0.0,0.0,0.0
O2_UC_16,0.03931,0.0,0.0,0.0,0.0,0.0,0.0,0.0,0.0,0.0,2.08998,0.4035,0.0,1.4765999999999997,0.26018,0.0,1.15218,33.190099999999994,0.46474,0.0,0.0,0.0,0.0,0.0,0.01195,0.0,0.0,0.0,0.0,0.0,0.0,0.0,0.0,0.0,0.047369999999999995,4.29291,0.00489,0.0,0.00352,23.24906,5.536930000000001,0.72942,0.044469999999999996,17.27846,0.0,1.1007600000000002,6.926220000000001,1.06593,0.0,0.0,0.0,0.0,0.0,0.0,0.0,0.0,0.0,0.33004,0.0,0.0,0.20264,0.0,0.0,0.0,0.0,0.0,0.01671,0.0,0.0,0.08211,0.0,0.0,0.0,0.0,0.0,0.0,0.0,0.0,0.0,0.0,0.0
O2_UC_17,0.0,0.0,0.0,0.0,0.0,0.0,0.0,0.0,0.00399,0.0,0.43055,0.1729,0.0,12.515490000000002,0.053079999999999995,0.0,3.70471,52.137699999999995,4.03042,0.03598,0.0,0.0,0.0,0.0,0.0,0.0,0.0,0.0019100000000000002,0.0,0.0,0.00603,0.0,0.07239,0.0,0.060219999999999996,0.010700000000000001,0.0,0.0,0.01075,0.70323,2.24065,0.32688,0.04718,7.2681700000000005,0.0,0.5564,14.03886,0.1526,0.0,0.0,0.0,0.0,0.0,0.0,0.0,0.0,0.0,1.16293,0.12821,0.0,0.007890000000000001,0.0,0.0,0.0,0.0,0.0,0.05914,0.0,0.0,0.03659,0.0,0.0,0.016069999999999997,0.0,0.0,0.0,0.0,0.0,0.00837,0.0,0.0
O2_UC_18,0.0,0.0,0.0,0.0,0.0,0.0,0.0,0.0,0.0,0.0,0.0037,0.29829,0.0,59.632059999999996,0.0,0.0,1.3721700000000001,0.0,3.3764300000000005,0.02222,0.02669,0.0,0.0,0.0,0.00981,0.0,0.0,0.0,0.0,0.0,0.0,0.02968,0.0,0.0,0.01645,6.89396,0.00187,0.0,0.07546,0.00317,4.69826,6.606960000000001,0.0259,9.779850000000001,0.0,1.9193099999999998,0.0037,0.11028,0.0,0.0,0.0,0.0134,0.0,0.0,0.0,0.0,0.0,0.00311,0.0,0.0,0.21771,0.0,0.0,0.0,0.01316,0.0,4.84639,0.0,0.0,0.0,0.0,0.0,0.0,0.0,0.0,0.0,0.0,0.0,0.0,0.0,0.0
O2_UC_19,0.0,0.0,0.0,0.0,0.0,0.0,0.0,0.0,0.01119,0.0,1.5569899999999999,0.38488999999999995,0.0,23.182440000000003,3.99539,0.0,4.814679999999999,4.9936,6.2835399999999995,0.09208,0.01969,0.0,0.0,0.0,0.061,0.0,0.0,0.0,0.0,0.0,0.0,0.0,0.007690000000000001,0.0,0.01643,0.06409000000000001,0.0,0.0,0.04512,6.1892000000000005,8.512630000000001,1.0477,0.04948,25.59758,0.0,1.0397399999999999,9.31987,0.14110999999999999,0.03451,0.0,0.0,0.0,0.0,0.0,0.02145,0.0,0.0,1.08709,0.02431,0.0,1.18183,0.0,0.0,0.0,0.0,0.0,0.22471,0.0,0.0,0.0,0.0,0.0,0.0,0.0,0.0,0.0,0.0,0.0,0.0,0.0,0.0
O2_UC_1,1.78057,0.00486,0.0,0.0,0.0,0.0,0.0,0.0,0.0030399999999999997,0.0,0.7241900000000001,0.48949000000000004,0.0,3.61208,0.27101,0.0,3.84655,25.658369999999998,5.34701,0.01018,0.0,0.0,0.0,0.0,0.03373,0.0,0.0,0.0,0.0,0.0,0.0,0.0,0.04694,0.0,0.0035399999999999997,0.01685,0.00274,0.0,0.00584,6.49238,11.534579999999998,0.23174,0.08904000000000001,22.857699999999998,0.0,0.42562999999999995,0.00763,14.37064,0.0,0.0,0.0,0.0,0.0,0.0,0.027510000000000003,0.0,0.01516,0.64034,0.016130000000000002,0.0,1.23877,0.0,0.0,0.0,0.0,0.0,0.0117,0.0,0.0,0.07215,0.0,0.0,0.0,0.0,0.0,0.012329999999999999,0.0,0.0,0.09953,0.0,0.0
O2_UC_20,0.0,0.0,0.0,0.0,0.0,0.0,0.0,0.0,0.0,0.0,5.0912,1.43566,0.0,12.64297,0.48828999999999995,0.0,3.27264,0.15814999999999999,1.2050800000000002,0.0,0.01277,0.0,0.0,0.0,0.0372,0.0,0.0,0.0,0.0,0.0,0.0,0.0,0.0,0.0,0.05924,0.03634,0.0,0.0,0.01658,11.823329999999999,8.46229,0.94352,0.03273,41.13284000000001,0.0,0.061130000000000004,1.53566,9.970509999999999,0.0,0.0,0.0,0.0,0.0,0.01705,0.09783,0.0,0.0,1.06324,0.0,0.0,0.35679999999999995,0.0,0.0,0.0,0.0,0.0,0.00806,0.0,0.0,0.03888,0.0,0.0,0.0,0.0,0.0,0.0,0.0,0.0,0.0,0.0,0.0
O2_UC_21,0.0,0.0,0.0,0.0,0.0,0.0,0.0,0.0,0.0,0.0,2.5574500000000002,1.31079,0.0,7.139069999999999,0.28052,0.0,1.4702,0.0,9.515410000000001,0.0,0.013609999999999999,0.0,0.0,0.0,0.0,0.0,0.0,0.0,0.0,0.0,0.0,0.0,2.0928299999999997,0.0,0.07308,0.036109999999999996,0.0,0.0,0.04039999999999999,9.619649999999998,19.586130000000004,0.7933399999999999,0.038669999999999996,26.436009999999996,0.0,0.014759999999999999,13.06992,5.08329,0.0,0.0,0.0,0.0,0.0,0.0,0.00409,0.0,0.20259,0.23129000000000002,0.0,0.0,0.20176,0.0,0.0,0.0,0.0,0.0,0.15243,0.0,0.0,0.01227,0.0,0.0,0.0,0.0,0.0,0.0,0.0,0.0,0.02431,0.0,0.0
O2_UC_22,0.0,0.0,0.02888,0.0,0.0,0.0,0.0,0.0,0.0,0.0,5.472130000000001,1.3435599999999999,0.0,17.674170000000004,2.24761,0.0,10.999799999999999,0.0,12.369670000000001,0.02845,0.0,0.0,0.0,0.0,0.02512,0.0,0.0,0.0,0.0,0.0,0.0,0.0,0.41901000000000005,0.0,0.029630000000000004,0.21308,0.0,0.0,0.31295999999999996,9.508799999999999,7.597090000000001,1.64125,0.09947,25.528339999999996,0.0,0.12517,0.01959,3.0574099999999995,0.0,0.0,0.0,0.0,0.0,0.0068,0.01187,0.00499,0.0,0.16009,0.0,0.0,1.06413,0.0,0.0,0.0,0.0,0.0,0.00545,0.0,0.0,0.0054800000000000005,0.0,0.0,0.0,0.0,0.0,0.0,0.0,0.0,0.0,0.0,0.0
O2_UC_23,0.0,0.0,0.036969999999999996,0.051660000000000005,0.0,0.0,0.0,0.02175,0.00402,0.02804,6.660519999999999,3.5037499999999997,0.0,15.343850000000002,2.4251,0.0,8.921120000000002,1.0983199999999997,5.92868,0.0,0.02054,0.00227,0.0,0.0,0.09046,0.0,0.0,0.11825999999999999,0.0,0.0,0.0,0.0,0.17090999999999998,0.015179999999999999,0.43524999999999997,0.58304,0.00425,1.2937200000000002,0.12782,6.95777,6.9939800000000005,0.74886,0.96395,20.25535,0.0,0.17698000000000003,0.76575,0.36713999999999997,0.79537,0.0,0.0,0.0,0.0,0.0,0.33413000000000004,0.00799,0.0,0.10962000000000001,0.0,0.0,2.55035,0.0,0.0,0.0,0.0,0.0,4.3734,0.0,0.0,0.0,0.0,0.0,0.0,0.0,0.0,0.0,0.0,0.0,7.7138100000000005,0.0,0.0
O2_UC_24,0.25683999999999996,0.0,0.01099,0.0,0.0,0.0,0.0,0.0,0.00834,0.0,1.4730400000000001,0.56359,0.0,6.607600000000001,0.0775,0.0,0.45232,42.90122,0.8494700000000002,0.006640000000000001,0.0,0.0,0.0,0.00912,0.0,0.0,0.0,0.0,0.0,0.0,0.0,0.0,0.07411000000000001,0.0,0.03861,0.0036,0.0,0.0,0.03276,3.782689999999999,2.74351,0.43331000000000003,0.04732,26.533350000000002,0.0,1.00345,4.1657,7.12451,0.0,0.0,0.0,0.016319999999999998,0.0,0.03285,0.0,0.0,0.0,0.28824000000000005,0.0,0.0,0.0,0.0,0.30235,0.0,0.0,0.0,0.15539999999999998,0.0,0.0,0.005220000000000001,0.0,0.0,0.0,0.0,0.0,0.0,0.0,0.0,0.0,0.0,0.0
O2_UC_4,0.0,0.0,0.02161,0.0,0.0,0.0,0.0,0.0,0.01816,0.0,0.32205000000000006,0.26396000000000003,0.0,3.4719999999999995,0.9136299999999999,0.0,1.72529,0.0,5.56853,0.0,0.0,0.0,0.0,0.00359,0.0141,0.0,0.0,0.06906999999999999,0.0,0.0,0.040100000000000004,0.0,0.20581999999999998,0.0,0.8559100000000002,0.04212,0.0,0.0,4.075559999999999,2.94086,43.73368000000001,0.16242,0.0,29.06865,0.0,0.2648,0.0049,5.34575,0.0,0.00283,0.0,0.01284,0.0,0.01292,0.00658,0.0,0.06602999999999999,0.07306,0.0,0.0,0.52999,0.0,0.0,0.0,0.0,0.0,0.0,0.0,0.0,0.136,0.0,0.0,0.0,0.0,0.0,0.0,0.0,0.0,0.0272,0.0,0.0
V1_CD_11,0.0,0.0,0.0,0.00131,0.0,0.0,0.0,0.0,0.04147,0.0,0.37156,0.19868,0.0,9.330250000000001,0.00978,0.0,1.7557200000000002,0.0,0.53305,0.08285,0.01556,0.0,0.00198,0.0,0.00646,0.0,0.0,0.01208,0.0,0.00016,0.02315,0.0,14.95711,0.16402,2.3979599999999994,0.77998,0.00144,0.0,0.1511,12.28294,9.3522,0.15691,0.038759999999999996,16.126820000000002,0.0,0.27512,0.033,6.09028,3.5124600000000004,0.029630000000000004,0.0,0.02646,0.0,0.0028899999999999998,0.31801,0.0,0.0,1.22369,0.01544,0.008509999999999998,0.9184,0.0,0.0,0.0,0.0,0.0,17.8304,0.0,0.00984,0.9125700000000001,0.0,0.0,0.0,0.0,0.0,0.0,0.0,0.0,0.0,0.0,0.0
V1_CD_12,0.0,0.0,0.01132,0.0,0.0,0.0,0.0,0.0,0.00029,0.0,0.0,0.05057,0.0,35.09964,0.0,0.0,10.12701,0.0,13.51501,0.027880000000000002,0.0,0.0,0.0,0.0,0.0,0.0,0.0,0.00558,0.0,0.0,0.01092,0.0,0.0,0.0019100000000000002,3.65223,4.93344,0.00519,0.0,0.38397000000000003,3.99272,23.477109999999996,0.0,0.0,0.06151,0.0,0.21234,0.0,0.34700000000000003,0.0,0.0,0.0,0.0,0.0,0.0,0.0,0.0,0.0,0.00813,0.0,0.0,0.9293399999999999,0.0,0.0,0.0,0.0,0.0,2.91109,0.0,0.0,0.2351,0.0,0.0,0.0,0.0,0.0,0.0,0.0,0.0,0.0,0.0,0.00067
V1_CD_13,0.29338,0.0,0.0,0.0,0.0,0.0,0.0,0.01857,0.0034400000000000003,0.053689999999999995,1.9856699999999998,1.27248,0.0,13.489339999999999,0.06348,0.0,1.40613,0.0,4.63727,0.0,0.0,0.0,0.0,0.0,0.02574,0.0,0.0,0.0,0.0,0.0,0.00435,0.0,0.0,0.0,0.40317,5.067559999999999,0.0,0.0,0.06437000000000001,11.42896,25.720359999999996,0.29407,0.6591899999999999,31.674620000000004,0.0,0.07979,0.02166,0.11201,0.0,0.0,0.0,0.0,0.0,0.0,0.66818,0.0,0.0,0.11170999999999999,0.0,0.0,0.36166000000000004,0.0,0.0,0.0,0.0,0.0,0.046060000000000004,0.0,0.0,0.01155,0.0,0.0,0.0,0.0,0.0,0.0,0.0,0.0,0.02153,0.0,0.0
V1_CD_14,1.9561000000000002,0.0,0.0,0.0,0.0,0.0,0.0,0.0,0.02891,0.0,0.0050799999999999994,0.71138,0.0,18.49268,0.07139,0.0,11.630690000000001,0.0,12.65307,0.011479999999999999,0.0,0.0,0.0,0.0,0.07603,0.0,0.0,0.0,0.0,0.0,0.01818,0.0,0.00635,0.006409999999999999,0.7748400000000001,0.7851899999999999,0.0,0.0,0.05176,12.300150000000002,14.20505,0.46334,0.020069999999999998,20.37192,0.0,0.04099,0.03563,0.13544,0.0,0.0,0.0,0.0,0.0,0.0,0.9703299999999999,0.0,0.0,0.19328,0.0,0.0,0.8067000000000001,0.0,0.0,0.0,0.0,0.0,0.041440000000000005,0.0,0.0,0.00547,0.0,0.0,0.0,0.0,0.0,0.0,0.0,0.0,3.13065,0.0,0.0
V1_CD_15,0.0,0.0,0.0,0.0,0.0,0.0,0.0,0.0,0.0,0.0,4.93616,0.16529,0.0,64.34499,0.0,0.0,7.48246,0.032260000000000004,0.0,0.0,0.0146,0.0,0.0,0.0,0.0,0.0,0.0,0.0,0.0,0.0,0.0,0.0,0.07206,0.0,0.021109999999999997,1.12551,0.0,0.0,0.3214,1.00993,4.5647400000000005,1.10915,0.09326,4.691249999999999,0.0,0.1225,0.0,4.91448,0.0,0.0,0.0,0.0,0.0,0.0,0.0,0.0,0.0,4.79557,0.0,0.0,0.0,0.0,0.0,0.0,0.0,0.0,0.17512,0.0,0.0,0.0,0.0,0.0,0.00813,0.0,0.0,0.0,0.0,0.0,0.0,0.0,0.0
V1_CD_1,0.0,0.0,0.0,0.0,0.0,0.0,0.0,0.0,0.0,0.0,1.15473,0.44792,0.0,61.89922999999999,0.062029999999999995,0.0,8.70913,0.00107,0.55247,0.11064,0.10147,0.0,0.0,0.0,0.01047,0.0,0.0,0.0,0.0,0.0,0.0,0.0,0.0,0.0,0.14154,1.56748,0.0,0.0,0.16004000000000002,3.84322,6.102410000000001,0.6349,0.06851,9.18306,0.0,0.3511,3.965,0.02018,0.0,0.0,0.0,0.0,0.0,0.07196,0.13295,0.012490000000000001,0.0,0.20092,0.0,0.0,0.38781,0.0,0.0,0.0,0.0,0.0,0.10722,0.0,0.0,0.0,0.0,0.0,0.0,0.0,0.0,0.0,0.0,0.0,0.0,0.0,0.0
V1_CD_2,0.10099,0.0,0.02965,0.0,0.0,0.0,0.0,0.0,0.0,0.0,0.36532000000000003,0.05736,0.0,9.708219999999999,0.11564,0.0,0.8987500000000002,64.99816,0.709,0.02086,0.0,0.0,0.0,0.00352,0.013819999999999999,0.0,0.0,0.0,0.0,0.0,0.0,0.0,0.0,0.0,0.1902,0.3424,0.0,0.0,0.0,3.4279699999999997,3.10851,0.14122,0.024319999999999998,8.694160000000002,0.0,0.28443999999999997,4.592569999999999,1.61514,0.0,0.0,0.0,0.0,0.0,0.025330000000000002,0.0,0.00366,0.023190000000000002,0.27656,0.06608,0.0,0.08256000000000001,0.0,0.0,0.0009599999999999999,0.0,0.0,0.0039900000000000005,0.0,0.0,0.06132,0.0,0.0,0.00621,0.0,0.0,0.0,0.0,0.0,0.007909999999999999,0.0,0.0
V1_CD_3,0.0,0.0,0.0,0.0,0.0,0.0,0.0,0.0,0.00624,0.01933,5.32704,0.49041999999999997,0.0,30.66835,1.61323,0.0,5.42948,0.16591,6.91855,0.0,0.03399,0.0,0.0,0.0,0.02317,0.0,0.0,0.0,0.0,0.0,0.00149,0.0,0.00099,0.0,0.80655,1.65473,0.0,0.0,0.0017399999999999998,12.58311,4.027890000000001,0.37523,0.15289,27.05767,0.0,0.012220000000000002,0.031439999999999996,0.28471,0.00117,0.0,0.0,0.01583,0.0,0.03185,0.0,0.0,0.0009599999999999999,0.76719,0.45702,0.0,0.69092,0.00116,0.0,0.0,0.0,0.01196,0.07762,0.0,0.0,0.22950999999999996,0.0,0.0,0.0,0.0,0.0,0.0,0.0,0.0,0.028439999999999997,0.0,0.0
V1_CD_4,0.0,0.0,0.00598,0.0,0.0,0.0,0.0,0.0,0.0,0.0,3.0320899999999997,0.6481,0.0,14.6954,1.9625599999999999,0.0,2.34332,0.0,11.07189,0.01964,0.0,0.0,0.0,0.0,0.03252,0.00642,0.0,0.0,0.0,0.0,0.0,0.0,0.0,0.0,0.31901999999999997,0.18024000000000004,0.0,0.0,0.10122,16.933960000000003,11.811740000000002,0.41412,0.017159999999999998,28.78575,0.01291,0.09278,0.00845,6.4579699999999995,0.0,0.0,0.0,0.0,0.0,0.0,0.17399,0.0,0.0,0.04083,0.0,0.0,0.6122000000000001,0.0,0.0,0.0,0.0,0.0,0.0161,0.0,0.0,0.0084,0.0,0.0,0.0,0.0,0.0,0.0,0.0,0.0,0.19521,0.0,0.0
V1_CD_6,0.0,0.0,0.02297,0.0,0.0,0.0,0.0,0.0,0.0,0.0,0.46560999999999997,0.35777,0.0,35.68064,0.0,0.0,9.124649999999999,0.023880000000000002,6.70665,0.011479999999999999,0.0,0.0,0.0,0.0,0.01521,0.0,0.0,0.0,0.0,0.0,0.0,0.0,0.0,0.0,0.08251,2.1361299999999996,0.0,0.0,0.07702,9.90619,14.60814,0.89804,0.0,11.55485,0.0,2.0384899999999995,0.06402,0.11277999999999999,0.0,0.0,0.0,0.0,0.0,0.0,0.5155,0.0,0.0,3.10718,0.14544,0.0,1.39463,0.0,0.0,0.0,0.0,0.0,0.04614,0.0,0.0,0.07802,0.0,0.02368,0.01025,0.0,0.0,0.0,0.0,0.0,0.7920699999999999,0.0,0.0
V1_CD_8,9.56921,0.0621,0.0,0.0070599999999999994,0.012320000000000001,0.0,0.0,0.0,0.0,0.0,0.89029,1.0901999999999998,0.0,24.922519999999995,1.7800900000000002,0.0,7.88096,0.42132000000000003,1.6812099999999999,0.03005,0.02532,0.0,0.0,0.0,0.09953,0.0,0.0,0.0,0.0,0.0,0.0,0.0,0.0,0.0,0.03546,0.03109,0.0,0.0,0.0566,5.8718,13.859380000000003,1.2222,0.017509999999999998,23.03545,0.0,0.06919,0.14321,1.8584399999999999,0.0,0.0,0.00535,0.0,0.0,0.0,0.00404,0.0,0.04005,0.04765,0.04759,0.0,0.68595,0.0,0.0,0.0,0.0,0.0,0.046020000000000005,0.0,0.0,0.0,0.0,0.0,0.0,0.0,0.0,0.0,0.0,0.0,4.450830000000001,0.0,0.0
V1_CD_9,4.77886,0.04745,0.046610000000000006,0.0,0.0,0.0,0.0,0.0,0.0,0.0,0.47908,0.13788999999999998,0.0,19.27371,3.06237,0.0,9.1518,0.0,14.73776,0.00765,0.02434,0.0,0.0,0.0,0.02028,0.0,0.0,0.0,0.0,0.0,0.0,0.0,0.0,0.0,0.01197,0.33538,0.0,0.0,0.2394,5.27969,3.4287200000000007,4.6020199999999996,0.040150000000000005,18.249180000000003,0.0,0.5938899999999999,9.79668,0.08886000000000001,0.0,0.0,0.0,0.0,0.0,0.0,0.04705,0.01209,0.03938,0.12975,0.0,0.0,1.1473200000000001,0.0,0.0,0.0,0.0,0.0,0.15091,0.0,0.0,0.0,0.0,0.015790000000000002,0.027339999999999996,0.0,0.0,3.6865300000000003,0.0,0.0,0.31009000000000003,0.0,0.0
V1_UC_10,0.41964999999999997,0.0,0.028460000000000003,0.0,0.0,0.0,0.0,0.0,0.0,0.0,1.126,0.6541499999999999,0.0,10.8143,1.0856700000000001,0.0,3.26938,0.0,3.3799400000000004,0.0,0.01211,0.0,0.0,0.0,0.03095,0.0,0.0,0.0,0.0,0.0,0.0,0.0,0.0,0.0,0.347,7.38552,0.0,0.0,2.92686,10.161610000000001,14.490779999999999,0.28476999999999997,0.19604,35.76326999999999,0.0,0.19549000000000002,0.00303,4.439279999999999,0.0,0.0,0.0,0.0,0.0,0.0,0.0,0.0,0.0,1.11217,0.0,0.0,0.05634,0.0,0.0,0.0,0.0,0.0,0.17707,0.0,0.0,0.06425,0.0,0.0,0.0,0.0,0.0,0.0,0.0,0.0,1.57595,0.0,0.0
V1_UC_13,0.0,0.0,0.01653,0.0,0.0,0.0,0.0,0.0,0.01009,0.0,2.18718,12.566909999999998,0.0,29.139870000000002,1.18839,0.0,6.801819999999999,0.14075000000000001,17.334010000000003,0.018090000000000002,0.0,0.0,0.0,0.0,0.05392,0.0,0.0,0.00553,0.0,0.0,0.0,0.0,0.020110000000000003,0.0,0.08234,2.05457,0.00235,0.05881,0.10545,2.41237,8.201780000000001,1.0550899999999999,0.11424999999999999,13.46663,0.0,0.44253,0.82805,0.12779000000000001,0.0,0.0,0.0,0.0,0.0,0.0,0.0,0.0,0.0,0.0,0.0,0.0344,1.33982,0.0,0.0,0.0,0.0,0.0,0.17082999999999998,0.0,0.0,0.013630000000000001,0.0,0.0,0.0,0.0,0.0,0.00609,0.0,0.0,0.0,0.0,0.0
V1_UC_14,0.24062000000000003,0.0,0.0,0.0,0.0,0.0,0.0,0.0,0.0034700000000000004,0.0,21.078999999999997,1.0770300000000002,0.00244,18.384410000000006,0.34606,0.0,2.94205,0.5994299999999999,2.00778,0.11027,0.0,0.0,0.0,0.0,0.02247,0.0,0.013519999999999999,0.0,0.0,0.0,0.00573,0.0,0.91652,0.0,0.38529,2.2094,0.0,0.0,0.014889999999999999,10.879760000000001,7.1005,0.60888,0.029660000000000002,26.89345,0.0,2.8218400000000003,0.13341,0.15908999999999998,0.0,0.0,0.0,0.0,0.0,0.0,0.0,0.0,0.0,0.7758999999999999,0.06717000000000001,0.0,0.16872,0.0,0.0,0.0,0.0,0.0,0.0,0.0,0.0,0.00123,0.0,0.0,0.0,0.0,0.0,0.0,0.0,0.0,0.0,0.0,0.0
V1_UC_15,0.0,0.0,0.052610000000000004,0.0,0.0,0.0,0.0,0.0,0.0032,0.0,18.689010000000003,1.9071099999999999,0.0,12.07112,1.18113,0.0,12.19494,0.00205,8.0497,0.0,0.00836,0.00206,0.0,0.0,0.0176,0.0,0.0,0.0,0.0,0.0,0.008459999999999999,0.0,0.45299999999999996,0.0,0.28998999999999997,1.87941,0.00168,0.0,0.10983,8.807569999999998,5.12033,1.1267900000000002,0.05902,27.08974999999999,0.0,0.15752,0.007090000000000001,0.20276000000000002,0.0,0.0,0.0,0.0,0.0,0.0,0.0,0.0,0.0,0.013609999999999999,0.0,0.0,0.0,0.0,0.0,0.0,0.0,0.0,0.4719,0.0,0.0,0.02238,0.0,0.0,0.0,0.0,0.0,0.0,0.0,0.0,0.0,0.0,0.0
V1_UC_17,0.07288,0.0,0.00775,0.015280000000000002,0.0,0.03977,0.0,0.01823,0.0,0.02172,0.5295000000000001,0.72502,0.0,16.230549999999997,0.21486,0.0,12.00639,4.070459999999998,3.0023,0.01272,0.06336,0.0,0.0,0.0,0.04213,0.0,0.0,0.0,0.0,0.0,0.0,0.0,0.0,0.02536,0.08463,0.4381,0.01854,2.00809,0.1453,22.238870000000002,4.4954600000000005,2.8476100000000004,1.0232299999999999,15.055109999999999,0.0,2.78406,0.06366000000000001,3.40992,3.9609199999999998,0.0,0.0,0.0,0.0,0.0,0.0,0.0,0.03636,0.23156,0.10074,0.0,1.8572099999999998,0.0,0.0,0.0,0.0,0.0,2.1022900000000004,0.0,0.0,0.0,0.0,0.0,0.0,0.0,0.0,0.0,0.0,0.0,0.0,0.0,0.0
V1_UC_18,0.0,0.0,0.0,0.0,0.0,0.0,0.0,0.0,0.0,0.0,8.25697,0.6811699999999999,0.0,41.06996000000001,0.22715,0.0,6.99889,0.04189,0.46048,0.027160000000000004,0.04178,0.00105,0.0,0.0,0.00899,0.0,0.0,0.0,0.00584,0.0,0.00541,0.0,0.0,0.0,0.45753,1.49963,0.00336,0.0,0.05425,10.54293,8.38388,0.59254,0.01187,14.5147,0.0,0.09794,0.03458,0.47945999999999994,0.0,0.0,0.0,0.0,0.0,0.01236,0.0,0.0,0.0,5.09237,0.17205,0.0,0.0,0.0,0.0,0.0,0.0,0.0,0.0039,0.0,0.0,0.0952,0.0,0.0,0.03032,0.0,0.0,0.00887,0.0,0.0,0.08234,0.0,0.00317
V1_UC_19,0.0,0.0,0.021159999999999998,0.0,0.0,0.0,0.0,0.0,0.0021100000000000003,0.0,2.17202,2.45867,0.0,20.872580000000003,0.10234,0.0,7.266889999999999,1.3634300000000001,10.304839999999999,0.00869,0.0,0.0,0.0,0.00439,0.01726,0.0,0.0,0.0,0.0,0.0,0.00646,0.0,0.0,0.0,0.036169999999999994,0.09165999999999999,0.0,0.0,0.028310000000000002,2.94739,14.011160000000002,0.26657,0.06076,23.80108,0.0,0.35889000000000004,1.3222399999999999,0.11766000000000001,0.0,0.0,0.0,0.015719999999999998,0.0,0.0,0.66093,0.0,0.25482,0.38413,0.13758,0.0,0.9546899999999999,0.0,0.0,0.0,0.0,0.0,0.3697,0.0,0.0,0.0,0.0,0.0,0.0,0.0,0.0,0.0,0.0,0.0,9.57425,0.0,0.0054800000000000005
V1_UC_21,0.0,0.0,0.0,0.0,0.0,0.0,0.0,0.0,0.017050000000000003,0.0,0.48408000000000007,0.21887000000000004,0.0,13.66599,0.80166,0.0,2.16326,8.4104,7.75976,0.020309999999999998,0.008870000000000001,0.0,0.0,0.0,0.00897,0.0,0.0,0.00572,0.0,0.0,0.0084,0.0,0.5549999999999999,0.00966,4.666389999999999,0.05425,0.0040100000000000005,0.01739,0.0,12.108830000000001,5.057759999999999,0.12943,0.11538000000000001,24.99662,0.0,0.21744,0.02565,14.706969999999998,0.00806,0.0,0.0,0.0,0.0,0.0,0.0,0.0,0.0,0.021730000000000003,0.06433,0.0,0.11582,0.0,0.0,0.0,0.0,0.0,1.68744,0.0,0.0,1.8645400000000003,0.0,0.0,0.0,0.0,0.0,0.0,0.0,0.0,0.0,0.0,0.0
V1_UC_6,0.009130000000000001,0.0,0.0062,0.00457,0.0,0.0,0.0,0.02918,0.0,0.01744,2.98552,0.6611299999999999,0.0,6.80987,0.7713300000000001,0.0,6.68611,0.033909999999999996,10.7672,0.0,0.01319,0.0,0.0,0.0,0.02023,0.0,0.0,0.00502,0.0,0.0,0.00202,0.00409,0.01067,0.0,0.92667,5.223599999999999,0.0057,0.00302,0.06533,7.4448,11.24138,0.80091,0.07271,37.41881,0.0,0.4173,0.026250000000000002,0.09313,0.00475,0.0,0.0,0.0,0.0,0.0,0.03383,0.0,0.0,1.3561599999999998,0.0,0.0,0.70773,0.0,0.0,0.0,0.0,0.0,0.011689999999999999,0.0,0.0,0.01703,0.0,0.0,0.00909,0.0,0.0,0.0,0.0,0.0,5.28325,0.0,0.0
V1_UC_7,0.0,0.0,0.0,0.0,0.0,0.0,0.00037,0.0,0.0,0.0,1.0951199999999999,0.65761,0.0,11.9651,0.014119999999999999,0.0,4.418609999999999,42.04245,3.0366500000000003,0.00893,0.0,0.0,0.0,0.0,0.0,0.0,0.0,0.0,0.0,0.0,0.0,0.0,0.0,0.0,0.009250000000000001,0.16870999999999997,0.0,0.0,0.0381,6.911810000000001,7.121029999999998,0.69695,0.00233,4.09703,0.0,0.01553,1.79808,10.86163,0.00838,0.0,0.0,0.01617,0.0,0.03253,0.0,0.0,0.0,2.9036,0.01415,0.0,0.58168,0.0,0.0,0.0,0.0,0.0,0.24622,0.0,0.0,0.0,0.0,0.0,0.0,0.0,0.0,0.0,0.0,0.0,1.23786,0.0,0.0
V1_UC_8,3.39891,0.00346,0.00442,0.00647,0.0,0.0,0.0,0.010409999999999999,0.0019199999999999998,0.00858,6.940080000000001,1.64972,0.0,13.25467,0.13205999999999998,0.0,5.71138,0.00054,6.1607400000000005,0.007259999999999999,0.01828,0.0,0.0,0.0,0.01925,0.0,0.0,0.0,0.0,0.0,0.00946,0.0,0.04344,0.0,0.393,0.07666,0.0091,0.0,0.05532,6.718279999999999,13.732499999999998,0.8780399999999999,0.11455,32.37466,0.0,0.10579999999999999,0.0393,2.28747,0.0,0.0,0.0,0.01315,0.0,0.0,0.015359999999999999,0.0,0.028560000000000002,0.24677000000000002,0.06902,0.0,0.43639,0.0,0.0,0.0,0.0,0.0,0.00207,0.0,0.0,0.0,0.0,0.0,0.0,0.0,0.0,0.0,0.0,0.0,4.97454,0.0,0.04844
V1_UC_9,0.23863999999999996,0.00396,0.01011,0.0,0.0,0.0,0.0,0.011890000000000001,0.0,0.01211,3.11168,5.017869999999999,0.0,6.09051,1.0797700000000001,0.0,4.67063,0.07033,5.165900000000001,0.0,0.013319999999999999,0.00511,0.0,0.0,0.04948,0.0,0.0,0.0,0.0,0.0,0.00145,0.0,0.07883000000000001,0.03608,0.18030000000000002,1.7190999999999996,0.0,0.0,0.04715,6.656560000000001,33.651489999999995,0.21059,0.07256,22.906119999999994,0.0,0.22421,0.01222,0.27286999999999995,0.0,0.0,0.0,0.0,0.0,0.01511,0.0,0.004370000000000001,0.07306,0.09141,0.0,0.03267,0.58656,0.0,0.0,0.0,0.0,0.0,0.0,0.0,0.0,0.0,0.0,0.01712,0.0,0.0,0.0,0.0,0.0,0.0,7.55885,0.0,0.0
