SampleID,k__Archaea|p__Euryarchaeota|c__Methanobacteria|o__Methanobacteriales|f__Methanobacteriaceae,k__Archaea|p__Euryarchaeota|c__Methanococci|o__Methanococcales|f__Methanocaldococcaceae,k__Bacteria|p__Actinobacteria|c__Actinobacteria|o__Actinomycetales|f__Actinomycetaceae,k__Bacteria|p__Actinobacteria|c__Actinobacteria|o__Actinomycetales|f__Actinomycetales_noname,k__Bacteria|p__Actinobacteria|c__Actinobacteria|o__Actinomycetales|f__Brevibacteriaceae,k__Bacteria|p__Actinobacteria|c__Actinobacteria|o__Actinomycetales|f__Corynebacteriaceae,k__Bacteria|p__Actinobacteria|c__Actinobacteria|o__Actinomycetales|f__Dermatophilaceae,k__Bacteria|p__Actinobacteria|c__Actinobacteria|o__Actinomycetales|f__Microbacteriaceae,k__Bacteria|p__Actinobacteria|c__Actinobacteria|o__Actinomycetales|f__Micrococcaceae,k__Bacteria|p__Actinobacteria|c__Actinobacteria|o__Actinomycetales|f__Propionibacteriaceae,k__Bacteria|p__Actinobacteria|c__Actinobacteria|o__Bifidobacteriales|f__Bifidobacteriaceae,k__Bacteria|p__Actinobacteria|c__Actinobacteria|o__Coriobacteriales|f__Coriobacteriaceae,k__Bacteria|p__Bacteroidetes|c__Bacteroidia|o__Bacteroidales|f__Bacteroidaceae,k__Bacteria|p__Bacteroidetes|c__Bacteroidia|o__Bacteroidales|f__Bacteroidales_noname,k__Bacteria|p__Bacteroidetes|c__Bacteroidia|o__Bacteroidales|f__Porphyromonadaceae,k__Bacteria|p__Bacteroidetes|c__Bacteroidia|o__Bacteroidales|f__Prevotellaceae,k__Bacteria|p__Bacteroidetes|c__Bacteroidia|o__Bacteroidales|f__Rikenellaceae,k__Bacteria|p__Candidatus_Saccharibacteria|c__Candidatus_Saccharibacteria_noname|o__Candidatus_Saccharibacteria_noname|f__Candidatus_Saccharibacteria_noname,k__Bacteria|p__Deferribacteres|c__Deferribacteres|o__Deferribacterales|f__Deferribacteraceae,k__Bacteria|p__Firmicutes|c__Bacilli|o__Bacillales|f__Bacillaceae,k__Bacteria|p__Firmicutes|c__Bacilli|o__Bacillales|f__Bacillales_noname,k__Bacteria|p__Firmicutes|c__Bacilli|o__Bacillales|f__Staphylococcaceae,k__Bacteria|p__Firmicutes|c__Bacilli|o__Lactobacillales|f__Aerococcaceae,k__Bacteria|p__Firmicutes|c__Bacilli|o__Lactobacillales|f__Carnobacteriaceae,k__Bacteria|p__Firmicutes|c__Bacilli|o__Lactobacillales|f__Enterococcaceae,k__Bacteria|p__Firmicutes|c__Bacilli|o__Lactobacillales|f__Lactobacillaceae,k__Bacteria|p__Firmicutes|c__Bacilli|o__Lactobacillales|f__Leuconostocaceae,k__Bacteria|p__Firmicutes|c__Bacilli|o__Lactobacillales|f__Streptococcaceae,k__Bacteria|p__Firmicutes|c__Clostridia|o__Clostridiales|f__Clostridiaceae,k__Bacteria|p__Firmicutes|c__Clostridia|o__Clostridiales|f__Clostridiales_Family_XIII_Incertae_Sedis,k__Bacteria|p__Firmicutes|c__Clostridia|o__Clostridiales|f__Clostridiales_Family_XI_Incertae_Sedis,k__Bacteria|p__Firmicutes|c__Clostridia|o__Clostridiales|f__Clostridiales_noname,k__Bacteria|p__Firmicutes|c__Clostridia|o__Clostridiales|f__Eubacteriaceae,k__Bacteria|p__Firmicutes|c__Clostridia|o__Clostridiales|f__Lachnospiraceae,k__Bacteria|p__Firmicutes|c__Clostridia|o__Clostridiales|f__Oscillospiraceae,k__Bacteria|p__Firmicutes|c__Clostridia|o__Clostridiales|f__Peptococcaceae,k__Bacteria|p__Firmicutes|c__Clostridia|o__Clostridiales|f__Peptostreptococcaceae,k__Bacteria|p__Firmicutes|c__Clostridia|o__Clostridiales|f__Ruminococcaceae,k__Bacteria|p__Firmicutes|c__Erysipelotrichia|o__Erysipelotrichales|f__Erysipelotrichaceae,k__Bacteria|p__Firmicutes|c__Negativicutes|o__Selenomonadales|f__Acidaminococcaceae,k__Bacteria|p__Firmicutes|c__Negativicutes|o__Selenomonadales|f__Veillonellaceae,k__Bacteria|p__Fusobacteria|c__Fusobacteriia|o__Fusobacteriales|f__Fusobacteriaceae,k__Bacteria|p__Fusobacteria|c__Fusobacteriia|o__Fusobacteriales|f__Leptotrichiaceae,k__Bacteria|p__Proteobacteria|c__Betaproteobacteria|o__Burkholderiales|f__Burkholderiaceae,k__Bacteria|p__Proteobacteria|c__Betaproteobacteria|o__Burkholderiales|f__Burkholderiales_noname,k__Bacteria|p__Proteobacteria|c__Betaproteobacteria|o__Burkholderiales|f__Comamonadaceae,k__Bacteria|p__Proteobacteria|c__Betaproteobacteria|o__Burkholderiales|f__Oxalobacteraceae,k__Bacteria|p__Proteobacteria|c__Betaproteobacteria|o__Burkholderiales|f__Sutterellaceae,k__Bacteria|p__Proteobacteria|c__Betaproteobacteria|o__Neisseriales|f__Neisseriaceae,k__Bacteria|p__Proteobacteria|c__Deltaproteobacteria|o__Desulfovibrionales|f__Desulfovibrionaceae,k__Bacteria|p__Proteobacteria|c__Epsilonproteobacteria|o__Campylobacterales|f__Campylobacteraceae,k__Bacteria|p__Proteobacteria|c__Epsilonproteobacteria|o__Campylobacterales|f__Helicobacteraceae,k__Bacteria|p__Proteobacteria|c__Gammaproteobacteria|o__Aeromonadales|f__Aeromonadaceae,k__Bacteria|p__Proteobacteria|c__Gammaproteobacteria|o__Aeromonadales|f__Succinivibrionaceae,k__Bacteria|p__Proteobacteria|c__Gammaproteobacteria|o__Enterobacteriales|f__Enterobacteriaceae,k__Bacteria|p__Proteobacteria|c__Gammaproteobacteria|o__Pasteurellales|f__Pasteurellaceae,k__Bacteria|p__Proteobacteria|c__Gammaproteobacteria|o__Pseudomonadales|f__Moraxellaceae,k__Bacteria|p__Proteobacteria|c__Gammaproteobacteria|o__Pseudomonadales|f__Pseudomonadaceae,k__Bacteria|p__Spirochaetes|c__Spirochaetia|o__Spirochaetales|f__Brachyspiraceae,k__Bacteria|p__Spirochaetes|c__Spirochaetia|o__Spirochaetales|f__Spirochaetaceae,k__Bacteria|p__Synergistetes|c__Synergistia|o__Synergistales|f__Synergistaceae,k__Bacteria|p__Verrucomicrobia|c__Verrucomicrobiae|o__Verrucomicrobiales|f__Verrucomicrobiaceae,k__Eukaryota|p__Ascomycota|c__Saccharomycetes|o__Saccharomycetales|f__Debaryomycetaceae,k__Eukaryota|p__Ascomycota|c__Saccharomycetes|o__Saccharomycetales|f__Saccharomycetaceae,k__Eukaryota|p__Ascomycota|c__Saccharomycetes|o__Saccharomycetales|f__Saccharomycetales_noname
CCIS00146684ST-4-0,0.0,0.0,0.00277,0.0,0.0,0.0,0.0,0.0,0.01415,0.0,10.1722,0.18756,8.35081,0.35594000000000003,1.14526,0.00874,8.4631,0.00201,0.0,0.0,0.00364,0.0,0.0,0.00078,0.0,0.00613,0.0,0.10533999999999999,2.4013,0.004659999999999999,0.004370000000000001,0.026389999999999997,13.043470000000001,15.128180000000004,0.05173,0.0,0.06004,34.33747999999999,0.13503,3.6032900000000003,0.024890000000000002,0.0,0.0,0.0,0.21775,0.0,0.0,0.07517,0.0,0.31344,0.0,0.0,0.0,0.0,0.08298,0.00521,0.0,0.0,0.0,0.0,0.0,1.6662,0.0,0.0,0.0
CCIS00281083ST-3-0,0.14833,0.0,0.0,0.0,0.0,0.0,0.0,0.0,0.0,0.0,0.0,0.0,14.017619999999999,0.0,1.5504099999999998,56.06606,1.07831,0.0,0.0,0.0,0.0,0.0,0.0,0.0,0.0,0.0,0.0,0.44882,2.22318,0.0,0.0,0.0,4.71958,15.286400000000002,0.0,0.0,0.0,2.64303,0.049629999999999994,1.50463,0.09485,0.0,0.0,0.0,0.0,0.0,0.0,0.0,0.0,0.04117,0.0,0.0,0.0,0.0,0.0,0.0,0.0,0.0,0.0,0.0,0.0,0.10657,0.0,0.02143,0.0
CCIS02124300ST-4-0,0.0,0.0,0.0258,0.0,0.0,0.0,0.012740000000000001,0.0,0.00178,0.08158,4.73649,1.04861,3.6895499999999997,0.23961,1.42939,7.05065,0.46728,0.0,0.0,0.0,0.01067,0.0,0.0,0.01732,0.054279999999999995,0.0,0.02215,1.16054,4.74251,0.01124,0.00022999999999999998,0.01328,17.79341,17.693830000000002,0.14961,0.0,0.09329,25.63252,0.07680999999999999,0.38723,10.65705,0.0,0.0,0.0,0.0,0.0,0.0,1.32875,0.0,0.32138999999999995,0.0,0.0,0.0,0.0,0.037450000000000004,0.09957,0.0,0.22623,0.0,0.0,0.0,0.6872199999999999,0.0,0.0,0.0
CCIS02379307ST-4-0,0.04584,0.0,0.0,0.0,0.0,0.0,0.0,0.0,0.0,0.0,0.0014199999999999998,0.0,41.540240000000004,0.0,6.3066699999999996,0.28511,3.4419900000000005,0.0,0.0,0.0,0.25849,0.0,0.0,0.0,0.0,0.0,0.0,0.7764,0.01779,0.04407,0.15318,0.0,10.50915,17.207209999999996,0.007640000000000001,0.0,2.62718,15.113389999999999,0.0547,0.0,0.10971,0.48234,0.0,0.0,0.0,0.0,0.0,0.0,0.0,0.26492,0.0,0.0,0.0,0.0,0.35771,0.12217,0.0,0.0,0.0,0.0,0.0,0.27271,0.0,0.0,0.0
CCIS03473770ST-4-0,6.19242,0.0,0.0,0.0,0.0,0.01678,0.0,0.0,0.03812,0.0,2.437250000000001,0.29278,15.1101,0.029910000000000003,3.761,0.0,2.8220299999999994,0.0016300000000000002,0.0,0.0,0.016,0.00126,0.0,0.02232,1.55148,0.03351,0.01439,3.87514,0.5273800000000001,0.05248,0.00564,0.0,16.93329,13.32265,0.16012,0.0,0.01545,28.40871,0.012759999999999999,0.0,1.0216699999999999,0.0,0.0,0.0,0.00061,0.0,0.0,0.029939999999999998,0.0,0.25432000000000005,0.0,0.0,0.0,0.0,1.42044,0.0035399999999999997,0.0,0.0,0.0,0.0,0.0,1.61489,0.0,0.0,0.0
CCIS06260551ST-3-0,49.058170000000004,0.0,0.0,0.0,0.0,0.0,0.0,0.0,0.01852,0.0,0.05238999999999999,0.40715999999999997,10.219330000000001,0.0746,1.83337,0.00992,0.8102600000000001,0.0,0.0,0.59646,0.0,0.0,0.0,0.0,0.0018100000000000002,0.01384,0.0,1.0902100000000001,2.3551599999999997,0.03644,0.36519,0.00448,4.41308,4.407150000000001,0.00787,0.0,0.969,13.341840000000001,1.1744999999999999,0.01647,0.0,0.0,0.0,0.0,0.0,0.0,0.0,0.0,0.0,0.06015,0.0,0.0,0.0,0.0,8.15475,0.08596000000000001,0.0,0.0,0.0,0.0,0.0,0.42193,0.0,0.0,0.0
CCIS07539127ST-4-0,3.53105,0.0,0.008029999999999999,0.0,0.0,0.0,0.0,0.0,0.00571,0.0,4.079929999999999,1.4024400000000001,22.919249999999998,0.08645,7.2909299999999995,0.47215,5.8143,0.00279,0.0,0.0,0.00198,0.0,0.0,0.00146,0.0,3.77215,0.0,6.482099999999999,0.74056,0.0,0.0,0.014509999999999999,5.761190000000001,13.79565,0.24612,0.0,0.00251,20.61752,0.11618,1.2081899999999999,0.09874999999999999,0.0,0.0,0.00322,0.0,0.0,0.0,0.038189999999999995,0.0,0.57781,0.0,0.0,0.0,0.0,0.09874,0.0912,0.0,0.0,0.0,0.0,0.0,0.71895,0.0,0.0,0.0
CCIS07648107ST-4-0,0.35795,0.0,0.00144,0.0,0.0,0.0,0.0,0.0,0.0,0.00022999999999999998,1.88133,3.2039,30.462640000000004,0.39514,4.723650000000001,1.9880900000000001,2.3701100000000004,0.0,0.0,0.0,0.0,0.0,0.0,0.0,0.08319000000000001,0.6231599999999999,0.0,7.81332,2.4238899999999997,0.0013800000000000002,0.0,0.19791,7.43215,19.45954,0.99606,0.0,0.0,9.88529,0.9606399999999999,3.28643,0.02194,0.0,0.0,0.0,0.0,0.0,0.0,0.5544600000000001,0.0,0.87122,0.0,0.0,0.0,0.0,0.0030800000000000003,0.0,0.0018100000000000002,0.0,0.0,0.0,0.0,0.0,0.0,0.0,0.0
CCIS08668806ST-3-0,4.10101,0.0,0.0,0.0,0.0,0.0,0.0,0.0,0.0,0.0,0.70738,0.021269999999999997,29.5084,0.16684000000000002,3.0495300000000003,0.07453,3.9324899999999996,0.0,0.0,0.0,0.0,0.0,0.0,0.0,0.0,0.0,0.0,0.13452,6.93647,0.0,0.0,0.00632,24.84962,7.53697,0.35578000000000004,0.0,0.20278,17.255,0.0,0.0,0.67661,0.0,0.0,0.0,0.15505,0.0,0.0,0.01654,0.0,0.13671,0.0,0.0,0.0,0.0,0.13075,0.0,0.0,0.0,0.0,0.0,0.0,0.04541,0.0,0.0,0.0
CCIS09568613ST-4-0,0.88997,0.0,0.02183,0.0,0.0,0.0,0.0,0.0,0.00656,0.0,12.24557,0.35807999999999995,13.509660000000002,0.51243,5.584219999999999,0.01259,4.33385,0.0,0.0,0.0,0.00099,0.0,0.0,0.0,1.2053200000000002,0.00149,0.0,1.3039699999999996,7.0231400000000015,0.011179999999999999,0.64174,0.00022,6.25357,6.07415,0.03166,0.0,0.07998000000000001,10.670079999999999,4.00704,1.99425,0.08768999999999999,0.0,0.0,0.0,0.0,0.0,0.0,0.1451,0.0,0.11810999999999999,0.0,0.01209,0.0,0.0,20.641640000000002,0.3678,0.006370000000000001,0.25549,0.0,0.0,0.0,1.59217,0.0,0.0,0.0
CCIS10793554ST-4-0,0.00742,0.0,0.02335,0.0,0.0,0.00392,0.0,0.0,0.02624,0.0,0.013680000000000001,0.19021,9.402569999999999,0.03221,1.7075299999999998,0.0,1.7325500000000003,0.0,0.0,0.0,0.026969999999999997,0.0,0.0009,0.034030000000000005,0.0,0.00137,0.0,8.611160000000002,4.21615,0.017,0.0,0.0,14.149800000000003,43.71574,0.03134,0.0,0.04688,15.551819999999998,0.11341,0.0,0.09537999999999999,0.0,0.0,0.0,0.0,0.0,0.0,0.0,0.0,0.14692,0.0,0.0,0.0,0.0,0.0,0.10148,0.0,0.0,0.0,0.0,0.0,0.0,0.0,0.0,0.0
CCIS11015875ST-4-0,4.41946,0.0,0.01093,0.0,0.0,0.0,0.0,0.0,0.00488,0.0,7.01816,0.8514799999999999,19.424779999999995,0.72887,6.34863,0.91154,5.3884799999999995,0.0,0.0,0.0,0.0,0.0,0.0,0.00604,0.00101,0.0,0.0,0.031039999999999998,0.44228,0.02458,0.027370000000000002,1.79122,10.037499999999998,6.900729999999999,0.37803000000000003,0.0,0.10754999999999999,23.76407,0.17310999999999999,0.0,1.55185,1.25816,0.0,0.0,0.00662,0.0,0.009009999999999999,0.0039,0.0,2.5305799999999996,0.0,0.0,0.0,0.0,4.65285,0.0,0.0,0.0,0.0,0.00565,0.0,1.1862700000000002,0.0,0.00332,0.0
CCIS11354283ST-4-0,2.5967499999999997,0.0,0.01209,0.0,0.0,0.0,0.0,0.0,0.0006,0.04068,2.8037599999999996,2.1814999999999998,7.49231,0.18507,5.14637,0.052790000000000004,2.9841800000000003,0.0,0.0,0.0,0.00242,0.0,0.0,0.0,0.15728,0.22956000000000001,0.00793,0.7944500000000001,0.23349999999999996,0.0028,0.0,0.0414,19.818740000000002,13.992909999999998,0.53797,0.0,0.16666,36.750080000000004,1.12022,0.006679999999999999,0.0,0.01726,0.0,0.0,0.058929999999999996,0.0,0.0011099999999999999,0.09776,0.0,0.16904,0.0,0.0,0.0,0.0,0.78816,0.0,0.0,0.0,0.0,0.0,0.0,1.5090299999999999,0.0,0.0,0.0
CCIS11558985ST-4-0,0.0,0.0,0.0,0.0,0.0,0.0,0.0,0.0,0.0,0.0,0.0,0.10325999999999999,59.37997,0.07977000000000001,8.06458,0.0,4.23179,0.0,0.0,0.0,0.0,0.0,0.0,0.0,0.0,0.0,0.0,0.4494100000000001,0.51902,0.0,0.0,0.0,7.486059999999999,6.04256,0.29286,0.0,0.11157999999999998,6.0294799999999995,1.7253600000000002,3.64079,0.00771,0.0,0.0,0.0,0.02087,0.0,0.0,1.65433,0.0,0.11918,0.0,0.0,0.0,0.0,0.0,0.0,0.0,0.0,0.0,0.0,0.0,0.0414,0.0,0.0,0.0
CCIS12370844ST-4-0,0.09316,0.0,0.0,0.0,0.0,0.0,0.0,0.0,0.0,0.0,0.0,0.33565,17.58009,0.0,1.7158700000000002,3.71045,0.05097,0.0,0.0,0.0,0.0,0.0,0.0,0.0,0.0,0.0,0.0,0.1192,0.0,0.0,0.0,0.0,1.7060799999999998,5.77163,0.61583,0.0,0.0,26.12881,0.0,0.01084,0.0,41.906240000000004,0.0,0.0,0.0,0.0,0.0,0.0,0.0,0.0,0.0,0.0,0.0,0.0,0.0,0.0,0.0,0.0,0.0,0.0,0.0,0.25519000000000003,0.0,0.0,0.0
CCIS12656533ST-4-0,13.97543,0.0,0.01093,0.0,0.0,0.0,0.0,0.0,0.0,0.0,2.1368099999999997,1.5796799999999998,9.645279999999998,0.31538,7.00342,0.0,0.62245,0.006229999999999999,0.0,0.0,0.01125,0.0,0.0,0.00474,0.00165,0.15812,0.00213,2.30598,3.37945,0.059969999999999996,0.60701,0.0704,2.2777000000000003,6.683579999999999,0.20718000000000003,0.0,1.6751999999999998,11.125459999999999,6.455050000000001,0.0,0.0,0.0,0.0,0.0,0.0,0.0,0.0,0.23736999999999997,0.0,0.23510000000000003,0.0,0.0,0.0,0.0,0.19305,0.0034,0.0,0.0,0.0,0.0,0.0,29.010640000000002,0.0,0.0,0.0
CCIS13047523ST-4-0,0.00754,0.0,0.00035,0.0,0.0,0.00045999999999999996,0.0,0.0,0.0,0.0,0.021339999999999998,0.11499,23.404669999999996,0.06749,5.45812,0.00993,1.3654600000000001,0.01474,0.0,0.0,0.015250000000000001,0.0,0.00011999999999999999,0.021159999999999998,0.05808000000000001,0.01543,0.22018,1.1801899999999999,1.8570800000000003,0.0019100000000000002,0.01317,0.05332,27.540640000000003,6.418030000000001,0.16204000000000002,0.0,0.06741,30.37897,0.17092000000000002,0.0,0.81556,0.0,0.0,0.0,0.07234,0.0,0.0,0.20359000000000002,0.0,0.18432,0.0,0.0,0.0,0.0,0.08518999999999999,0.0,0.0,0.0,0.0,0.0,0.0,0.0,0.0,0.0,0.0
CCIS14449628ST-4-0,0.0,0.0,0.0,0.0,0.0,0.0,0.0,0.0,0.03222,0.0,0.007409999999999999,0.3942,34.97003999999999,0.0,2.6020299999999996,3.44057,6.1908900000000004,0.0,0.0,0.0,0.05923,0.0,0.0,0.045239999999999995,0.0,0.0,0.0,5.735670000000001,1.2646099999999998,0.2429,0.1749,0.07143,2.9464900000000003,7.0812100000000004,0.2007,0.0,4.41528,17.326320000000003,1.57027,0.0,5.5414400000000015,0.10761,0.0,0.0,0.0,0.0,0.0,0.36455,0.0,0.50177,0.043460000000000006,0.0,0.0,0.03216,0.5456099999999999,1.8835000000000002,0.0,0.0,0.0,0.030289999999999997,0.0,0.0,0.3297,1.84834,0.0
CCIS15704761ST-4-0,0.0,0.0,0.0,0.0,0.0,0.0,0.0,0.0,0.00282,0.0,0.23740999999999998,0.02308,0.040010000000000004,0.0,0.00475,0.00147,0.0,0.0028,0.0,0.0,0.031030000000000002,0.0,0.0,0.01724,0.0,0.07905000000000001,0.0,1.99241,33.40591,0.0,0.0,1.5281399999999998,0.37201,14.995609999999997,2.4809,0.0,2.66474,4.21795,3.03265,26.06431,4.749569999999999,0.07367,0.0,0.0,0.0,0.0,0.0,0.0,0.0,0.0,2.3896599999999997,0.0,0.0,0.0,1.39878,0.19035,0.0,0.0,0.0,0.0,0.0,0.0,0.0,0.00366,0.0
CCIS15794887ST-4-0,0.00483,0.0,0.03161,0.0,0.0,0.00413,0.0,0.0,0.04061,0.0,10.233070000000001,3.5650700000000004,10.57052,0.08545,7.067029999999999,6.27426,2.2255799999999994,0.0,0.0,0.0,0.0,0.0,0.0,0.01964,0.00455,0.0,0.0,0.35491,0.007090000000000001,0.00441,0.0,0.0,6.645619999999999,18.37499,0.04214,0.0,0.3042,23.34682,5.7385399999999995,0.0,4.383400000000001,0.0,0.0,0.0,0.0,0.0,0.0,0.40546,0.0,0.0,0.0,0.0,0.0,0.0,0.054720000000000005,0.13154000000000002,0.0798,0.0,0.0,0.0,0.0,0.0,0.0,0.0,0.0
CCIS16326685ST-4-0,0.0,0.0,0.0,0.0,0.0,0.0,0.0,0.0,0.0,0.0,12.42989,3.0972799999999996,21.82977,0.16852999999999999,3.88782,12.24851,0.7713099999999999,0.0,0.0,0.0,0.039060000000000004,0.0,0.0,0.0,0.0,0.01725,0.0,0.46973000000000004,1.20492,0.02365,0.03053,0.0,5.7885599999999995,5.4951799999999995,0.04045,0.0,1.10727,13.20659,1.1917200000000001,4.15316,0.93721,0.0,0.0,0.0,0.04118,0.0,0.0,0.25802,0.0,0.0,0.0,0.0,0.0,0.0,0.0,0.0,0.0,0.0,0.0,0.0,0.0,11.56245,0.0,0.0,0.0
CCIS16383318ST-4-0,0.0,0.0,0.010579999999999999,0.0,0.0,0.0,0.0,0.0,0.03562,0.0,0.7949700000000001,1.26741,7.314499999999999,0.031110000000000002,2.68588,8.67626,4.35103,0.0,0.0,0.0,0.00676,0.0,0.0,0.009009999999999999,0.02259,0.70982,0.37851999999999997,23.37101,0.27493000000000006,0.0053,0.0005099999999999999,0.07433000000000001,5.71713,5.560930000000001,0.07228,0.0,0.028380000000000002,9.17017,7.25968,3.2681999999999998,14.99866,0.00054,0.0,0.0,0.0,0.0,0.013380000000000001,0.11142,0.0,0.37004000000000004,0.0,0.0,0.0,0.0,3.39915,0.00065,0.0,0.00925,0.0,0.0,0.0,0.0,0.0,0.0,0.0
CCIS16561622ST-4-0,0.0,0.0,0.00335,0.0,0.0,0.0,0.0,0.0,0.0,0.0,0.60689,0.96118,21.83138,0.08031,9.420110000000001,0.0,7.95827,0.0012900000000000001,0.0,0.0,0.01719,0.0,0.0,0.0038000000000000004,0.0,0.024489999999999998,0.00294,2.4020500000000005,0.37388999999999994,0.018090000000000002,0.00831,0.043640000000000005,28.105050000000002,7.779449999999999,0.15397,0.0,0.09787,16.22885,0.12301,2.2471799999999997,0.00595,0.0,0.0,0.0,0.00671,0.0,0.013269999999999999,0.01389,0.0,0.66433,0.0052899999999999996,0.0,0.0,0.0,0.0051400000000000005,0.0,0.0,0.0,0.0,0.0,0.0,0.79284,0.0,0.0,0.0
CCIS17669415ST-4-0,0.01017,0.0,0.25273,0.0,0.0,0.0,0.0,0.0,0.022719999999999997,0.0,5.54068,1.7014799999999999,5.474589999999999,0.12340999999999999,3.2077999999999993,0.31756,0.66362,0.02932,0.0,0.0,0.22463,0.0,0.0,0.02668,0.53046,0.29751,0.04202,18.982659999999996,0.26504,0.15203,0.05906,0.03637,5.17403,10.028480000000004,0.10417,0.0,0.8065199999999999,42.90426,0.49117999999999995,0.53016,0.2352,0.02674,0.0,0.0,0.004229999999999999,0.0,0.0,0.011770000000000001,0.0,0.00826,0.0,0.0,0.0,0.0,0.89207,0.008,0.0,0.0,0.0,0.0,0.0,0.81438,0.0,0.0,0.0
CCIS21126322ST-4-0,3.2785,0.0,0.0030600000000000002,0.0,0.01022,0.05119,0.0,0.0,0.00156,0.0,0.8071699999999999,0.04365,9.37257,0.11817000000000001,0.56185,0.00456,1.8703000000000003,0.0009699999999999999,0.0,0.0,0.03238,0.0,0.0,0.0,0.40713000000000005,0.7445799999999999,0.054189999999999995,3.02548,0.07939,0.01382,0.00823,0.0,22.82311,26.63129,0.07525,0.0,0.7680100000000001,23.76737,1.40491,0.0,3.1666800000000004,0.0,0.0,0.0,0.14503,0.0,0.0,0.01089,0.0,0.08428,0.0,0.0,0.0,0.0,0.0,0.01187,0.0,0.0,0.0,0.0,0.0,0.62233,0.0,0.0,0.0
CCIS21278152ST-4-0,11.39075,0.0,0.0,0.0,0.0,0.0,0.0,0.0,0.0,0.0,0.38148000000000004,0.7196100000000001,2.3407799999999996,0.060629999999999996,0.99634,7.3353,0.9875099999999999,0.0,0.0,0.0,0.0,0.0,0.0,0.0,8.6309,0.02267,0.0,1.1776399999999998,0.02249,0.46223,0.55488,0.0056700000000000006,10.211359999999999,39.57231,0.10128,0.0,0.37594,8.68705,1.9704100000000002,2.88616,0.07718,0.08909,0.0,0.0,0.01206,0.0,0.0,0.03256,0.0,0.23215000000000002,0.0,0.0,0.0,0.0,0.03624,0.0,0.0,0.0,0.0,0.0,0.0,0.62735,0.0,0.0,0.0
CCIS22906510ST-20-0,0.00135,0.0,0.01276,0.0,0.0,0.0,0.0,0.0,0.00108,0.0,0.0096,1.8135,24.72726,0.00583,1.7181499999999998,0.0,1.79864,0.0,0.0,0.0,0.0103,0.0,0.0,0.01376,0.0,0.00125,0.009009999999999999,2.25749,2.29336,0.0,0.0,0.01422,9.52621,29.410649999999997,0.0962,0.0,0.0104,11.969779999999998,0.64034,2.81144,1.88346,2.69645,0.0,0.0,0.0,0.0,0.0,0.25903000000000004,0.0,0.14132,0.0,0.0,0.0,0.00105,0.008539999999999999,0.0,0.0,0.0,0.0,0.0,0.0,5.85759,0.0,0.0,0.0
CCIS22958137ST-20-0,0.09402999999999999,0.0,0.014669999999999999,0.0,0.0,0.02725,0.0,0.0,0.00617,0.0,0.18206,0.5960799999999999,21.778129999999997,0.02985,18.27298,0.5378499999999999,0.45920999999999995,0.00448,0.0,0.0,0.04980999999999999,0.0,0.00396,0.004170000000000001,0.0,0.00236,0.00869,0.82052,0.63669,0.00966,0.18901,0.007409999999999999,2.62051,23.219170000000002,0.007409999999999999,0.0,0.03014,20.53111,2.4356500000000003,3.8519,0.01711,0.10332000000000001,0.0,0.0,0.0,0.0,0.00611,0.34814,0.0,0.6544300000000001,0.00106,0.0,0.0,0.0,1.18497,0.06534,0.0,0.0,0.0,0.0,0.0,1.18864,0.0,0.0,0.0
CCIS23164343ST-4-0,0.0,0.0,0.0039700000000000004,0.0,0.04004,0.08089,0.0,0.00206,0.0,0.00339,3.7882100000000003,1.07346,0.50124,0.029189999999999997,0.2632,0.0,0.17811999999999997,0.0,0.0,0.0,0.0,0.0,0.0,0.0005200000000000001,11.478819999999999,0.19043000000000002,0.08043,0.90275,9.78736,0.0,0.0,0.0,17.09051,10.670230000000002,0.0011,0.0,0.14855000000000002,40.47128,0.27846000000000004,0.0,0.00264,0.0,0.0,0.0,0.00162,0.0,0.0,0.004520000000000001,0.0,0.05033,0.0,0.0,0.0,0.0,2.36256,0.0076,0.0,0.0,0.0,0.0,0.0,0.50516,0.0,0.00137,0.0
CCIS24254057ST-4-0,0.00105,0.0,0.03246,0.0,0.0,0.0,0.0,0.0,0.00539,0.0,0.04371,2.24587,37.431900000000006,0.0,16.322750000000003,1.15273,5.35317,0.0,0.00143,0.0,0.0,0.0,0.0,0.0,0.23024000000000003,0.10934,0.01646,0.08961,7.233319999999999,0.0017100000000000001,0.0,0.15816000000000002,0.90749,0.5776600000000001,0.7028399999999999,0.08012999999999999,0.02365,2.38096,0.10947,0.00183,0.00811,0.0,0.0,0.0,0.0,0.0,0.0,0.0,0.0,0.0,0.0,0.0,0.0,0.0,0.05891,0.01321,0.0,0.0,0.0,0.0,0.04124,24.665229999999998,0.0,0.0,0.0
CCIS24898163ST-4-0,0.0,0.0,0.80625,0.0,0.0,0.0,0.0,0.0,0.00688,0.00965,0.0,2.9861,16.88908,0.0,1.20031,0.0,7.65011,0.0,0.0,0.0,0.0,0.0,0.0,0.0,0.0,0.0,0.0,0.0,2.41373,0.0,0.0,1.04961,4.83969,6.35041,0.56739,0.0,0.0,18.80094,0.0,0.0,0.02853,0.0,0.0,0.0,0.0,0.0,0.0,2.25798,0.0,33.18184,0.0,0.0,0.0,0.0,0.26154,0.0,0.0,0.0,0.0,0.0,0.0,0.03951,0.06928,0.5911599999999999,0.0
CCIS25399172ST-4-0,0.94166,0.0,0.0,0.0,0.0,0.0,0.0,0.0,0.0,0.0,0.21143,0.27698000000000006,3.19158,0.39714,2.70549,12.028960000000001,7.28953,0.0,0.0,0.0,0.0,0.0,0.0,0.0,0.0,0.0,0.0,0.11987,0.03649000000000001,0.0,0.0,1.8122800000000001,1.1533200000000001,5.07036,2.5114,0.0,0.0,31.11011,0.11513,1.3700299999999999,0.8437600000000001,0.0,0.0,0.0,0.0,0.0,0.0,0.26438,0.0,0.16948,0.0,0.0,0.0,0.0,1.5418800000000001,0.0,0.0,0.13952,0.0,0.0,0.0,26.61376,0.0,0.08546000000000001,0.0
CCIS27304052ST-3-0,7.027489999999999,0.0,0.0,0.0,0.0,0.0,0.0,0.0,0.0,0.0,0.0,0.0,15.19906,0.0,1.5726299999999998,0.38488,0.9000199999999998,0.0,0.0,0.0,0.0,0.0,0.0,0.0,0.0,0.0,0.0,0.49657,11.78019,0.0,0.0,0.0,21.00582,4.27968,0.0,0.0,0.80396,30.09338,0.17812,0.0,5.10537,0.0,0.0,0.0,0.052739999999999995,0.0,0.06265,0.016569999999999998,0.0,0.0,0.0,0.0,0.0,0.0,0.23731,0.24427,0.0,0.0,0.0,0.0,0.0,0.5593,0.0,0.0,0.0
CCIS29210128ST-4-0,0.0,0.0,0.00314,0.00672,0.0,0.0,0.0,0.0,0.0027199999999999998,0.01678,0.51374,0.88768,28.59826,0.0,5.67061,0.0,1.4876099999999999,0.0,0.0,0.0,0.02418,0.0,0.0,0.023129999999999998,0.15152000000000002,0.0,0.008140000000000001,0.36774999999999997,0.17740000000000003,0.00203,0.0,0.0199,1.53329,10.06311,0.12934,0.0,0.020479999999999998,10.26291,0.07671,1.79122,34.29269,1.6389799999999999,0.0,0.0,0.0,0.0,0.0,0.34101,0.0,0.29729000000000005,0.0,0.0,0.0,0.51178,0.01191,0.0,0.0,0.0,0.0,0.0,0.0,1.04925,0.0,0.01872,0.0
CCIS29688262ST-20-0,0.07095,0.0,0.022209999999999997,0.0,9e-05,0.00262,0.05106,0.0,0.00675,0.62537,3.12518,3.0402299999999998,3.09442,0.01878,0.42903,0.00114,0.28954,0.00323,0.0,0.0,0.12294,0.0,0.04882,0.11593,0.02392,0.00842,0.00969,21.92078,0.055799999999999995,0.05048999999999999,0.015690000000000003,0.0023899999999999998,12.94902,25.950670000000006,0.0046,0.0,0.5091100000000001,12.8591,13.761309999999996,0.48839999999999995,0.09441000000000001,0.0,0.0,0.0,8e-05,0.0,0.0,0.08067,0.0,0.02653,0.0,0.0,0.0,0.0,0.03683,0.0,0.0,0.0,0.0,0.0,0.0,0.0838,0.0,0.0,0.0
CCIS31434951ST-20-0,4.47256,0.0,0.0,0.0,0.0,0.0,0.0,0.0,0.0,0.0,1.67439,0.56928,7.58752,0.00168,2.62072,0.0,0.44805,0.0,0.0,0.0,0.009179999999999999,0.0,0.0,0.0,0.0,0.0,0.0,1.8396599999999999,0.00656,0.0,0.0,0.62344,13.27546,44.54785,0.0356,0.0,1.22589,16.378159999999998,1.2727,1.26226,0.0,0.0,0.0,0.0,0.06164,0.0,0.02962,0.03224,0.0,0.043930000000000004,0.0,0.0,0.0,0.0,1.5776,0.01706,0.0,0.0,0.0,0.0,0.0,0.38697,0.0,0.0,0.0
CCIS32105356ST-4-0,4.21848,0.0,0.0,0.030160000000000003,0.0,0.0,0.0,0.0,0.0,0.0,0.33453,0.65727,7.662719999999998,0.029189999999999997,2.43309,25.85783,2.0827899999999997,0.0,0.0,0.0,0.0,0.0,0.0,0.0,0.25131,0.5284500000000001,0.0,0.22483,0.45212,0.00968,0.00385,0.45714,17.18638,9.00004,0.11503,0.0,0.16602999999999998,17.16249,0.12054,0.0,9.425740000000001,0.0,0.0,0.0,0.00813,0.0,0.0,0.07308,0.0,0.09158,0.0,0.0,0.0,0.0,0.67918,0.01272,0.0,0.0,0.0,0.0,0.0,0.70897,0.0,0.01668,0.0
CCIS32452666ST-4-0,0.9512799999999999,0.0,0.01781,0.0,0.0,0.0,0.0,0.0,0.06079,0.0,0.23936999999999997,0.88998,11.96114,0.0,3.86583,0.79111,2.23854,0.0014,0.0,0.0,0.00626,0.0,0.0,0.0,1.8431300000000002,0.06934000000000001,0.0087,1.25307,0.03329,0.0,0.0,0.15708,16.18228,30.70592,0.025639999999999996,0.0,0.5271100000000001,24.19471,0.09322000000000001,1.07361,0.6114,0.00893,0.0,0.0,0.01505,0.0,0.0,0.049839999999999995,0.01532,0.07161999999999999,0.0,0.0,0.0,0.0,1.17355,0.8603700000000001,0.0,0.0,0.0,0.0,0.0,0.0033,0.0,0.0,0.0
CCIS33816588ST-4-0,15.49346,0.0022199999999999998,0.57195,0.0,0.0,0.0,0.0,0.0,0.0,0.0,1.08339,0.44955,17.606589999999994,0.042010000000000006,2.86564,7.98855,1.32616,0.022920000000000003,0.0,0.0,2.89217,0.0,0.0,0.04386,0.0,0.008320000000000001,0.0,0.50362,1.3057099999999997,0.03319,4.83279,0.028069999999999998,2.0495200000000002,9.490070000000003,0.0182,0.0,2.94021,22.46752,3.8709200000000004,0.0,0.0,0.08835,0.3724,0.0,0.00627,0.0,0.0,0.00209,0.0,0.20553000000000002,0.2222,0.0,0.0978,0.0,0.48736,0.0,0.0,0.0,0.0,0.0,0.0,0.58143,0.0,0.0,0.0
CCIS34055159ST-4-0,0.0,0.0,0.01753,0.0,0.0,0.0,0.0,0.0,0.15536,0.0,0.11227000000000001,0.42393,4.42497,0.0,0.41789999999999994,1.7703200000000001,0.37766,0.0,0.0,0.0,0.0,0.0,0.0,0.01323,0.02282,0.6220600000000001,0.00903,1.76363,3.29065,0.0041600000000000005,0.05587,0.10076,2.4844500000000003,21.821119999999997,0.04094,0.0,0.09222,9.421830000000002,0.43309999999999993,1.9953400000000001,1.1790599999999998,0.01799,0.00218,0.0,0.0,0.0,0.0,0.01794,0.0,0.89715,0.0,0.0,0.0,0.0,47.95488,0.04219,0.0,0.0,0.0,0.0,0.0,0.0042,0.0,0.013250000000000001,0.0
CCIS35092938ST-4-0,0.0,0.0,0.0041199999999999995,0.0,0.0,0.0,0.0,0.0,0.00425,0.0,2.4949000000000003,0.23159,12.36901,0.23839000000000002,4.42138,0.0,2.8895500000000003,0.0,0.0,0.0,0.02732,0.0,0.0,0.012320000000000001,0.03135,0.00037,0.00566,4.4657100000000005,0.06282,0.018619999999999998,0.0,1.45655,20.91016,38.27579999999999,0.12875999999999999,0.0,0.24374,11.3644,0.04601,0.0,0.08171999999999999,0.0,0.0,0.0,0.00535,0.0,0.0,0.08946,0.0,0.03738,0.0,0.0,0.0,0.0,0.01172,0.06256,0.0,0.0,0.0,0.0,0.0,0.009009999999999999,0.0,0.0,0.0
CCIS35100175ST-4-0,3.5798400000000004,0.0,0.03786,0.0,0.0,0.0,0.0,0.0,0.09681,0.0,0.13074000000000002,0.19956000000000004,21.820789999999995,0.0,6.540139999999999,9.88866,1.28066,0.0,0.0,0.0,0.1469,0.0,0.0,0.09161,0.0,0.26405,0.0,5.76009,0.42492,0.10036,1.59979,0.00161,1.0960800000000002,15.3748,0.03873,0.0,2.25817,18.826729999999998,1.9700200000000003,4.67733,0.71995,0.9510099999999999,0.06377000000000001,0.0,0.00075,0.0,0.01014,0.38819000000000004,0.0,0.18287000000000003,0.15642,0.0,0.0,0.0,0.29156,1.02068,0.0,0.0,0.0,0.0,0.0,0.008440000000000001,0.0,0.0,0.0
CCIS36699628ST-4-0,0.0,0.0,0.021159999999999998,0.0,0.0,0.0,0.0,0.0,0.0111,0.0,12.82259,1.35314,3.39817,0.0,0.68379,0.0,0.28316,0.0,0.0,0.0,0.0101,0.0,0.00058,0.00878,1.39043,0.02157,0.00221,1.65413,0.58674,0.00225,0.00265,0.0,19.55836,27.317790000000002,0.015819999999999997,0.0,0.1022,14.11056,1.2882200000000001,0.0,0.043340000000000004,0.0,0.0,0.0,0.02891,0.0,0.0,0.04608,0.0,0.20001,0.0,0.0,0.0,0.0,15.035210000000001,0.00103,0.0,0.0,0.0,0.0,0.0,0.0,0.0,0.0,0.0
CCIS36797902ST-4-0,34.36479,0.0,0.015969999999999998,0.0,0.0,0.0,0.0,0.0,0.0,0.00927,8.577250000000001,2.13801,8.57497,0.0,12.159120000000001,1.3209799999999998,4.75684,0.0,0.0,0.010490000000000001,0.00972,0.0,0.0,0.0034200000000000003,0.0,0.24711,0.0,0.07228000000000001,0.42879999999999996,0.09183,0.03025,0.012980000000000002,1.35876,6.142659999999999,0.5280100000000001,0.0,0.07677999999999999,3.4870099999999997,2.68724,0.0,0.00722,0.0,0.0,0.0,0.0,0.0,0.0,0.01143,0.0,0.35363,0.0,0.0,0.0,0.0,1.9720499999999999,0.00974,0.0,0.0,0.0,0.0,0.0,10.54143,0.0,0.0,0.0
CCIS37250421ST-4-0,0.0,0.0,0.0,0.0,0.0,0.0,0.0,0.0,0.01137,0.0,0.00891,0.2762,10.72495,0.34275,6.508789999999999,0.0,2.75554,0.0,0.0,0.0,0.0,0.0,0.0,0.0,0.08837,0.0008,0.0,0.44110999999999995,0.62865,0.0,0.0,0.01423,31.04122,10.14919,0.46497,0.0,0.01314,30.57607,0.04734999999999999,0.0,2.2761099999999996,0.0,0.0,0.0,0.00442,0.00396,0.0,0.1445,0.0,1.06143,0.0,0.0,0.0,0.0,2.03544,0.04718,0.0,0.32559,0.0,0.0,0.0,0.0,0.0,0.00349,0.00426
CCIS38765456ST-20-0,11.39066,0.0,0.010060000000000001,0.0,0.0,0.0,0.0,0.0,0.00639,0.0,0.37498,1.4225600000000003,10.51882,0.03929,5.22581,0.19262,3.38794,0.022690000000000002,0.0,0.0,1.34934,0.0,0.0,0.05697000000000001,0.00685,0.0,0.0,0.75794,0.6863499999999999,0.07304999999999999,0.2114,0.026889999999999997,4.695480000000001,29.835359999999994,0.08216,0.0,0.79234,24.16588,1.32141,0.8663200000000001,0.14075000000000001,0.12410999999999998,0.0,0.0,0.01029,0.0,0.0019,0.02051,0.0,0.23391,0.0,0.0,0.0,0.0,1.88569,0.004030000000000001,0.0,0.0,0.0,0.0,0.0,0.05923,0.0,0.0,0.0
CCIS40244499ST-3-0,0.0,0.0,0.0,0.0,0.0,0.0,0.0,0.0,0.01063,0.0,0.0,0.0278,26.73837,0.0,1.42326,21.54055,0.03638,0.00317,0.0,0.0,0.16294999999999998,0.0,0.0,0.031030000000000002,0.0,0.31316,0.0,2.3518899999999996,1.7347600000000003,0.0,0.09614,0.00132,3.14975,15.864059999999998,0.0014,0.0,0.35141,5.31856,0.40424000000000004,3.6496,0.11108,15.147479999999998,0.0,0.0,0.0,0.0,0.0,0.06693,0.0,0.13574,0.0,0.0,0.0,0.0,0.01094,1.31739,0.0,0.0,0.0,0.0,0.0,0.0,0.0,0.0,0.0
CCIS41288781ST-4-0,0.0,0.0,0.02582,0.0,0.0,0.0,0.0,0.0,0.0,0.00044,25.38703,1.36761,21.82104,0.0,2.5056299999999996,0.0,4.47845,0.0,0.0,0.0,0.0032700000000000003,0.0,0.0,0.00182,0.0,0.9869499999999999,0.0,0.36437,7.55805,0.007679999999999999,0.0,2.8701899999999996,0.18386,8.986329999999999,2.68902,0.0,0.0688,8.68283,1.8935399999999998,0.0,0.07941000000000001,0.0,0.0,0.0,0.03179,0.0,0.0,0.029560000000000003,0.0,0.87333,0.0,0.0,0.0,0.0,9.00975,0.0,0.0,0.0,0.0,0.0,0.0,0.06594,0.0,0.027469999999999998,0.0
CCIS41548810ST-4-0,0.34759,0.0,0.0,0.0,0.0,0.0,0.0,0.0,0.0,0.0,5.361160000000001,0.043750000000000004,25.87278,2.01273,4.65606,1.4525099999999997,7.65061,0.0,0.0,0.0,0.0,0.0,0.0,0.0,0.0,0.0,0.0,0.0,0.09129000000000001,0.0,0.0,0.05942,12.07521,4.41065,0.31014,0.0,0.0,30.788120000000003,0.0634,0.0,0.98207,0.0,0.0,0.0,0.07232999999999999,0.0,0.0,1.86914,0.0,0.5494600000000001,0.0,0.0,0.0,0.0,0.27964,0.04502,0.0,0.0,0.0,0.0,0.0,0.9179799999999999,0.01056,0.07837999999999999,0.0
CCIS41692898ST-4-0,0.0,0.0,0.0017699999999999999,0.0,0.0,0.0,0.0,0.0,0.0,0.00015,14.4629,0.8948,12.38348,0.16923,3.7572900000000002,0.0,6.300750000000001,0.0,0.0,0.0,0.03418,0.0,0.00379,0.01817,0.00436,0.00195,0.0,0.70869,0.25017,0.0035199999999999997,0.0015,0.0,16.04838,21.615299999999998,0.03248,0.0,0.03029,21.561809999999998,0.04451,0.0,0.6487799999999999,0.0,0.0,0.0,0.183,0.0,0.0,0.18735,0.0,0.26342,0.0,0.0,0.0,0.0,0.33232,0.05565,0.0,0.0,0.0,0.0,0.0,0.0,0.0,0.0,0.0
CCIS41806458ST-4-0,6.3407599999999995,0.0,0.0028699999999999997,0.0,0.0,0.0,0.0,0.0,0.0,0.0,0.43429999999999996,0.20187999999999998,2.46268,0.009909999999999999,0.86109,0.0,0.34103,0.0,0.0,0.0,0.0132,0.0,0.0,0.006670000000000001,0.0,58.92707999999999,0.0,0.4129099999999999,0.6614300000000001,0.00804,0.01736,0.00598,3.4776099999999994,21.212410000000002,0.00243,0.0,0.01565,2.79292,0.24933,0.01807,0.09327,0.0,0.0,0.0,0.0,0.0,0.00045999999999999996,0.01796,0.0,0.04745,0.0,0.0,0.0,0.0,0.31069,0.0157,0.0,0.0,0.0,0.0,0.0,1.03885,0.0,0.0,0.0
CCIS44093303ST-4-0,0.0,0.0,0.0,0.0,0.0,0.0,0.0,0.0,0.015220000000000001,0.0,0.015090000000000001,1.4472500000000001,30.245780000000003,0.0,12.779639999999999,0.020380000000000002,4.17246,0.0,0.0,0.0,0.01833,0.0,0.0,0.01242,0.0,0.0,0.009689999999999999,0.55546,16.23025,0.01294,0.0,0.6124,0.01117,23.68527,0.27234,0.0,0.0,2.6072300000000004,6.4834000000000005,0.02561,0.01862,0.0,0.0,0.0,0.0,0.0,0.0,0.0,0.0,0.11334,0.0,0.0,0.0,0.0,0.63281,0.0,0.0,0.0,0.0,0.0,0.0,0.0029,0.0,0.0,0.0
CCIS44676181ST-4-0,0.0,0.0,0.00715,0.0,0.0,0.0,0.0,0.0,0.0,0.0,2.38098,0.7594200000000001,4.2960899999999995,0.0,0.60499,0.0,0.41041,0.0,0.0,0.0,0.06246,0.0,0.0,0.026439999999999998,0.0,0.03072,0.00296,4.773499999999999,1.1114899999999999,0.03224,0.0,0.01812,22.5057,14.505400000000002,0.24884,0.0,0.06565,43.37619,0.0635,0.0,2.76487,0.0,0.0,0.0,0.0,0.0,0.0,0.0,0.0,0.20590999999999998,0.0,0.0,0.0,0.0,0.07762,0.0,0.0,0.0,0.0,0.0,0.0,1.66937,0.0,0.0,0.0
CCIS44743950ST-4-0,0.12043,0.0,0.0145,0.0,0.0,0.0,0.0,0.0,0.015420000000000001,0.0,0.22057,1.14574,25.92845,0.0,2.99546,0.01281,0.51999,0.0,0.0,0.0,0.00099,0.0,0.0,0.0101,0.00807,0.0402,0.0,2.0898599999999994,2.18008,0.02503,0.0,0.02522,4.79898,32.35133,0.04736,0.0,0.0,24.580029999999997,0.13666,0.0021,0.47337999999999997,0.0,0.0,0.0,0.10443,0.0,0.0,0.06356,0.0,0.16247999999999999,0.0,0.0,0.0,0.0,1.7553900000000002,0.10689000000000001,0.0,0.0,0.0,0.0,0.0,0.06452000000000001,0.0,0.0,0.0
CCIS45571137ST-3-0,0.8024600000000001,0.0,0.0,0.0,0.0,0.0,0.0,0.0,0.0,0.0,0.09016,0.03393,16.636470000000003,0.08388,7.0322700000000005,0.6600599999999999,0.9345100000000001,0.0,0.0,0.0,0.01563,0.0,0.0,0.0,0.0,0.03797,0.0,0.01932,0.040260000000000004,0.0,0.0,0.0,19.928520000000002,33.51952000000001,0.01008,0.0,0.24958000000000002,17.15788,0.2097,2.30021,0.0,0.0,0.0,0.0,0.0,0.0,0.0,0.013890000000000001,0.0,0.0,0.0,0.0,0.0,0.0,0.056470000000000006,0.0,0.0,0.0,0.0,0.0,0.0,0.0,0.0,0.16721,0.0
CCIS46047672ST-4-0,0.56367,0.0,0.0,0.0,0.0,0.0,0.0,0.0,0.0,0.0,0.0345,0.65716,22.828969999999998,0.0,6.8349899999999995,0.00825,7.44604,0.0,0.0,0.0,0.02395,0.0,0.0,0.0,0.12049000000000001,0.00642,0.01121,5.019190000000001,1.59099,0.06261,0.00854,0.14131,10.199879999999999,5.53274,0.56013,0.0,0.6504,29.887410000000003,2.32714,0.0,0.0,0.0,0.0,0.0,0.0,0.0,0.0,0.0,0.0,0.0,0.0,0.0,0.0,0.0,4.709230000000001,0.0,0.0,0.0,0.0,0.0,0.0,0.77474,0.0,0.0,0.0
CCIS46467422ST-4-0,0.0,0.0,0.0,0.0,0.0,0.0,0.0,0.0,0.0,0.0,4.09111,0.37293000000000004,85.98994,0.0,0.0,0.0,0.0,0.0,0.0,0.0,0.0,0.0,0.0,0.0,0.0,0.0,0.0,0.10400000000000001,0.0,0.0,0.0,0.0,4.04998,2.37829,0.0,0.0,0.0,1.47609,0.0,0.0,1.26844,0.0,0.0,0.0,0.0,0.0,0.0,0.07691,0.0,0.0,0.0,0.0,0.0,0.0,0.18270999999999998,0.0096,0.0,0.0,0.0,0.0,0.0,0.0,0.0,0.0,0.0
CCIS47284573ST-4-0,7.63435,0.0,0.0,0.0,0.0,0.0,0.0,0.0,0.0035600000000000002,0.0,6.295259999999999,0.13126,21.924090000000003,1.11532,4.1366700000000005,0.0,4.5440700000000005,0.0,0.0,0.0,0.0,0.0,0.0,0.0,0.24228000000000002,0.0,0.0,0.45505999999999996,0.058719999999999994,0.00687,0.00924,0.020749999999999998,10.89735,14.817419999999998,0.08574,0.0,0.35518000000000005,18.035230000000002,0.039189999999999996,0.0,7.736390000000001,0.0,0.0,0.0,0.01725,0.0,0.0,0.04188,0.0,0.17908,0.0,0.0,0.0,0.0,0.33141,0.0,0.0,0.0,0.0,0.0,0.0,0.8864,0.0,0.0,0.0
CCIS48174381ST-4-0,0.07534,0.0,0.0,0.0,0.0,0.0,0.0,0.0,0.25838,0.0,0.24816,2.21081,16.667299999999997,0.0,6.01712,0.60825,1.1314600000000001,0.0,0.0,0.0,0.0,0.0,0.0,0.0,0.0,0.0194,0.0,9.79651,0.41229,0.0,0.0,0.01404,6.990200000000001,27.290889999999994,0.24097,0.0,0.0,16.29792,5.997960000000001,2.29371,0.07111999999999999,0.0,0.0,0.0,0.0,0.0,0.0,0.41329,0.0,0.15264999999999998,0.0,0.0,0.0,0.0,1.9154900000000001,0.0,0.0,0.0,0.0,0.0,0.0,0.8767799999999999,0.0,0.0,0.0
CCIS48507077ST-4-0,0.05801,0.0,0.0,0.0,0.0,0.0,0.0,0.0,0.0,0.0,0.12972,0.55255,40.205439999999996,0.06088,8.78147,0.0,2.68044,0.02061,0.0,0.0,0.01302,0.0,0.0,0.00598,0.0,0.03622,0.0,1.5507799999999998,1.2573800000000002,0.0,0.00033999999999999997,0.01035,1.5516,28.335980000000006,0.80845,0.0,0.08353,7.28507,0.35392999999999997,3.99908,0.00298,0.013999999999999999,0.0,0.0,0.0367,0.0,0.0,0.69458,0.0,0.18668,0.0,0.0,0.0,0.0,1.0605499999999999,0.03362,0.0,0.0,0.0,0.0,0.0,0.19008,0.0,0.0,0.0
CCIS48579360ST-4-0,3.1590599999999998,0.0,0.0,0.0,0.0,0.0,0.0,0.0,0.0,0.0,0.03912,0.26291,5.69567,0.0,0.98487,29.99932,0.07823999999999999,0.0,0.0,0.0,0.0,0.0,0.0,0.0,0.0,0.01077,0.0,0.27575000000000005,0.0016300000000000002,0.01564,0.0,1.7569299999999999,13.93518,26.97637,0.01969,0.0,0.61341,9.500890000000002,5.9295300000000015,0.0,0.20900000000000002,0.0,0.0,0.0,0.0038299999999999996,0.0,0.00427,0.12132,0.0,0.02331,0.0,0.0,0.0,0.0,0.06555,0.0028,0.0,0.0,0.0,0.0,0.0,0.31487,0.0,0.0,0.0
CCIS48725289ST-4-0,0.0,0.0,0.0,0.0,0.0,0.0,0.0,0.0,0.0018100000000000002,0.0,0.38051,0.53415,16.94355,0.14155,2.2850000000000006,0.0,0.21944999999999998,0.0,0.0,0.0,0.07206,0.0,0.0,0.02939,0.0011,0.013640000000000001,0.0,0.85503,1.58195,0.0151,0.0039,2.31363,26.36694,22.97207,0.025490000000000002,0.0,0.66002,16.954810000000002,0.043,0.0,4.56353,0.0,0.0,0.0,0.04465,0.0,0.0,0.09844,0.0,0.02554,0.0,0.0,0.0,0.0,0.0173,2.71228,0.0,0.0,0.0,0.0,0.0,0.12409,0.0,0.0,0.0
CCIS50003399ST-4-0,0.0,0.0,0.00229,0.0,0.0,0.0,0.0,0.0,0.00424,0.0,9.46638,0.26578999999999997,14.42472,0.06337000000000001,1.55625,0.0,0.00176,0.0,0.0,0.0,0.00302,0.0,0.0,0.0062,0.0,0.06151,0.0,2.3463600000000002,0.0031699999999999996,0.0022600000000000003,0.00198,0.09805,18.382589999999997,12.790299999999998,0.09461,0.0,0.75508,38.813719999999996,0.07199,0.0,0.5682699999999999,0.0,0.0,0.0,0.09293,0.0,0.0,0.055920000000000004,0.0,0.0,0.0,0.0,0.0,0.0,0.0023899999999999998,0.04698,0.0,0.0,0.0,0.0,0.0,0.01789,0.0,0.0,0.0
CCIS50148151ST-4-0,0.0,0.0,0.02851,0.0,0.0,0.0,0.0,0.0,0.03344,0.0,0.0,0.68467,24.186529999999998,0.0,9.72944,0.3276,5.756919999999999,0.0,0.0,0.0,0.0,0.0,0.0,0.02018,0.0,0.01674,0.0,3.8359600000000005,2.6171800000000003,0.00176,0.00049,0.12788,0.03694,21.43752,0.4681,0.0,0.21227000000000001,18.771169999999998,0.3322,0.0,11.14083,0.0,0.0,0.0,0.0,0.0,0.0,0.0,0.04432,0.0,0.0,0.0,0.0,0.0,0.05067,0.08517000000000001,0.0,0.0,0.0,0.0,0.053489999999999996,0.0,0.0,0.0,0.0
CCIS50369211ST-20-0,0.0,0.0,0.0,0.0,0.0,0.0,0.0,0.0,0.0,0.0,0.0,26.93674,0.058499999999999996,0.0,0.0,0.0,0.0,0.0,0.0,0.0,0.0,0.0,0.0,0.01881,0.0,0.0,0.0,3.8284400000000005,0.02171,0.0,0.02947,0.0,1.79889,49.58468999999999,0.0,0.0,0.0,11.1646,6.24012,0.0,0.05377,0.0,0.0,0.0,0.0,0.0,0.0,0.0,0.0,0.0,0.0,0.0,0.0,0.0,0.26428,0.0,0.0,0.0,0.0,0.0,0.0,0.0,0.0,0.0,0.0
CCIS50471204ST-4-0,2.32554,0.0,0.00344,0.0,0.0,0.0,0.0,0.0,0.0,0.0,0.01183,1.20959,12.417739999999998,0.13829,2.35678,0.0,3.7713900000000002,0.00049,0.0,0.0,0.007689999999999999,0.0,0.0,0.0157,0.00435,0.18512,0.0393,4.136550000000001,1.14387,0.00653,0.00212,0.08199,22.628989999999998,21.08654,0.61017,0.0,0.2362,23.58821,2.6102599999999994,0.0,0.00079,0.0,0.0,0.0,0.16938,0.0,0.0,0.05012,0.0,0.41363999999999995,0.0,0.0,0.0,0.0,0.22071,0.0,0.0,0.0,0.0,0.0,0.0,0.52669,0.0,0.0,0.0
CCIS51595129ST-4-0,1.28275,0.0,0.0,0.0,0.0,0.0,0.0,0.0,0.0,0.0,0.81424,0.13216,16.40075,0.11755,2.09962,0.00155,0.81954,0.0,0.0,0.0,0.0,0.0,0.0,0.0,1.63317,0.028339999999999997,0.00545,1.26128,7.86476,0.0,0.0,0.0,7.96557,25.27194,0.04471,0.0,0.17121,30.21416,2.0146499999999996,1.39867,0.05838,0.0,0.0,0.0,0.00555,0.0,0.0,0.11002999999999999,0.0,0.07782,0.0,0.0,0.0,0.0,0.06080000000000001,0.14127,0.0,0.0,0.0,0.0,0.0,0.0041,0.0,0.0,0.0
CCIS52370277ST-4-0,0.14223,0.0,0.00329,0.0,0.0,0.0,0.0,0.0,0.00499,0.0,2.73975,0.30923999999999996,20.2074,0.11417000000000001,9.59825,0.00561,7.5906,0.0,0.0,0.0,0.0,0.0,0.0,0.0,0.014610000000000001,0.10107000000000001,0.00147,1.019,3.13296,0.00765,0.41451000000000005,0.28796999999999995,11.0269,16.64906,0.57113,0.0,0.12766,16.85502,0.44968,1.5657699999999999,1.47881,0.0,0.0,0.0,0.07274,0.0,0.0,0.22105999999999998,0.01202,0.57961,0.0,0.0,0.0,0.0,2.54261,0.03095,0.0,0.0,0.0,0.0,0.0,2.12226,0.0,0.0,0.0
CCIS53043478ST-4-0,4.78599,0.0,0.0,0.0,0.0,0.0,0.0,0.0,0.0,0.0,2.52412,1.0792700000000002,21.5814,1.91946,10.36617,3.2573099999999995,7.728689999999999,0.0,0.0,0.0,0.40531,0.0,0.0,0.27421,0.0,0.00155,0.0,0.14356,0.00943,0.00476,1.91801,0.0,8.92931,14.801889999999997,0.00392,0.0,2.64588,11.09795,4.82506,0.31158,0.3925,0.34421,0.0,0.0,0.0,0.0,0.0,0.0425,0.0,0.31779999999999997,0.0,0.0,0.0,0.0,0.27707000000000004,0.01107,0.0,0.0,0.0,0.0,0.0,0.0,0.0,0.0,0.0
CCIS53355328ST-4-0,11.99808,0.0,0.0,0.0,0.0,0.0,0.0,0.0,0.0,0.0,4.40765,0.5171100000000001,12.149629999999998,0.43558,11.851620000000002,0.0,6.31608,0.0,0.0,0.0,0.0,0.0,0.0,0.05695,0.0,0.16784999999999997,0.0,1.4221400000000002,0.47402,0.08383,0.93767,0.10372,5.5108299999999995,13.531619999999998,0.0,0.0,0.46265,22.146839999999994,0.43003,0.0,0.00897,0.13280999999999998,0.0,0.0,0.00902,0.0,0.03766,0.08596000000000001,0.0,0.12268,0.0,0.0,0.0,0.0,0.06078,0.0,0.0,0.0,0.0,0.0,0.0,6.53822,0.0,0.0,0.0
CCIS53557295ST-4-0,0.03358,0.0,0.0,0.0,0.0,0.0,0.0,0.0,0.0,0.0,14.45982,0.96314,19.243319999999997,0.11515,3.8505000000000003,0.0,0.6089,0.0,0.0,0.0,0.0,0.0,0.0,0.00434,0.0,0.04651,0.0028399999999999996,0.34316,0.43972999999999995,0.0,0.00049,0.007039999999999999,28.01849,16.743380000000002,0.1278,0.0,0.09162999999999999,11.405479999999999,0.46251000000000003,0.55127,0.00763,0.0,0.0,0.0,0.0,0.0,0.0,0.13929000000000002,0.0,0.164,0.0,0.0,0.0,0.0,0.59716,0.0,0.0,0.0,0.0,0.0,0.0,1.57287,0.0,0.0,0.0
CCIS54027808ST-4-0,0.08576,0.0,0.03682,0.0,0.0,0.0,0.0,0.0,0.13002,0.0032700000000000003,0.9300799999999999,2.02894,4.23387,0.00507,0.43892000000000003,14.016570000000002,1.6197499999999998,0.0,0.0,0.0,0.05219,0.0,0.0,0.04572999999999999,0.62299,0.33218000000000003,0.0,27.754360000000002,0.02887,0.004379999999999999,0.0,0.0,13.05566,13.09872,0.07400000000000001,0.0,0.17007000000000003,12.327009999999998,7.20334,1.214,0.08988,0.0,0.0,0.0,0.0,0.0,0.0,0.00295,0.0,0.0,0.0,0.0,0.0,0.0,0.20794,0.1866,0.0,0.0,0.0,0.0,0.0,0.0,0.0,0.0,0.0
CCIS55230578ST-4-0,6.4314,0.0,0.00025,0.0,0.0,0.0,0.0,0.0,0.0084,0.0,0.57355,1.57147,9.83099,0.0357,3.67342,2.0121,5.10881,0.01838,0.0,0.0,0.04852,0.0,0.0,0.00402,3.32067,0.0,0.043590000000000004,2.2289499999999998,0.49112,0.0,0.01565,0.0,8.64383,13.673560000000004,0.14338,0.0,0.05695000000000001,34.648379999999996,0.02609,0.33729,2.8854499999999996,0.0,0.0,0.0,0.0,0.0,0.0,0.12725,0.0,0.28874000000000005,0.0,0.0,0.0,0.0,3.70781,0.03356,0.0,0.0,0.0,0.0,0.0,0.01066,0.0,0.0,0.0
CCIS55531770ST-4-0,0.0,0.0,0.0,0.0,0.0,0.0,0.0,0.0,0.0,0.0,0.42117,0.19826000000000002,23.012300000000003,0.0,3.76551,0.0387,2.87054,0.0,0.0,0.0,0.00098,0.0,0.0,0.0,0.0,0.0,0.0,0.51334,0.37434,0.0,0.0,0.026510000000000002,18.516530000000003,20.542500000000004,0.07528,0.0,0.06204,28.54084,0.09045,0.38611,0.08195,0.0,0.0,0.0,0.0,0.0,0.0,0.0,0.0,0.0,0.029830000000000002,0.0,0.0,0.0,0.0,0.0,0.0,0.0,0.0,0.0,0.0,0.4528,0.0,0.0,0.0
CCIS58234805ST-4-0,0.68035,0.0,0.09614,0.0,0.0,0.0,0.0,0.0,0.0,0.0,0.24833,0.63906,11.91891,0.0,0.9720399999999999,1.49264,0.16899,0.0,0.0,0.0,1.35354,0.0,0.0,0.14626,0.00965,0.0,0.0,1.8094700000000001,5.264830000000001,0.009940000000000001,33.35183,0.0,7.78709,7.3618500000000004,0.049339999999999995,0.0,3.99956,5.172689999999999,3.7884700000000002,0.67555,0.8625100000000001,7.349959999999999,0.00155,0.0,0.0,0.0,0.0,0.01674,0.0,0.21715,0.0,0.0,0.0,0.0,0.46975,0.06712,0.0,0.01695,0.0,0.0,0.0,4.00169,0.0,0.0,0.0
CCIS59132091ST-4-0,5.33614,0.0,0.015330000000000002,0.0,0.0,0.0,0.0,0.0,0.01811,0.0,2.8378900000000002,1.2418500000000001,0.43910999999999994,0.00047000000000000004,0.07998,0.01911,0.02583,0.00918,0.0,0.0,0.012270000000000001,0.0,0.0,0.01602,2.64945,0.22934000000000002,0.0,1.2239799999999998,22.95908,0.03182,0.011770000000000001,0.0,11.128910000000001,35.371599999999994,0.01093,0.0,0.15376,14.767980000000001,0.10013999999999998,0.0,0.01268,0.0,0.0,0.0,0.0,0.0,0.0,0.0,0.0,0.029669999999999995,0.0,0.0,0.0,0.0,0.12803,0.0,0.0,0.0,0.0,0.0,0.0,1.1395899999999999,0.0,0.0,0.0
CCIS59903910ST-4-0,0.0,0.0,0.0,0.0,0.0,0.0,0.0,0.0,0.08692000000000001,0.0,1.10091,0.14090999999999998,16.22673,0.0,0.57127,0.00125,0.37505,0.0,0.0,0.0,0.17278,0.0,0.0,0.06139,0.010620000000000001,0.0053100000000000005,0.057080000000000006,7.6828199999999995,4.69133,0.00195,0.07367,0.012580000000000001,17.82034,36.160270000000004,0.24774000000000002,0.0,1.0143499999999999,5.00754,0.38877999999999996,0.18864000000000003,3.7682300000000004,0.01125,0.0,0.0,0.0,0.0,0.0,0.0,0.0023899999999999998,0.12722,0.004529999999999999,0.0,0.0,0.0,1.03522,2.9509499999999997,0.0,0.0,0.0,0.0,0.0,0.0,0.0,0.0,0.0
CCIS61287323ST-4-0,0.13594,0.0,0.0137,0.0,0.0,0.0,0.0,0.0,0.0,0.0,0.010709999999999999,1.06765,8.018769999999998,0.0237,3.02879,11.661800000000001,0.25168,0.0009699999999999999,0.0,0.0,0.031939999999999996,0.0,0.0,0.18074,9.3386,0.0034300000000000003,0.0,0.61374,2.34008,0.01814,0.00744,0.00282,14.40192,12.354649999999998,0.16501,0.0,0.47209,6.9383099999999995,2.08041,4.03848,0.26539999999999997,0.73051,0.01697,0.0,0.01183,0.0,0.0017399999999999998,0.3112,0.0,0.21345999999999998,0.0077599999999999995,0.0,0.0,0.0,21.19141,0.0,0.0,0.0,0.0,0.0,0.0,0.0482,0.0,0.0,0.0
CCIS62605362ST-3-0,3.2886800000000003,0.0,0.0,0.0,0.0,0.0,0.0,0.0,0.0,0.0,0.22441,0.54012,28.61166,0.47368000000000005,4.33265,0.0,3.6281,0.0,0.0,0.0,0.008790000000000001,0.00053,0.0,0.00107,0.49751,0.03557,0.00216,0.39617,2.9117100000000002,0.00288,0.04231,0.00405,17.69773,9.85401,0.0516,0.0,0.19046000000000002,22.28091,1.57638,0.0,0.9791900000000001,0.00366,0.0,0.0,0.00106,0.0,0.0054,0.030510000000000002,0.0,0.19815,0.0,0.0,0.0,0.0,1.9472500000000001,0.18167,0.0,0.0,0.0,0.0,0.0,0.0,0.0,0.0,0.0
CCIS62794166ST-4-0,3.9748099999999997,0.0,0.01195,0.0,0.0,0.0,0.0,0.0,0.0,0.02535,0.33487,0.68926,37.43249,0.0,5.5218799999999995,1.6250600000000002,5.5501499999999995,0.0,0.0,0.0,0.00672,0.0,0.0,0.0,0.0,2.00091,0.0,1.84279,1.04126,0.00318,0.0,0.0162,3.0391599999999994,8.993729999999998,0.11719,0.0,0.02166,15.20421,3.51922,0.0,0.0,0.0,0.0,0.0,0.0,0.0,0.0,0.0,0.0,0.66896,0.0,0.0,0.0,0.0,6.16141,0.0,0.0,0.0,0.0,0.0,0.0,2.1975700000000002,0.0,0.0,0.0
CCIS63468405ST-4-0,0.00719,0.0,0.0030600000000000002,0.0,0.0,0.0,0.0,0.0,0.00974,0.0,1.43061,0.44764,7.538570000000001,0.05362000000000001,7.1391,10.269219999999999,3.4686099999999995,0.012899999999999998,0.0,0.0,0.005520000000000001,0.0,0.0,0.0036200000000000004,4.02421,0.0304,0.0,0.19795000000000001,0.87008,0.00227,0.006019999999999999,0.0041199999999999995,5.6936100000000005,29.26024,0.19139,0.0,1.29552,6.75121,1.38893,2.5726,0.01003,0.0,0.0,0.0,0.00064,0.0,0.0,0.06795999999999999,0.0,0.047189999999999996,0.0,0.0,0.0,0.0,13.798250000000001,0.01926,0.0,0.0,0.0,0.0,0.00987,3.3688599999999997,0.0,0.0,0.0
CCIS63910149ST-4-0,0.0,0.0,0.0,0.0,0.0,0.0,0.0,0.0,0.0,0.0,1.75513,0.98088,8.55323,0.15155,3.7939200000000004,0.0,1.3615000000000002,0.0,0.0,0.0,0.0022600000000000003,0.0,0.0,0.0035,0.0053100000000000005,0.0,0.0,5.798290000000001,0.0,0.0,0.00515,0.0,14.341599999999998,25.86305000000001,0.05987000000000001,0.0,0.34826999999999997,35.65971,0.15005,0.0,0.0,0.0,0.0,0.0,0.0,0.0,0.0,0.22821,0.0,0.0,0.0,0.0,0.0,0.0,0.0,0.03163,0.0,0.0,0.01677,0.0,0.0,0.89008,0.0,0.0,0.0
CCIS64773582ST-4-0,1.9908800000000002,0.0,0.00907,0.0,0.0,0.0,0.0,0.0,0.00569,0.0,0.21949,0.29814,38.94152999999999,0.13175,1.32452,0.00023,6.37163,0.0,0.0,0.0,0.01086,0.0,0.0,0.0,0.47612999999999994,0.01842,0.00159,0.42406,5.7748099999999996,0.00162,0.00037999999999999997,0.25553000000000003,13.4519,9.32959,0.32353,0.0,0.32606999999999997,15.54132,0.4629,1.21375,0.17069,0.0,0.0,0.0,0.0,0.0,0.0,1.62076,0.0,0.15335,0.0,0.0,0.0,0.0,0.83934,0.15841,0.0,0.13852,0.0,0.0,0.0,0.01355,0.0,0.0,0.0
CCIS64785924ST-20-0,1.28541,0.0,0.0,0.0,0.0,0.0,0.0,0.0,0.0,0.0,14.05594,0.77368,7.39153,0.0627,0.55228,0.64528,0.32144,0.0,0.0,0.0,0.0,0.0,0.0,0.0,0.0,0.0,0.19458,5.265389999999999,0.33529000000000003,0.0,0.0,10.72096,11.14013,7.382689999999998,0.06105,0.0,0.65551,30.70873,0.91545,0.0,0.13663999999999998,0.0,0.0,0.0,0.01281,0.0,0.0,0.07321,0.0,0.0,0.0,0.0,0.0,0.0,0.0,0.0,0.0,0.0,0.0,0.0,0.0,7.309360000000001,0.0,0.0,0.0
CCIS65479369ST-4-0,0.0,0.0,0.0016,0.0,0.0,0.0,0.0,0.0,0.0,0.0,5.39961,1.34071,16.06391,0.0,2.4191000000000003,0.08911000000000001,0.5628299999999999,0.0,0.0,0.0,0.46773000000000003,0.0,0.0,0.8983,0.0,0.0,0.0,1.0544600000000002,0.13208,0.020630000000000003,0.88134,0.07629,0.12037,42.770100000000006,0.11322,0.0,6.855360000000001,3.62587,3.26495,1.68918,0.39173,10.43201,0.02536,0.0,0.0,0.0,0.0,0.03615,0.0,0.54745,0.0,0.0,0.0,0.0,0.60247,0.11807999999999999,0.0,0.0,0.0,0.0,0.0,0.0,0.0,0.0,0.0
CCIS70398272ST-4-0,0.0,0.0,0.0,0.0,0.0,0.20506999999999997,0.0,0.0,0.02702,0.0,1.7251500000000002,0.40626000000000007,25.719730000000002,0.46858999999999995,5.23366,2.45646,2.54596,0.0,0.0,0.0,0.0229,0.0,0.0,0.007859999999999999,4.153849999999999,0.44399,0.16372,1.07773,0.05888,0.0034700000000000004,0.0,0.0,16.55591,15.510320000000002,0.07558,0.0,0.3819,22.52393,0.05963,0.00815,0.01671,0.0,0.0,0.0,0.01581,0.0,0.0,0.0302,0.0,0.055150000000000005,0.0,0.0,0.0,0.0,0.02957,0.016819999999999998,0.0,0.0,0.0,0.0,0.0,0.0,0.0,0.0,0.0
CCIS71301801ST-4-0,0.0,0.0,0.0,0.0,0.0,0.0,0.0,0.0,0.0,0.0,0.17336,0.03911,38.686690000000006,0.06608,6.07299,0.03345,8.54913,0.0,0.0,0.0,0.00498,0.0,0.0,0.0,0.0,0.0,0.0,0.0066,1.9699300000000002,0.00162,0.14958,0.013919999999999998,12.8241,8.04827,0.78281,0.0,0.10085,15.198039999999999,3.32666,2.57905,0.0,0.01975,0.0,0.0,0.01053,0.0,0.0,0.78084,0.0,0.54831,0.00062,0.0,0.0,0.0,0.0,0.0,0.0,0.0,0.0,0.0,0.0,0.01278,0.0,0.0,0.0
CCIS71578391ST-4-0,1.80844,0.0,0.0,0.0,0.0,0.0,0.0,0.0,0.00618,0.02947,1.0894300000000001,1.16911,10.75357,0.28859,4.51384,0.5199900000000001,0.96279,0.0008699999999999999,0.0,0.0,0.00744,0.0,0.0,0.00086,0.00285,0.3969,0.0,1.2431,0.11335,0.02613,0.03635,0.0018899999999999998,17.1348,22.339309999999998,0.3643,0.0,0.6020000000000001,33.14453,1.42166,1.55922,0.007349999999999999,0.0,0.0,0.0,0.057670000000000006,0.0,0.0,0.08678,0.0,0.01854,0.0,0.0,0.0,0.0,0.16882,0.08874,0.0,0.0,0.0,0.0,0.0,0.03461,0.0,0.00045999999999999996,0.0
CCIS72607085ST-4-0,0.0,0.0,0.0,0.0,0.0,0.0,0.0,0.0,0.0,0.0,0.6167699999999999,0.24165,34.676350000000006,0.0,5.19771,0.2241,1.85395,0.0,0.0,0.0,0.0,0.0,0.0,0.0,8.002839999999999,0.0,0.00584,4.62293,1.64655,0.0,0.0,0.0302,0.58607,5.80912,0.9746299999999999,0.0,0.0,0.90133,4.5293,0.0,5.7812600000000005,0.0,0.0,0.0,0.0,0.0,0.0,0.42855,0.0,0.26785,0.0,0.0,0.0,0.0,9.59453,0.0,0.0,0.0,0.0,0.0,0.0,13.61341,0.04066,0.34180999999999995,0.01261
CCIS74239020ST-4-0,0.017689999999999997,0.0,0.0025599999999999998,0.0,0.0,0.0,0.0,0.0,0.00574,0.029450000000000004,1.2618900000000002,1.46823,16.488960000000002,0.00609,1.5428499999999998,0.7550899999999999,0.5478200000000001,0.0,0.0,0.0,0.05542,0.0,0.0,0.02681,0.06123,0.05447,0.21178,1.9918600000000002,4.3516,0.01046,0.0031899999999999997,0.0,7.693180000000001,19.421649999999996,0.01546,0.0,1.4603599999999999,24.194679999999998,16.39477,1.59696,0.00878,0.0,0.0,0.0,0.0,0.0,0.0,0.16652,0.0,0.04873,0.0,0.0,0.0,0.0,0.07158999999999999,0.00361,0.0044,0.01286,0.0,0.0,0.0,0.01323,0.0,0.0,0.0
CCIS74726977ST-3-0,3.13579,0.0,0.00105,0.0,0.0,0.0,0.0,0.0,0.00425,0.0,0.027940000000000003,0.38925,8.9284,0.06051,2.5256999999999996,15.938099999999999,0.53149,0.00635,0.0,0.0,0.03521,0.0,0.0,0.008620000000000001,0.11989,0.0,0.1081,1.8455400000000002,0.41388,0.05422,0.02893,0.02751,9.309259999999998,14.787279999999997,0.38365,0.0,0.11389,26.45016,8.15949,5.156569999999999,0.08567,0.0,0.0,0.0,0.00519,0.0,0.00913,0.39365,0.0,0.67816,0.0,0.0,0.0,0.0,0.24573,0.031439999999999996,0.0,0.0,0.0,0.0,0.0,0.0,0.0,0.0,0.0
CCIS76563044ST-4-0,1.2084,0.0,0.0,0.0,0.0,0.0,0.0,0.0,0.0,0.0,1.16688,2.18118,7.015680000000001,0.12047000000000001,4.25587,9.57237,1.85367,0.0,0.0,0.0,0.03905,0.0,0.0,0.0,0.002,0.03132,0.00016,0.57358,0.00888,0.00112,0.00155,0.00312,4.99222,11.948840000000002,0.15317,0.0,0.12465,17.04117,1.63181,3.3773199999999997,32.47021,0.0,0.0,0.0,0.0,0.0,0.0,0.1612,0.0,0.035160000000000004,0.0,0.0,0.0,0.0,0.02514,0.0,0.0,0.0,0.0,0.0,0.0,0.00381,0.0,0.0,0.0
CCIS76845094ST-20-0,0.00161,0.0,5e-05,0.0,0.0,0.0,0.0,0.0,0.0,0.0,0.00093,0.19277,13.135109999999997,0.0,11.08044,0.43523,0.25861,0.0,0.0,0.0,0.00598,0.0,0.0,0.031760000000000004,0.0,0.15042,0.0,0.35645,1.08512,0.10151,2.1612299999999998,0.017189999999999997,11.959060000000001,17.90126,0.25257,0.0,1.97802,29.987409999999997,0.43854000000000004,1.74565,5.0428,0.16917000000000001,0.0,0.0,0.0,0.0,0.0,0.040619999999999996,0.0,0.16113,0.010320000000000001,0.0,0.0,0.0,1.2880999999999998,0.0,0.0,0.0,0.0,0.0,0.0,0.0017,0.0,0.0,0.00926
CCIS77252613ST-4-0,0.02171,0.0,0.00057,0.0,0.0,0.0,0.0,0.0,0.0012799999999999999,0.0,0.51879,2.51998,8.962349999999999,0.00157,8.206259999999999,16.09915,0.17837999999999998,0.0,0.0,0.0,0.09802000000000001,0.0,0.0,0.0137,0.25134,0.0,0.01735,1.04491,0.16593,0.0,0.0655,0.038060000000000004,7.621969999999999,19.67523,0.61705,0.0,0.13735,13.946570000000001,9.83191,4.827019999999999,3.9417600000000004,0.31974,0.0,0.0,0.01229,0.0,0.0,0.5554199999999999,0.0,0.00277,0.0068200000000000005,0.0,0.0,0.0,0.28497,0.00563,0.0,0.0,0.0,0.0,0.0,0.00857,0.0,0.0,0.0
CCIS78100604ST-4-0,0.0,0.0,0.0,0.0,0.0,0.0,0.0,0.0,0.0,0.0,4.66529,0.4805299999999999,21.45401,0.10552,1.07313,0.0,1.4407799999999997,0.0,0.0,0.0,0.03105,0.00243,0.0,0.0,0.0055899999999999995,0.01426,0.03327,0.9171199999999998,0.13147999999999999,0.0,0.0,0.051250000000000004,7.68541,15.996290000000002,0.39704,0.0,0.15712,39.74396,0.06654,0.0,4.549580000000001,0.0,0.0,0.0,0.36968,0.0,0.0,0.19991,0.0,0.0,0.0,0.0,0.0,0.0,0.42871000000000004,0.0,0.0,0.0,0.0,0.0,0.0,0.0,0.0,0.0,0.0
CCIS78318719ST-4-0,3.7942600000000004,0.0,0.00139,0.0,0.0,0.0,0.0,0.0,0.01365,0.0,1.95058,0.5706,2.58942,0.70003,2.50921,0.19038000000000002,4.68269,0.0,0.0,0.0,0.0,0.0,0.0,0.0,0.05953,0.0,0.04912,0.023039999999999998,0.9864900000000001,0.0022,0.0,0.04214,7.09811,9.98988,1.4573900000000002,0.0,0.09095,52.79488,0.38509,3.11496,1.15544,0.0,0.0,0.0,0.0,0.0,0.0,0.0,0.0,0.18169,0.0,0.0,0.0,0.0,5.15996,0.11937,0.0,0.0,0.0,0.0,0.0,0.0069299999999999995,0.024130000000000002,0.2565,0.0
CCIS79210440ST-3-0,10.13883,0.0,0.0,0.0,0.0,0.0,0.0,0.0,0.0,0.0,0.0,0.0,11.67945,0.0,12.641910000000001,3.3371000000000004,0.9813600000000001,0.0,0.0,0.0,0.0,0.0,0.0,0.0,0.0,0.0,0.0,1.05022,0.33489,0.0,0.01235,0.0,24.83761,9.708329999999998,0.01324,0.0,0.0,13.399250000000002,3.90583,1.7580299999999998,0.09661,0.0,0.0,0.0,0.0,0.0,0.0,0.0,0.0,0.01913,0.0,0.0,0.0,0.0,5.78721,0.0,0.0,0.0,0.0,0.0,0.0,0.29865,0.0,0.0,0.0
CCIS80834637ST-4-0,0.05404,0.0,0.0,0.0,0.0,0.0,0.0,0.0,0.00482,0.0,0.16925999999999997,0.50157,33.96281,0.0,1.9035300000000002,0.0,2.57431,0.0,0.0,0.0,0.09877999999999999,0.02235,0.0,0.01919,0.01409,0.16098,0.02019,2.35255,1.4572599999999998,0.0089,0.029089999999999998,0.024239999999999998,20.59593,13.159410000000001,0.28346,0.0,0.3104,20.78488,0.16928,0.0,0.48611000000000004,0.0,0.0,0.0,0.39011,0.0,0.0,0.14035999999999998,0.0,0.1432,0.0,0.0,0.0,0.0,0.01959,0.04502,0.0,0.0,0.0,0.0,0.0,0.09433,0.0,0.0,0.0
CCIS81139242ST-4-0,0.0,0.0,0.00401,0.0,0.0,0.0,0.0,0.0,0.00144,0.0,3.05152,0.11489,14.07975,0.20104,5.442189999999999,0.0035299999999999997,0.1574,0.0,0.0,0.0,0.03284,0.0,0.00081,0.01762,0.9975299999999999,0.019790000000000002,0.0,0.18289,0.17762,0.02868,0.01641,0.07089,12.651250000000001,15.352800000000002,0.28048,0.0,0.18903,43.04396,3.11924,0.13399,0.42399,0.0,0.0,0.0,0.11685999999999999,0.0,0.0,0.00165,0.0,0.0,0.0,0.0,0.0,0.0,0.00173,0.0,0.0,0.06218,0.02167,0.0,0.0,0.0,0.0,0.00029,0.0
CCIS81710917ST-20-0,17.96421,0.0,0.09165,0.0,0.0,0.14096,0.0,0.0,0.00729,0.0,26.74941,3.70493,2.6889,0.0903,5.208399999999999,0.13371,1.18812,0.0,0.0,0.0,0.0,0.0,0.0,0.00167,0.0067800000000000004,0.0,0.00629,1.35684,0.24347,0.00504,0.02618,0.0027400000000000002,8.981609999999998,5.990410000000001,0.10303,0.0,0.03589,14.02071,3.4870699999999992,1.4540400000000002,1.4599400000000002,0.0,0.0,0.0,0.00072,0.0,0.0,0.00215,0.0,0.12617,0.0,0.0,0.0,0.0,4.440080000000001,0.027239999999999997,0.0,0.01671,0.0,0.0,0.11035,0.12700999999999998,0.0,0.0,0.0
CCIS81887263ST-4-0,5.61908,0.0,0.00394,0.0,0.0,0.0,0.0,0.0,0.00067,0.012,1.24159,0.37116,17.9175,0.09429,4.15074,0.7269200000000001,2.3849,0.0,0.0,0.0,0.24863,0.0,0.0,0.012849999999999999,0.01634,0.06402000000000001,0.0,0.22526,2.47628,0.01254,0.39097,0.00359,5.176819999999999,25.19789,0.056389999999999996,0.0,0.18998000000000004,23.91688,5.099140000000001,0.0,0.004370000000000001,0.0,0.0,0.0,0.09249,0.0,0.0,0.15292999999999998,0.0,0.12136000000000001,0.0,0.0,0.0,0.0,1.2770599999999999,0.05499,0.0,0.0,0.0,0.0,0.0,2.68641,0.0,0.0,0.0
CCIS82507866ST-3-0,1.1574799999999998,0.0,0.0,0.0,0.0,0.0,0.0,0.0,0.0,0.0,0.02084,0.0,31.86512,0.0,4.2834699999999994,0.62622,0.45142000000000004,0.0,0.0,0.0,0.0,0.0,0.0,0.0,0.04885,0.0,0.0,0.40343,0.0,0.0,0.0,0.72427,9.21199,39.47692,0.0,0.0,0.05649,10.38869,1.07752,0.0,0.0,0.0,0.0,0.0,0.02197,0.0,0.0,0.13934,0.0,0.0,0.0,0.0,0.0,0.0,0.02539,0.020569999999999998,0.0,0.0,0.0,0.0,0.0,0.0,0.0,0.0,0.0
CCIS82944710ST-20-0,0.06326999999999999,0.0,0.0,0.0,0.0,0.0,0.0,0.0,0.0,0.0,2.4723100000000002,0.7809400000000001,7.83655,0.03694,1.44475,0.0,1.3390300000000002,0.0,0.0,0.0,0.0,0.0,0.0,0.0,0.096,0.01956,0.19455999999999998,4.91344,0.10705,0.0,0.0,0.0,19.2973,35.88798999999999,0.05583,0.0,0.36202999999999996,22.59836,0.02685,0.19167,2.03008,0.0,0.0,0.0,0.02419,0.0,0.0,0.06205,0.0,0.044969999999999996,0.0,0.0,0.0,0.0,0.0,0.0,0.0,0.0,0.0,0.0,0.0,0.11425999999999999,0.0,0.0,0.0
CCIS83445808ST-4-0,0.00976,0.0,0.0,0.0,0.0,0.0,0.0,0.0,0.0051600000000000005,0.014240000000000001,0.59652,0.69936,2.97141,0.44802,2.4078,5.9065900000000005,6.393910000000001,0.010100000000000001,0.0,0.0,0.0,0.0,0.0,0.0,0.00148,0.20052,0.0,0.47107000000000004,0.70598,0.0,0.0,0.01115,10.124939999999999,21.823950000000004,1.3175,0.0,0.01341,17.40768,0.76145,0.012620000000000001,24.549600000000005,0.0,0.0,0.0,0.0005200000000000001,0.0,0.00278,0.031310000000000004,0.0,1.3104299999999998,0.0,0.0,0.0,0.0,1.6790399999999996,0.0,0.0,0.0,0.0,0.0,0.0,0.059579999999999994,0.00526,0.046860000000000006,0.0
CCIS83870198ST-4-0,0.03827,0.0,0.00292,0.0,0.0,0.0,0.0,0.0,0.0,0.00627,2.61494,0.33307000000000003,21.522160000000003,0.45938,1.34801,0.02647,11.85412,0.0,0.0,0.0,0.0,0.0,0.0007099999999999999,0.0,0.0,0.0,0.0,0.26142,1.3226099999999998,0.0,0.0,0.009749999999999998,6.22171,5.80171,0.36386,0.0,0.0,37.14623,0.056339999999999994,0.00859,5.419479999999999,0.0,0.0,0.0,0.01961,0.0,0.0,0.11009000000000001,0.0,0.8282200000000001,0.0,0.0,0.0,0.0,0.6643399999999998,0.0015199999999999999,0.0,0.01094,0.0,0.0,0.0,2.17849,0.22274000000000002,1.1460899999999998,0.0
CCIS84543192ST-4-0,0.28126,0.0,0.0,0.0,0.0,0.0,0.0,0.0,0.0,0.0,2.8045,2.01517,4.78702,0.21247,6.44597,39.12841,0.34663,0.0,0.0,0.0,0.0,0.0,0.0,0.0,0.0,0.0,0.0,0.55953,0.7580600000000001,0.0,0.0,0.00329,8.247659999999998,10.88873,0.12702,0.0,0.23137000000000002,11.70963,0.49063,0.26828,5.80241,0.0,0.0,0.0,0.0,0.0,0.0,1.03757,0.0,0.2188,0.0,0.0,0.0,0.0,0.44636000000000003,0.0,0.0,0.0,0.0,0.0,0.0,3.18926,0.0,0.0,0.0
CCIS85214191ST-3-0,0.0,0.0,0.0,0.0,0.0,0.0,0.0,0.0,0.0,0.0,0.01295,0.00412,51.920840000000005,0.10329,17.184810000000002,0.0,0.14554,0.0,0.0,0.0,0.0,0.0,0.00396,0.0,0.0,0.0,0.0,0.0066300000000000005,11.12299,0.0,0.0,0.19963999999999998,0.0,5.7631499999999996,0.005679999999999999,0.0,0.02773,7.92685,0.49038,0.10507999999999999,2.48409,0.0,0.0,0.0,0.0,0.0,0.0017100000000000001,0.016659999999999998,0.0,0.044660000000000005,0.0,0.0,0.0,0.0,2.38865,0.04057,0.0,0.0,0.0,0.0,0.0,0.0,0.0,0.0,0.0
CCIS87116798ST-4-0,10.72833,0.0,0.020319999999999998,0.0,0.0,0.0,0.0,0.0,0.00878,0.0,0.15989,0.48552,14.87775,0.21026,5.6125,0.8285799999999999,0.6277900000000001,0.0,0.0,0.0,0.06598,0.0,0.0,0.007890000000000001,0.0,0.09820999999999999,0.14731,4.11419,0.012629999999999999,0.01676,0.0,0.007560000000000001,3.5424300000000004,10.182440000000001,0.10099999999999999,0.0,0.01746,37.008199999999995,6.629549999999999,0.112,2.23235,0.03068,0.00831,0.0,0.0,0.0,0.0,0.06373,0.0,0.48142,0.11985,0.0,0.0,0.0,0.20202,0.43538999999999994,0.0,0.0,0.0,0.0,0.0,0.80294,0.0,0.0,0.0
CCIS87167916ST-4-0,0.14675,0.0,0.0,0.0,0.0,0.0,0.0,0.0,0.01983,0.0,0.35600000000000004,2.51429,0.97504,1.5248700000000002,0.6895100000000001,0.0,21.2698,0.0,0.0,0.0,0.0,0.0,0.0,0.0,0.0,0.0,0.0,0.0,0.34728000000000003,0.0,0.0,0.007260000000000001,2.16254,0.41145999999999994,5.43953,0.0,0.0,13.431339999999999,0.03376,9.790189999999999,0.20811999999999997,0.0,0.0,0.0,0.01305,0.0,0.0,0.01779,0.0,7.707269999999999,0.0,0.0,0.0,0.0,30.40013,0.0,0.0,0.0,0.0,0.0,0.72424,1.8099900000000002,0.0,0.0,0.0
CCIS87252800ST-4-0,0.0,0.0,0.0,0.0,0.0,0.0,0.0,0.0,0.0,0.0,2.70867,0.13877,46.347010000000004,0.52046,7.54809,0.07225,13.82845,0.0,0.0,0.0,0.0,0.0,0.0,0.0,0.03021,0.0,0.0,0.09861,8.22068,0.0,0.0,0.02357,2.7327100000000004,8.168480000000002,2.3771400000000003,0.0,0.029169999999999998,3.5543899999999997,0.39112,0.0,0.0,0.0,0.0,0.0,0.0,0.0,0.0,0.97173,0.0,1.7517199999999997,0.0,0.0,0.0,0.0,0.41368,0.0081,0.0,0.0,0.0,0.0,0.0,0.0,0.007520000000000001,0.05746999999999999,0.0
CCIS90164298ST-4-0,2.32081,0.0,0.0,0.0,0.0,0.00199,0.0,0.0,0.00398,0.0,15.087209999999999,0.7056300000000001,1.23336,0.0,0.79543,8.13339,1.3914199999999999,0.01099,0.0,0.0,0.01655,0.0,0.0,0.0,3.91121,0.8142799999999999,0.0,0.32659,0.04243,0.0021399999999999995,0.0,0.0,13.922789999999999,12.90286,0.028310000000000002,0.0,0.5119100000000001,24.10226,2.2092400000000008,0.6832,9.41278,0.0,0.0,0.0,0.0,0.0,0.01208,0.00313,0.0,0.01293,0.0,0.0,0.0,0.0,0.1309,0.17,0.0,0.0,0.0,0.0,0.0,1.10018,0.0,0.0,0.0
CCIS91228662ST-4-0,0.00593,0.0,0.0,0.0,0.0,0.0,0.0,0.0,0.0036299999999999995,0.0,0.00074,0.15719,34.010090000000005,0.32055,9.66656,5.13785,8.557819999999998,0.0,0.0,0.0,0.07031000000000001,0.0,0.0,0.0038200000000000005,0.0,1.05662,0.0,2.8836399999999993,0.6028,0.0,0.09366999999999999,0.00948,3.2243699999999995,5.5915099999999995,0.21971,0.0,0.0,13.354349999999998,1.8001100000000003,0.018029999999999997,10.515229999999999,0.54064,0.0,0.0,0.0,0.0,0.00471,0.12822,0.0,1.2411,0.0,0.0,0.0,0.0053,0.59147,0.13451,0.0,0.0,0.0,0.0,0.0,0.05001,0.0,0.0,0.0
CCIS93040568ST-20-0,0.0,0.0,0.0,0.0,0.0,0.0,0.0,0.0,0.0,0.0,5.78432,0.45935000000000004,18.18833,0.0,6.93551,3.3253399999999997,0.42369,0.0,0.0,0.0,0.0,0.0,0.0,0.01227,0.12314000000000001,0.02196,0.0,16.9662,4.481329999999999,0.01102,0.00164,0.010459999999999999,0.0,15.15666,0.12916,0.0,0.0,22.089150000000004,3.0575900000000003,0.9649000000000001,1.6336899999999999,0.0,0.0,0.0,0.0,0.0,0.0,0.14643,0.0,0.07787,0.0,0.0,0.0,0.0,0.0,0.0,0.0,0.0,0.0,0.0,0.0,0.0,0.0,0.0,0.0
CCIS94417875ST-3-0,30.542790000000004,0.0,0.0,0.0,0.0,0.0,0.0,0.0,0.0,0.0,1.20449,0.1587,18.001199999999997,0.01184,1.23712,0.0,0.6337999999999999,0.0,0.0,0.0,0.0,0.0,0.0,0.0,0.5099100000000001,0.0,0.0,0.24355,0.0,0.0,0.0,0.0,6.995299999999999,14.97701,0.0,0.0,0.13715,21.58913,1.14691,0.23703000000000002,0.9029200000000001,0.0,0.0,0.0,0.0,0.0,0.0,0.04199,0.0,0.0,0.0,0.0,0.0,0.0,0.03112,0.056220000000000006,0.0,0.0,0.0,0.0,0.0,1.34185,0.0,0.0,0.0
CCIS94496512ST-4-0,0.0,0.0,0.0,0.0,0.0,0.0,0.0,0.0,0.0,0.0,5.8168,3.13328,22.460510000000003,0.0,1.3735199999999999,0.0,0.12489,0.0,0.0,0.0,0.0,0.0,0.0,0.0,0.6159300000000001,0.22692,0.0,1.7824499999999999,0.04285,0.00968,0.00848,0.0,46.377939999999995,9.249519999999997,0.01278,0.0,0.01323,2.51045,0.06839999999999999,0.15621,3.8551300000000004,0.0,0.0,0.0,0.0,0.0,0.0,0.0,0.0,0.22149000000000002,0.0,0.0,0.0,0.0,1.8493099999999998,0.0,0.0,0.0,0.0,0.0,0.0,0.09025,0.0,0.0,0.0
CCIS95097901ST-4-0,0.041639999999999996,0.0,0.02586,0.0,0.0,0.0,0.0,0.0,0.01533,0.0,3.4662399999999995,2.93299,15.331070000000004,0.0,3.31616,1.2815299999999998,0.6927599999999999,0.0,0.0,0.0,0.00294,0.0,0.0,0.0027300000000000002,1.2584799999999998,0.0,0.0,4.777539999999999,0.64475,0.0,0.0,0.02278,1.7045799999999998,20.958370000000006,0.09267,0.0,0.08571000000000001,29.83098,1.1507399999999999,0.0,10.827300000000001,0.0,0.0,0.0,0.07496,0.0,0.0,0.20928000000000002,0.0,0.40257,0.0,0.0,0.0,0.0,0.83549,0.0,0.0,0.0,0.0,0.0,0.0,0.0022,0.0,0.01235,0.0
CCIS95409808ST-4-0,6.59835,0.0,0.07972,0.0,0.0,0.0,0.0,0.0,0.00115,0.00044,3.78552,1.6502900000000003,1.42481,0.01977,0.67805,0.0,0.43431,0.0,0.0,0.0,0.00398,0.0,0.0,0.00199,0.0,0.010820000000000001,0.0037,0.89854,0.38553000000000004,0.01176,0.00362,0.00107,14.481370000000002,38.99408999999999,0.04453,0.0,0.13843,27.34567,1.1753600000000002,0.20203,0.0022199999999999998,0.0,0.0,0.0,0.0,0.0,0.0,0.007379999999999999,0.0,0.04239,0.0,0.0,0.0,0.0,1.57085,0.0,0.0,0.0,0.00234,0.0,0.0,0.0,0.0,0.0,0.0
CCIS96387239ST-4-0,0.0,0.0,0.0,0.0,0.0,0.0,0.0,0.0,0.0,0.0,13.04515,1.62925,4.18805,0.01115,1.0373299999999999,40.68609,1.63691,0.0,0.0,0.0,0.0,0.0,0.0,0.0,0.0,0.0,0.0,0.41183,0.0,0.0,0.0,0.0,6.7669999999999995,7.5446,0.00606,0.0,0.0,15.6614,0.38588,5.31776,1.22206,0.0,0.0,0.0,0.0,0.0,0.0,0.18294000000000002,0.0,0.0,0.0,0.0,0.0,0.0,0.26022,0.00636,0.0,0.0,0.0,0.0,0.0,0.0,0.0,0.0,0.0
CCIS98482370ST-3-0,0.0,0.0,0.0,0.0,0.0,0.0,0.0,0.0,0.0,0.0,0.0,0.04387,29.49369,0.0,1.81482,13.13384,0.27626999999999996,0.0,0.0,0.0,0.0,0.0,0.0,0.01353,0.0,0.0,0.0,0.03245,0.0,0.03909,0.0,0.0,17.27934,22.91413,0.0,0.0,0.14517,12.12313,0.04135,2.44521,0.044410000000000005,0.0,0.0,0.0,0.0,0.0,0.0,0.0,0.0,0.0,0.0,0.0,0.0,0.0,0.0,0.15974000000000002,0.0,0.0,0.0,0.0,0.0,0.0,0.0,0.0,0.0
CCIS98512455ST-4-0,0.17495,0.0,0.07646,0.0,0.0,0.0,0.048589999999999994,0.0,0.00156,0.0,0.0,1.71124,17.936570000000003,0.0,13.081029999999998,2.93648,3.4776599999999998,0.01126,0.0,0.0,0.00476,0.0,0.0,0.28586999999999996,1.1719600000000001,0.0,0.0,3.04813,0.28391999999999995,0.0,0.0,0.0,4.277959999999999,34.983250000000005,0.03821,0.0,0.07076,9.339269999999999,0.30644,2.1539099999999998,0.01726,0.0,0.0,0.0,0.0,0.0,0.0,0.03873,0.0,0.45835000000000004,0.0,0.0,0.0,0.0,4.06548,0.0,0.0,0.0,0.0,0.0,0.0,0.0,0.0,0.0,0.0
CCIS98832363ST-4-0,0.08996000000000001,0.0,0.008069999999999999,0.0,0.0,0.0,0.0,0.0,0.0,0.0,3.2000800000000003,2.6978,10.091560000000001,0.21313000000000001,3.7773899999999996,15.990260000000001,3.20709,0.0,0.0,0.0,0.0,0.0051,0.0,0.00173,0.0,0.05339,0.00621,0.03269,2.10642,0.0097,0.00033999999999999997,0.01408,10.697999999999999,15.072099999999999,0.05027,0.0,0.17387,21.191050000000004,0.03874,0.0,0.00457,0.0,0.00109,0.0,0.0003,0.0,0.0,0.52783,0.0,0.18384,0.0,0.0,0.0,0.0,0.020569999999999998,0.0,0.0,0.0,0.0,0.0,0.0,10.53277,0.0,0.0,0.0
