SampleID,k__Archaea|p__Euryarchaeota|c__Methanobacteria|o__Methanobacteriales|f__Methanobacteriaceae,k__Archaea|p__Euryarchaeota|c__Methanococci|o__Methanococcales|f__Methanocaldococcaceae,k__Bacteria|p__Acidobacteria|c__Acidobacteriia|o__Acidobacteriales|f__Acidobacteriaceae,k__Bacteria|p__Actinobacteria|c__Actinobacteria|o__Actinomycetales|f__Actinomycetaceae,k__Bacteria|p__Actinobacteria|c__Actinobacteria|o__Actinomycetales|f__Brevibacteriaceae,k__Bacteria|p__Actinobacteria|c__Actinobacteria|o__Actinomycetales|f__Corynebacteriaceae,k__Bacteria|p__Actinobacteria|c__Actinobacteria|o__Actinomycetales|f__Dermatophilaceae,k__Bacteria|p__Actinobacteria|c__Actinobacteria|o__Actinomycetales|f__Microbacteriaceae,k__Bacteria|p__Actinobacteria|c__Actinobacteria|o__Actinomycetales|f__Micrococcaceae,k__Bacteria|p__Actinobacteria|c__Actinobacteria|o__Actinomycetales|f__Propionibacteriaceae,k__Bacteria|p__Actinobacteria|c__Actinobacteria|o__Bifidobacteriales|f__Bifidobacteriaceae,k__Bacteria|p__Actinobacteria|c__Actinobacteria|o__Coriobacteriales|f__Coriobacteriaceae,k__Bacteria|p__Aquificae|c__Aquificae|o__Aquificales|f__Desulfurobacteriaceae,k__Bacteria|p__Bacteroidetes|c__Bacteroidia|o__Bacteroidales|f__Bacteroidaceae,k__Bacteria|p__Bacteroidetes|c__Bacteroidia|o__Bacteroidales|f__Bacteroidales_noname,k__Bacteria|p__Bacteroidetes|c__Bacteroidia|o__Bacteroidales|f__Porphyromonadaceae,k__Bacteria|p__Bacteroidetes|c__Bacteroidia|o__Bacteroidales|f__Prevotellaceae,k__Bacteria|p__Bacteroidetes|c__Bacteroidia|o__Bacteroidales|f__Rikenellaceae,k__Bacteria|p__Bacteroidetes|c__Flavobacteriia|o__Flavobacteriales|f__Flavobacteriaceae,k__Bacteria|p__Bacteroidetes|c__Sphingobacteriia|o__Sphingobacteriales|f__Sphingobacteriaceae,k__Bacteria|p__Candidatus_Saccharibacteria|c__Candidatus_Saccharibacteria_noname|o__Candidatus_Saccharibacteria_noname|f__Candidatus_Saccharibacteria_noname,k__Bacteria|p__Chlorobi|c__Chlorobia|o__Chlorobiales|f__Chlorobiaceae,k__Bacteria|p__Deinococcus_Thermus|c__Deinococci|o__Deinococcales|f__Deinococcaceae,k__Bacteria|p__Deinococcus_Thermus|c__Deinococci|o__Deinococcales|f__Deinococcales_unclassified,k__Bacteria|p__Firmicutes|c__Bacilli|o__Bacillales|f__Bacillaceae,k__Bacteria|p__Firmicutes|c__Bacilli|o__Bacillales|f__Bacillales_noname,k__Bacteria|p__Firmicutes|c__Bacilli|o__Bacillales|f__Staphylococcaceae,k__Bacteria|p__Firmicutes|c__Bacilli|o__Lactobacillales|f__Aerococcaceae,k__Bacteria|p__Firmicutes|c__Bacilli|o__Lactobacillales|f__Carnobacteriaceae,k__Bacteria|p__Firmicutes|c__Bacilli|o__Lactobacillales|f__Enterococcaceae,k__Bacteria|p__Firmicutes|c__Bacilli|o__Lactobacillales|f__Lactobacillaceae,k__Bacteria|p__Firmicutes|c__Bacilli|o__Lactobacillales|f__Leuconostocaceae,k__Bacteria|p__Firmicutes|c__Bacilli|o__Lactobacillales|f__Streptococcaceae,k__Bacteria|p__Firmicutes|c__Clostridia|o__Clostridiales|f__Clostridiaceae,k__Bacteria|p__Firmicutes|c__Clostridia|o__Clostridiales|f__Clostridiales_Family_XIII_Incertae_Sedis,k__Bacteria|p__Firmicutes|c__Clostridia|o__Clostridiales|f__Clostridiales_Family_XI_Incertae_Sedis,k__Bacteria|p__Firmicutes|c__Clostridia|o__Clostridiales|f__Clostridiales_noname,k__Bacteria|p__Firmicutes|c__Clostridia|o__Clostridiales|f__Eubacteriaceae,k__Bacteria|p__Firmicutes|c__Clostridia|o__Clostridiales|f__Lachnospiraceae,k__Bacteria|p__Firmicutes|c__Clostridia|o__Clostridiales|f__Oscillospiraceae,k__Bacteria|p__Firmicutes|c__Clostridia|o__Clostridiales|f__Peptostreptococcaceae,k__Bacteria|p__Firmicutes|c__Clostridia|o__Clostridiales|f__Ruminococcaceae,k__Bacteria|p__Firmicutes|c__Clostridia|o__Halanaerobiales|f__Halobacteroidaceae,k__Bacteria|p__Firmicutes|c__Erysipelotrichia|o__Erysipelotrichales|f__Erysipelotrichaceae,k__Bacteria|p__Firmicutes|c__Negativicutes|o__Selenomonadales|f__Acidaminococcaceae,k__Bacteria|p__Firmicutes|c__Negativicutes|o__Selenomonadales|f__Veillonellaceae,k__Bacteria|p__Fusobacteria|c__Fusobacteriia|o__Fusobacteriales|f__Fusobacteriaceae,k__Bacteria|p__Proteobacteria|c__Alphaproteobacteria|o__Rhizobiales|f__Bartonellaceae,k__Bacteria|p__Proteobacteria|c__Betaproteobacteria|o__Burkholderiales|f__Burkholderiaceae,k__Bacteria|p__Proteobacteria|c__Betaproteobacteria|o__Burkholderiales|f__Burkholderiales_noname,k__Bacteria|p__Proteobacteria|c__Betaproteobacteria|o__Burkholderiales|f__Oxalobacteraceae,k__Bacteria|p__Proteobacteria|c__Betaproteobacteria|o__Burkholderiales|f__Sutterellaceae,k__Bacteria|p__Proteobacteria|c__Betaproteobacteria|o__Gallionellales|f__Gallionellaceae,k__Bacteria|p__Proteobacteria|c__Deltaproteobacteria|o__Desulfovibrionales|f__Desulfovibrionaceae,k__Bacteria|p__Proteobacteria|c__Gammaproteobacteria|o__Aeromonadales|f__Succinivibrionaceae,k__Bacteria|p__Proteobacteria|c__Gammaproteobacteria|o__Enterobacteriales|f__Enterobacteriaceae,k__Bacteria|p__Proteobacteria|c__Gammaproteobacteria|o__Oceanospirillales|f__Halomonadaceae,k__Bacteria|p__Proteobacteria|c__Gammaproteobacteria|o__Pasteurellales|f__Pasteurellaceae,k__Bacteria|p__Proteobacteria|c__Gammaproteobacteria|o__Pseudomonadales|f__Moraxellaceae,k__Bacteria|p__Proteobacteria|c__Gammaproteobacteria|o__Pseudomonadales|f__Pseudomonadaceae,k__Bacteria|p__Proteobacteria|c__Gammaproteobacteria|o__Xanthomonadales|f__Sinobacteraceae,k__Bacteria|p__Spirochaetes|c__Spirochaetia|o__Spirochaetales|f__Brachyspiraceae,k__Bacteria|p__Verrucomicrobia|c__Verrucomicrobiae|o__Verrucomicrobiales|f__Verrucomicrobiaceae,k__Eukaryota|p__Ascomycota|c__Eurotiomycetes|o__Eurotiales|f__Aspergillaceae,k__Eukaryota|p__Ascomycota|c__Saccharomycetes|o__Saccharomycetales|f__Saccharomycetaceae
S118,0.0,0.0,0.0,0.0,0.0,0.0,0.0,0.0,0.0025399999999999997,0.0,0.71069,0.32178,0.0,13.247200000000001,0.909,1.67799,0.0,15.637419999999999,0.0,0.0,0.0,0.0,0.0,0.0,0.0,0.0,0.0,0.0,0.0,0.0,0.006640000000000001,0.0,0.02621,0.09902000000000001,0.0,0.0,0.0,5.16248,11.8103,0.04247,0.12465,29.47755,0.0,1.1999,0.0,5.588780000000001,0.0,0.0,0.0,0.26487,0.04915,0.26985,0.0,0.28469,0.0,1.2476200000000002,0.0,0.02271,0.0,0.0,0.0,0.0,11.8165,0.0,0.0
S121,0.0,0.0,0.0,0.0,0.0,0.0,0.0,0.0,0.00817,0.0,4.47151,1.9412800000000001,0.0,15.7389,0.14094,3.24224,0.0,1.88703,0.0,0.0,0.0,0.0,0.0,0.0,0.0,0.0,0.0,0.0,0.0,0.0,2.65923,0.0,1.4270100000000001,2.3455800000000004,0.004370000000000001,0.0,0.034929999999999996,10.543700000000001,14.41088,0.22414,0.22204000000000002,32.80522,0.0,2.8712599999999995,0.0,3.63297,0.0,0.0,0.0,0.37340999999999996,0.0,0.24803000000000003,0.0,0.1873,0.0,0.01959,0.0,0.0,0.0,0.0,0.0,0.0,0.56028,0.0,0.0
S126,4.52716,0.00787,0.0,0.0,0.0,0.0,0.0,0.0,0.0,0.0,7.389060000000001,2.24871,0.0,7.6409400000000005,0.0,3.3891299999999998,0.29621,4.666910000000001,0.0,0.0,0.0,0.0,0.0,0.0,0.0,0.0,0.0,0.0,0.0,0.0,0.0,0.0,0.58699,0.0374,0.0,0.0,0.0,11.54328,6.91739,0.06272,0.54834,31.765819999999998,0.0,1.50083,0.0,8.22158,0.0,0.0,0.0,0.0,0.05432000000000001,0.0285,0.0,0.70635,0.0,0.01896,0.0,0.0,0.0,0.0,0.0,0.0,7.84156,0.0,0.0
S127,0.7853399999999999,0.0060799999999999995,0.0,0.0,0.0,0.0,0.0,0.0,0.0,0.0,1.82992,0.9873600000000001,0.0,4.03264,0.25889,0.9769200000000001,1.75182,1.2458200000000001,0.0,0.0,0.0,0.0,0.0,0.0,0.0,0.0,0.0,0.0,0.0,0.007640000000000001,0.0,0.0,1.4818699999999998,3.2971699999999995,0.0,0.0,0.00499,3.05926,37.475829999999995,0.20685,0.4501,40.3218,0.0,0.13742000000000001,0.0,0.10156,0.0,0.0,0.0,0.0,0.0,0.10102,0.0,0.65783,0.0,0.0,0.0,0.0,0.0,0.0,0.0,0.0,0.82181,0.0,0.0
S137,9.11862,0.02806,0.0,0.0,0.0,0.0,0.0,0.0,0.0,0.0,1.89057,0.50877,0.0,11.500230000000002,0.08832000000000001,4.986770000000001,1.8540400000000001,1.8633600000000001,0.058839999999999996,0.0,0.0,0.0,0.03897,0.0,0.0,0.0,0.0,0.0,0.0,0.0,0.0179,0.0,0.0245,0.0,0.0,0.0,0.00872,6.178640000000001,12.759540000000001,0.33655999999999997,0.82301,44.738139999999994,0.0,1.07451,1.3409200000000001,0.13616,0.0,0.0,0.0,0.0,0.0,0.0,0.0,0.26,0.0,0.20272,0.0,0.0,0.0,0.0,0.0,0.0022600000000000003,0.15988,0.0,0.0
S141,0.17687999999999998,0.0,0.0,0.0,0.0,0.0,0.0,0.0,0.01096,0.0,3.4020099999999998,1.86605,0.0,20.680780000000002,0.30318,0.40771999999999997,0.0,5.654859999999999,0.0,0.0,0.0,0.0,0.0,0.0,0.0,0.0086,0.0,0.0,0.00975,0.03296,0.01259,0.0,3.0076899999999998,0.05149999999999999,0.005220000000000001,0.0,0.0,14.475759999999998,14.382259999999999,0.12122000000000001,0.03457,30.789719999999996,0.0,0.03285,0.15368,3.19962,0.0,0.0,0.0,0.18437,0.0,0.27863000000000004,0.0,0.45858999999999994,0.0,0.12183,0.0,0.00855,0.0,0.0,0.0,0.0,0.12759,0.0,0.0
S143,1.7296,0.0,0.0,0.0,0.0,0.0,0.0,0.0,0.0,0.0,5.7605900000000005,0.8495000000000001,0.0,11.097309999999998,0.0,2.0851599999999997,0.0,5.70004,0.0,0.0,0.0,0.0,0.0,0.0,0.0,0.0,0.0,0.0,0.0,0.0,1.7574900000000002,0.0,1.7569899999999998,0.07519999999999999,0.0,0.0,0.015700000000000002,21.87193,11.065909999999997,0.33754,0.2128,21.00572,0.0,5.28379,0.0,7.06808,0.0,0.0,0.0,0.0,0.06777000000000001,0.12805,0.0,0.21403999999999998,0.0,1.15717,0.0,0.0,0.0,0.0,0.0,0.0,0.75961,0.0,0.0
S146,0.0,0.0,0.0,0.00082,0.0,0.0,0.0,0.0,0.0,0.0,3.26537,3.15841,0.0,4.71461,0.12603,1.0938599999999998,0.77446,1.32396,0.0,0.0,0.0,0.0,0.0,0.0,0.0,0.0,0.0,0.0,0.00374,0.05309,0.03567,0.0,6.04764,0.04488,0.0,0.0,0.00263,8.91377,22.746899999999997,0.31484,3.78046,28.88472,0.0,1.5687600000000004,0.35768,0.55842,0.0,0.0,0.0,0.0,0.0,0.00659,0.0,0.14428000000000002,0.0,11.93721,0.0,0.0,0.0,0.0,0.0,0.0,0.14122,0.0,0.0
S153,0.0,0.0,0.0,0.01135,0.0,0.0,0.01201,0.0,0.00203,0.03729,1.7714200000000002,2.6069000000000004,0.0,8.694410000000001,0.20188,1.3752499999999999,0.0,4.121589999999999,0.0,0.0,0.0,0.0,0.0,0.0,0.0,0.0,0.0,0.0,0.00551,0.0,0.50642,0.01398,0.32666999999999996,0.047970000000000006,0.00213,0.0,0.0,14.005429999999999,26.92649,0.03626,0.5127999999999999,36.42856,0.0,1.7107700000000003,0.0,0.00503,0.0,0.0,0.0,0.0,0.0,0.07571,0.0,0.31387000000000004,0.0,0.22616,0.0,0.0,0.0,0.0,0.0,0.0,0.022090000000000002,0.0,0.0
S155,0.34945000000000004,0.0,0.0,0.0,0.0,0.0,0.0,0.0,0.0,0.0,3.4413000000000005,1.7414800000000001,0.0,10.387529999999998,0.48313999999999996,2.2000699999999997,0.0,2.74576,0.0,0.0,0.0,0.0,0.0,0.0,0.0,0.0,0.0,0.0,0.0,0.0,0.10435000000000001,0.00398,0.81782,13.6058,0.0,0.0025,0.00332,13.20159,7.830050000000001,0.49888999999999994,1.14532,33.39629,0.0,0.12644,0.0,3.398909999999999,0.0,0.0,0.0,0.0,0.0,0.11377999999999999,0.0,0.39217,0.0,0.34305,0.0,0.0,0.0,0.06977,0.0,0.0,3.59725,0.0,0.0
S158,0.17472000000000001,0.0,0.0,0.0,0.0,0.0,0.0,0.0,0.0,0.0,1.0439200000000002,1.1256300000000001,0.0,21.32427,0.81123,4.01519,0.0,3.6722399999999995,0.0,0.0,0.0,0.0,0.0,0.0,0.0,0.0,0.0,0.0,0.0,0.0,0.04723,0.0,0.04807,6.0696200000000005,0.0,0.0,0.038349999999999995,23.000729999999997,9.832509999999997,0.62923,0.01495,21.418760000000002,0.0,0.12965000000000002,0.0,4.40536,0.0,0.0,0.0,0.0,0.0,0.27151,0.0,0.50259,0.0,0.14176,0.0,0.0,0.0,0.004370000000000001,0.0,0.0,1.2782,0.0,0.0
S187,0.79147,0.0,0.0,0.056049999999999996,0.0,0.0,0.0,0.0,0.02145,0.0,3.89901,2.2023399999999995,0.0,5.683590000000001,0.28075,2.1215499999999996,0.97646,1.8004499999999999,0.0,0.0,0.0,0.0,0.0,0.0,0.0,0.00321,0.0,0.0,0.00172,0.02278,0.0,0.0,1.2508200000000003,0.80716,0.00456,0.0,1.31737,19.56092,15.780909999999999,0.33983,0.46175,33.568329999999996,0.0,0.06385,0.43172,4.420559999999999,0.0,0.0,0.0,0.00575,0.01939,0.29099,0.0,0.18087,0.0,0.013219999999999999,0.0,0.0707,0.0,0.0,0.0,0.0,3.5504800000000003,0.0,0.0
S193,3.91875,0.00624,0.0,0.0,0.0,0.0,0.0,0.0,0.0,0.0,3.77699,1.96005,0.0,9.255090000000001,1.8378299999999999,8.06528,1.50119,9.671959999999999,0.0,0.0,0.0,0.0,0.01734,0.0,0.0,0.0,0.0,0.0,0.0,0.007809999999999999,0.058879999999999995,0.0,0.35038,0.07635,0.0,0.0,0.00963,5.9594499999999995,8.299800000000001,0.22801999999999997,1.37318,31.87299,0.0,1.15905,0.0,8.79485,0.0,0.0,0.0,0.06945,0.08106000000000001,0.30318,0.0,0.6710200000000001,0.0,0.007520000000000001,0.0,0.007670000000000001,0.0,0.0,0.0,0.0,0.6572100000000001,0.0,0.0017699999999999999
S194,0.0,0.0,0.0,0.00886,0.0,0.0,0.0,0.0,0.00026000000000000003,0.0,0.0,0.44950999999999997,0.0,7.224409999999999,0.0,3.74674,0.0,4.14187,0.0,0.0,0.0,0.0,0.0,0.0,0.0,0.0,0.0,0.0,0.0,0.0,0.0,0.00831,0.18675999999999998,0.013380000000000001,0.0,0.0,1.62797,2.08272,26.257669999999997,0.21159,0.0192,14.518930000000001,0.0,0.15454,0.0,0.007409999999999999,0.0,0.0,0.0,0.0,0.00825,0.41996,0.0,0.35396,0.0,37.03253,0.0,0.0,0.30178,1.11304,0.0,0.0,0.11034000000000001,0.0,0.0
S195,0.0,0.0,0.00643,0.00656,0.0,0.0,0.0605,0.0,0.0,0.07701000000000001,1.6339299999999999,1.2549099999999997,0.0,0.64185,0.0,0.0,0.0,5.72314,0.0,0.0,0.0,0.0,0.0,0.0,0.0,0.0,0.0,0.0,0.0,0.0,0.19593,0.0,1.09179,1.1413599999999997,0.0,0.0,0.01113,44.701069999999994,11.678679999999998,0.11080999999999999,1.40733,19.76106,0.0,1.10667,0.0,5.211680000000001,0.0,0.0,0.0,0.00309,0.0,0.00324,0.0,0.03721,0.0,0.0,0.0,0.0,0.0,0.0,0.0,0.0,4.13468,0.0,0.0
S198,1.8294400000000002,0.0,0.0,0.00369,0.0,0.0,0.01384,0.0,0.0,0.045989999999999996,4.65794,1.06745,0.0,3.29269,0.0,0.8884,0.0,4.956449999999999,0.0,0.0,0.0,0.0,0.0,0.0,0.0,0.0,0.0,0.0,0.0,0.0,0.24092999999999998,0.057710000000000004,0.52863,0.11173,0.00255,0.0,0.01245,16.784529999999997,14.352210000000003,0.19337000000000001,0.9455000000000001,45.31696,0.0,0.12216,0.0,3.2198500000000005,0.0,0.0,0.0,0.0,0.0,0.0,0.0,0.0,0.0,0.7805399999999999,0.0,0.0,0.0,0.0,0.0,0.0,0.57493,0.0,0.0
S205,0.0,0.0,0.0,0.01193,0.0,0.0,0.0,0.0,0.0047799999999999995,0.0,0.0,0.22039,0.0,35.520739999999996,0.0,0.0,0.0,3.63537,0.0,0.0,0.0,0.0,0.0,0.0,0.0,0.00639,0.0,0.0,0.01325,0.0,0.0,0.0,0.27098,0.70496,0.00628,0.0,0.0017699999999999999,5.787999999999999,9.339859999999998,0.06903,0.0,20.09675,0.0,3.5504800000000003,0.0,3.96975,0.0,0.0,0.0,0.0,0.00288,0.03959,0.0,1.4841400000000002,0.0,4.06326,0.0,0.0,0.0,0.0,0.0,0.0,11.19943,0.0,0.0
S224,3.3017800000000004,0.0,0.0,0.0,0.0,0.0,0.0,0.0,0.0,0.0,0.38259,0.14619,0.0,14.882679999999999,0.18288,5.16782,1.82263,5.56295,0.0,0.0,0.0,0.0,0.0,0.0,0.0,0.0,0.0,0.0,0.0,0.0,0.0,0.0,0.8608200000000001,3.44312,0.0,0.0,0.0,10.39634,13.35111,0.09725,1.14376,27.80015,0.0,0.27709,0.0,1.7748799999999998,0.0,0.0,0.0,0.0,0.06538,0.013630000000000001,0.0,0.15120999999999998,0.0,9.13651,0.0,0.02069,0.0,0.0,0.0,0.0,0.01769,0.0,0.0008900000000000001
S225,0.0,0.0,0.0,0.0,0.0,0.0,0.0,0.0,0.0,0.0,3.7658,0.84121,0.0,11.89685,1.08297,2.56346,1.02585,3.1434,0.0,0.0,0.0031,0.0,0.0,0.0,0.0,0.0,0.0,0.0,0.0,0.0,0.0,0.0,0.6137400000000001,13.457699999999999,0.00599,0.0,0.00221,12.7065,11.99094,0.35125,0.006529999999999999,29.147270000000002,0.0,0.04213,0.0,0.0439,0.0,0.0,0.0,0.00359,0.0,0.16934999999999997,0.0,0.04234,0.0,0.07197999999999999,0.0,0.0,0.0,0.04504999999999999,0.0,0.0,6.976839999999999,0.0,0.0
S231,14.790880000000001,0.00836,0.0,0.01684,0.0,0.0,0.0,0.0,0.0,0.0,0.15488000000000002,2.1910200000000004,0.0,1.99375,0.0517,0.98637,0.0,1.00318,0.0,0.0,0.0,0.0,0.0,0.0,0.0,0.0,0.0,0.0,0.0,0.64431,0.0,0.02211,0.0,0.22102999999999998,0.0,0.0,0.0,7.217080000000001,12.017039999999998,0.0703,0.030639999999999997,26.69702,0.0,1.16489,0.12719,0.03524,0.0,0.0,0.0,0.0,0.0,0.0,0.0,0.21244,0.0,27.99296,0.0,0.0,0.0,0.0,0.0,0.0,2.3507700000000002,0.0,0.0
S235,0.0,0.0,0.0,0.02435,0.0,0.0,0.0,0.0,0.00698,0.0,18.481169999999995,1.83357,0.0,2.55075,0.0266,1.28943,0.0,1.0967799999999999,0.0,0.0,0.0,0.0,0.0,0.0,0.0,0.0,0.0,0.0,0.0,0.4256,0.0,0.0,5.10212,3.6359500000000002,0.0,0.0,0.012969999999999999,6.00047,9.396650000000001,0.27738,0.0,28.28581,0.0,2.47717,2.24107,7.790339999999999,0.0,0.0,0.0,0.0,0.0,0.0,0.0,0.0,0.0,1.25129,0.0,0.0,0.0,0.0,0.0,0.0,7.79355,0.0,0.0
S244,0.0,0.0,0.0,0.0,0.0,0.0,0.0,0.02081,0.0,0.0,2.70503,2.05699,0.0,5.449199999999999,0.0,0.0,0.0,2.1220299999999996,0.0,0.0,0.0,0.0,0.0,0.0,0.0,0.0,0.0,0.0,0.0,0.0,0.0,0.0055899999999999995,0.6305999999999999,0.60865,0.00263,0.0,0.046759999999999996,30.685360000000003,13.550469999999997,0.0794,0.16958,15.30073,0.0,0.62019,0.0,4.1088499999999994,0.0,0.0,0.0,0.07987999999999999,0.0,0.06501,0.0,0.0,0.0,21.681400000000004,0.0,0.0,0.0,0.0,0.0,0.0,0.01084,0.0,0.0
S248,0.0,0.0,0.0,0.0,0.0,0.0,0.0,0.0,0.1529,0.0,9.722700000000001,1.26343,0.0,9.417859999999997,0.09015,1.1792500000000001,3.1924799999999998,1.05531,0.0,0.0,0.0,0.0,0.0,0.0,0.0,0.0,0.0,0.0,0.0,1.37447,0.15534999999999996,0.0,5.598090000000001,3.0013799999999997,0.0,0.0,0.00671,14.908890000000001,12.067459999999997,0.04002,0.06078,22.71037,0.0,5.558769999999999,0.0,2.20378,0.0,0.0,0.0,0.0,0.0,0.06405,0.0,0.08717,0.0,3.6215800000000002,0.0,0.0,0.0,0.0,0.0,0.0,2.46705,0.0,0.0
S258,0.0069900000000000006,0.0,0.0,0.0,0.0,0.0,0.0,0.0,0.0,0.0,2.95331,1.9479899999999999,0.0,5.35576,0.0,0.0,0.0,0.7557,0.0,0.0,0.0,0.0,0.0,0.0,0.0,0.0,0.0,0.0,0.0,0.0,0.0015199999999999999,0.0,0.04793,0.14625999999999997,0.00346,0.0,0.00722,20.52908,17.44456,0.35236,0.0,42.52603,0.0,0.12915,0.0,5.06228,0.0,0.0,0.0,0.0,0.0,0.0,0.0,0.14524,0.0,1.4747599999999998,0.0,0.0,0.0,0.0,0.0,0.0,1.11038,0.0,0.0
S263,18.38305,0.0,0.0,0.0134,0.0,0.0,0.0,0.0,0.0,0.0,1.1084200000000002,1.89672,0.0,2.3774100000000002,0.38015,3.48853,0.00209,2.12652,0.0,0.0,0.0,0.0,0.0,0.0,0.0,0.0,0.0,0.0,0.0,0.0,1.00716,0.0,0.08861999999999999,1.62554,0.012320000000000001,0.0,0.04715,2.43633,14.321910000000003,0.17670999999999998,0.0,37.52954,0.0,0.16567,0.14908,0.0,0.0,0.0,0.0,0.0,0.0,0.0,0.0,0.0,0.0,0.0,0.0,0.0,0.0,0.0,0.0,0.0022,12.6615,0.0,0.0
S264,3.7141900000000003,0.0,0.0,0.0,0.0,0.0,0.0,0.0,0.0,0.0,3.4913600000000002,2.3304300000000002,0.0,8.43464,1.28449,3.69289,0.0,5.13617,0.0,0.0,0.0,0.0,0.0,0.0,0.0,0.0,0.0,0.0,0.0,0.0,0.08207,0.0,0.026709999999999998,2.29723,0.0,0.0,0.038130000000000004,18.8599,7.762939999999999,0.20094,0.94183,28.13213,0.0,1.7633299999999998,0.0,5.7875,0.0,0.0,0.0,0.00162,0.0,0.17358,0.0,0.0,0.0,0.08493,0.0,0.07754,0.0,0.0,0.0,0.0,5.68543,0.0,0.0
S268,0.0,0.0,0.0,0.0,0.0,0.0,0.0,0.0,0.0,0.0,6.909800000000001,2.48421,0.0,2.50037,0.0,0.6859,0.02423,0.64103,0.0,0.0,0.0,0.0,0.0,0.0,0.0,0.0,0.0176,0.0,0.0,0.0,0.0,0.0,0.5430099999999999,4.0820300000000005,0.0,0.0006,0.00987,24.35671,30.1976,0.18023,0.24406000000000003,25.76854,0.0,0.1681,0.0,1.0143,0.0,0.0,0.0,0.0,0.0,0.06774,0.0,0.0,0.0,0.08907,0.0,0.0,0.0,0.0,0.0,0.0,0.015,0.0,0.0
S269,0.0,0.0,0.0,0.03117,0.0,0.0,0.0,0.0,0.01789,0.0,1.2302300000000002,1.82449,0.0,3.0025299999999997,0.0,0.24905000000000002,0.0,3.35656,0.0,0.0,0.0,0.0,0.0,0.0,0.0,0.0,0.0,0.0,0.0,0.0,0.007209999999999999,0.02248,1.62267,0.09477,0.0,0.0,0.00943,16.491899999999998,16.47928,0.24411,0.31948000000000004,31.632029999999997,0.0,0.23187,0.0,8.409009999999999,0.0,0.0,0.0,0.0,0.0,0.01803,0.0,0.14031000000000002,0.0,0.17182,0.0,0.0,0.0,0.0,0.0,0.0,14.39369,0.0,0.0
S286,0.62543,0.0,0.02111,0.0,0.0,0.0,0.0,0.0,0.01699,0.0,8.0692,1.3645500000000002,0.0,19.00453,0.27302,2.4408600000000003,0.01696,2.43241,0.0,0.0,0.0,0.0,0.0,0.0,0.0,0.0,0.0,0.0,0.0,0.0,0.11102000000000001,0.0,0.65995,0.042499999999999996,0.0,0.0,0.03628,6.549550000000001,7.692169999999999,0.2447,0.0,41.869980000000005,0.0,0.08185,0.0,4.08782,0.0,0.0,0.0,0.05012,0.0,0.025349999999999998,0.05488,0.05208,0.0,0.34085,0.0,0.0,0.0,0.0,0.0,0.0,3.8358199999999996,0.0,0.0
S288,0.0,0.0,0.0,0.06918,0.0,0.0,0.0,0.0,0.0,0.0,0.00881,2.1250299999999998,0.0,11.447860000000002,0.11558,0.91441,0.39734,15.945880000000002,0.0,0.0,0.0,0.0,0.0,0.0,0.0,0.0,0.0,0.0,0.0,0.0,0.0046700000000000005,0.0,0.02364,0.55255,0.0,0.0,0.28486,22.076159999999998,13.025420000000002,3.4750900000000002,0.08607000000000001,16.735449999999997,0.0,1.58141,0.0,0.00974,0.0,0.0,0.0,0.0,0.0,0.0,0.0,0.42696,0.0,0.66957,0.0,0.0,0.0,0.0,0.0,0.0,10.00966,0.0,0.014660000000000001
S297,0.39316,0.0,0.0,0.0,0.0,0.0,0.0,0.0,0.0,0.0,9.27079,1.4035799999999998,0.0,6.32893,0.37296999999999997,1.35303,0.05562,1.62995,0.0,0.0,0.0,0.0,0.0,0.0,0.0,0.0,0.0,0.0,0.0,0.0,1.9110299999999998,0.0,0.94433,0.03861,0.0,0.0,0.0,7.264620000000001,23.10695,0.2978,0.0,38.758849999999995,0.0,0.0842,0.0,5.37307,0.0,0.0,0.0,0.0,0.0,0.2343,0.0,0.18598,0.0,0.30448,0.0,0.0,0.0,0.0,0.0,0.0,0.68774,0.0,0.0
S334,0.0,0.0,0.0,0.01849,0.0,0.0,0.0,0.0,0.0,0.01024,13.150949999999998,3.31197,0.0,0.47713999999999995,0.0,0.024820000000000002,0.0,0.30312,0.0,0.0,0.0,0.0,0.0,0.0,0.0,0.0,0.0,0.0,0.0,0.0,0.0,0.0,0.3501,0.22413000000000002,0.00349,0.0,0.0,26.84136,15.010950000000001,0.0559,0.41038,38.54494,0.0,0.10297999999999999,0.0,0.35902,0.0,0.0,0.0,0.0,0.0,0.0,0.0,0.0158,0.0,0.06343,0.0,0.0,0.0,0.0,0.0,0.0,0.69633,0.0,0.02444
S344,0.0,0.0,0.0,0.02304,0.0,0.0,0.0,0.0,0.0,0.0,1.18625,2.12803,0.0,18.61762,0.0,5.15071,1.6673699999999998,1.55065,0.0,0.0,0.0,0.0,0.0,0.0,0.0,0.021830000000000002,0.0,0.0,0.01188,0.0,0.00759,0.0,0.9121199999999999,0.85652,0.00455,0.0,0.15418,12.88742,12.817320000000004,0.94395,0.0447,35.07485,0.0,0.29938000000000003,0.0,4.96112,0.0,0.0,0.0,0.0,0.0,0.22057,0.0,0.28630999999999995,0.0,0.030350000000000002,0.0,0.0,0.0,0.0,0.0,0.0,0.14167000000000002,0.0,0.0
S353,0.0,0.0,0.0,0.0,0.0,0.0,0.0,0.0,0.00564,0.0,2.37129,0.39715,0.0,2.9502599999999997,0.20935,0.23097,0.32302,1.40937,0.0,0.0,0.0049299999999999995,0.0,0.0,0.0,0.0,0.0037,0.0,0.0,0.0,0.0,0.0,0.0,0.21258,0.01066,0.01684,0.0,0.0,29.313160000000003,21.35861,0.01704,4.71119,24.570570000000004,0.0,2.73657,0.0,8.18221,0.0,0.0,0.0,0.0,0.015319999999999999,0.0,0.0,0.02187,0.0,0.0,0.0,0.67469,0.0,0.0,0.0,0.0,0.2242,0.0,0.028859999999999997
S365,8.111699999999999,0.0,0.0,0.005549999999999999,0.0,0.0,0.019209999999999998,0.0,0.01568,0.0,0.6890300000000001,0.3774599999999999,0.0,8.52357,0.24988000000000002,1.42482,0.00296,1.9077499999999998,0.0,0.0,0.0,0.0,0.008879999999999999,0.0,0.0,0.0,0.0,0.0,0.0,0.61926,0.24375,0.0,2.8457299999999996,0.8641200000000001,0.00346,0.0,0.00264,2.16482,3.3423,0.028069999999999998,0.7734099999999999,21.2035,0.0,0.93975,0.0,4.95808,0.0,0.0,0.0,0.0,0.06519,0.0,0.0,0.18252000000000002,0.0,31.70833,0.0,0.026789999999999998,0.09804,0.0,0.0,0.0,8.589269999999999,0.0,0.00447
S370,0.0,0.0,0.0,0.00312,0.0,0.0,0.0,0.0,0.2094,0.0,1.77718,0.59206,0.0,7.63447,0.51932,2.5064699999999998,0.0,7.95232,0.0,0.0,0.0,0.0,0.0,0.0,0.0,0.0,0.0,0.0,0.0,0.0,0.0,0.0,4.74526,0.13549000000000003,0.0,0.0,0.0127,8.97043,33.040549999999996,0.48689,0.00386,28.93143,0.0,0.21178999999999998,0.0,0.12506,0.0,0.0,0.0,0.0,0.0,0.03494,0.0,0.49547,0.0,1.1908,0.0,0.010029999999999999,0.0,0.0,0.0,0.0,0.41093,0.0,0.0
S378,3.1252400000000002,0.0,0.0,0.0,0.0,0.0,0.0,0.0,0.0,0.0,0.5438,0.27290000000000003,0.0,3.67942,0.08859,2.55008,11.098889999999999,1.94624,0.0,0.0,0.0,0.0,0.0,0.0,0.0,0.0,0.0,0.0,0.0,0.0,0.06427999999999999,0.06224,0.16906,1.37543,0.0,0.0,0.24085,7.466550000000001,27.236499999999996,0.13717000000000001,2.61079,33.64732,0.0,1.21935,0.0,0.79543,0.0,0.0,0.0,0.0,0.05256,0.11612,0.0,0.06803,0.0,1.07921,0.0,0.28472,0.0,0.0,0.0,0.0,0.06924,0.0,0.0
S380,1.99995,0.0,0.0,0.0,0.0,0.0,0.0,0.0,0.0,0.0,1.8668500000000001,3.30569,0.0,2.2018299999999997,0.0,1.45668,2.19676,0.36312999999999995,0.0,0.0,0.0,0.0,0.0,0.0,0.0,0.0,0.0,0.0,0.0,0.0,0.0,0.0,2.3576300000000003,0.27510999999999997,0.0,0.0,0.0,15.8588,21.84239,0.1004,0.49302,39.24764,0.0,5.117219999999999,0.0,0.02241,0.0,0.0,0.0,0.0,0.0,0.0,0.0,0.0029100000000000003,0.0,0.010790000000000001,0.0,0.0,0.0,0.0,0.0,0.0,1.28035,0.0,0.00044
S381,3.6252699999999995,0.0,0.0,0.00675,0.0,0.0,0.0,0.0,0.0,0.0,4.6858,2.8229699999999998,0.0,6.849940000000001,0.04295,1.08788,0.0,2.65757,0.0,0.0,0.0,0.0,0.0,0.0,0.0,0.00419,0.0,0.0,0.00746,0.00892,0.06495,0.02545,13.14819,0.06084,0.00296,0.0,0.00118,8.00346,25.35938,0.04695,1.3265999999999998,19.455630000000003,0.0,2.49215,0.0,1.18832,0.0,0.0,0.0,0.0,0.0,0.0,0.0,0.20228000000000002,0.0,6.636620000000001,0.0,0.1781,0.0,0.0,0.0,0.0,0.0,0.0,0.0072
S389,0.0,0.0,0.0,0.00385,0.0,0.0,0.0,0.0,0.04245,0.0,3.6533599999999997,2.5911999999999997,0.0,2.28306,0.0,1.21479,0.36456,8.11974,0.0,0.0,0.0,0.0,0.0,0.0,0.0,0.0,0.0,0.0,0.00233,0.55783,1.93292,0.0,3.21416,0.09312999999999999,0.00403,0.0,0.0,9.30968,20.401850000000003,0.00185,0.0,22.217039999999997,0.0,0.40541,0.0,11.304219999999999,0.0,0.0,0.0,0.0,0.0,0.0,0.0,0.6392599999999999,0.0,9.982700000000001,0.0,0.0,0.0,0.0,0.0,0.0,1.6442299999999999,0.01634,0.0
S398,0.0,0.0,0.0,0.0011099999999999999,0.0,0.0,0.0,0.0,0.00855,0.00345,5.87774,0.58141,0.0,22.29659,0.0,1.2538799999999999,0.0,3.9887900000000003,0.0,0.0,0.0,0.0,0.0,0.0,0.0,0.0,0.0,0.0,0.0,0.0,0.00545,0.0,2.6873000000000005,0.52507,0.0,0.0,0.03787,15.62363,9.61105,1.30932,0.31338,20.75579,0.0,0.25932,0.0,12.781369999999999,0.0,0.0,0.0,0.0,0.0,0.42673999999999995,0.0,0.17005,0.0,0.01965,0.0,0.0,0.0,0.0,0.0,0.0,1.4625,0.0,0.0
S421,0.00995,0.0,0.0,0.0,0.0,0.0,0.0,0.0,0.0,0.0,4.60305,1.24673,0.0,3.62021,0.0,0.29306,0.01103,1.1883299999999999,0.0,0.0,0.0,0.0,0.0,0.0,0.0,0.021830000000000002,0.0,0.0,0.01523,0.0,0.06806999999999999,0.06996000000000001,3.90402,1.1143500000000004,0.00244,0.0032300000000000002,0.011760000000000001,18.734979999999997,25.87575,0.68552,0.36946999999999997,36.61687,0.0121,0.14033,0.07492,1.0240999999999998,0.0,0.017230000000000002,0.0,0.0,0.0,0.04722,0.0,0.14931,0.0,0.0,0.0,0.0,0.0,0.0,0.0,0.0,0.06897,0.0,0.0
S422,0.6758099999999999,0.0,0.0,0.020520000000000004,0.0,0.0,0.02539,0.0,0.02409,0.01824,1.5289899999999996,0.9026099999999999,0.0,2.503,0.15012,0.7864200000000001,0.27391,1.4876999999999998,0.0,0.0,0.0,0.0,0.011729999999999999,0.0,0.0,0.0,0.00428,0.0,0.00402,0.025910000000000002,2.8144899999999997,0.10822000000000001,18.26883,0.05314000000000001,0.0,0.0,0.01376,25.821559999999998,20.193729999999995,0.02482,0.09896,20.44153,0.0,0.14972,0.00506,2.8002599999999997,0.0,0.0,0.0,0.0,0.00143,0.01272,0.0,0.50375,0.0,0.20678000000000002,0.0,0.01807,0.0,0.0,0.0,0.0,0.020390000000000002,0.0,0.0
S424,0.0,0.0,0.0,0.044680000000000004,0.0,0.0,0.01971,0.0,0.01043,0.044660000000000005,0.051750000000000004,5.27126,0.0,2.55884,0.4087,2.83873,0.66593,6.30398,0.0,0.0,0.0,0.0,0.0,0.0,0.0,0.0,0.0,0.0,0.0,0.0,0.0,0.08721,0.15069,0.6873400000000001,0.0,0.0,0.07214999999999999,5.16303,12.38008,0.9152100000000001,0.038130000000000004,51.903830000000006,0.0,1.86609,0.82176,0.03685,0.0,0.0,0.0,0.0,0.0,0.0,0.0,0.21178,0.0,0.0,0.0,0.0,0.0,0.0,0.0,0.0,7.44718,0.0,0.0
S434,0.0,0.0,0.0,0.02825,0.0,0.0,0.02458,0.0,0.0,0.0459,0.31856000000000007,1.11777,0.0,4.99998,0.15300999999999998,1.10998,0.057139999999999996,1.64756,0.0,0.0,0.0,0.0,0.005679999999999999,0.0,0.0,0.00675,0.0,0.0,0.0017800000000000001,0.0,0.19508999999999999,0.10736000000000001,0.46193,9.64142,0.00715,0.0,0.030690000000000002,10.51098,15.972509999999998,1.3452,0.05998,47.30731,0.0,1.16869,0.005229999999999999,0.01919,0.0,0.0,0.0,0.0,0.0,0.03361,0.0,1.20988,0.0,0.0,0.0,0.0,0.0,0.0,0.0,0.0,2.4068099999999997,0.0,0.0
S436,10.47177,0.00725,0.0,0.0,0.0,0.0,0.0,0.0,0.0009400000000000001,0.0,0.05545,2.8131,0.0,19.444940000000003,0.8086800000000001,2.1687,4.40212,3.3568000000000002,0.0152,0.03826,0.0,0.007690000000000001,0.0,0.0,0.0,0.0,0.0,0.0,0.0,0.0,0.0,0.0,0.02163,0.035699999999999996,0.0,0.0,0.00895,14.889889999999998,8.84488,0.31975,0.07973999999999999,14.76244,0.01766,0.56467,0.0,0.08521000000000001,0.0,0.0,0.0,0.0,0.0589,0.24679,0.0,1.15118,0.0,0.01746,0.0,0.00366,0.0,0.00078,0.0,0.0,15.29982,0.0,0.0
S439,0.0,0.0,0.0,0.008570000000000001,0.0,0.0,0.0,0.0,0.0,0.0,1.36448,0.7807999999999999,0.0,33.25293,0.0,2.1803,0.013890000000000001,0.0,0.0,0.0,0.0,0.0,0.01009,0.0,0.0,0.0,0.0,0.0,0.0,0.0,0.0010400000000000001,0.00428,0.47291000000000005,5.982030000000001,0.0,0.001,0.18361,19.63545,12.651190000000001,1.6915499999999999,0.28353,15.850069999999999,0.0,0.25573,0.00235,4.720409999999999,0.0,0.0,0.0,0.0,0.0,0.0,0.0,0.0,0.0,0.04534,0.0,0.0,0.0,0.0,0.0,0.0,0.6077,0.0,0.00072
S446,1.0297399999999999,0.0,0.0,0.00881,0.0,0.0,0.0,0.0,0.0,0.0,0.0,0.22078000000000003,0.0,14.72956,0.0,2.12351,0.0,1.22869,0.0,0.0,0.0,0.0,0.01185,0.0,0.0,0.0,0.0,0.0,0.0,0.0,0.0,0.0,0.52435,0.92673,0.0,0.0,0.25864,27.61583,33.42845,0.29958,0.03127,14.249539999999998,0.0,1.6689999999999998,1.11348,0.0,0.0,0.0,0.0,0.0,0.0,0.02334,0.0,0.5068699999999999,0.0,0.0,0.0,0.0,0.0,0.0,0.0,0.0,0.0,0.0,0.0
S451,0.0,0.0,0.0,0.0,0.0,0.0,0.01882,0.0,0.011980000000000001,0.02277,6.1166100000000005,4.03528,0.0,15.42322,0.23671999999999999,4.061889999999999,0.0,31.580640000000002,0.0,0.0,0.0,0.0,0.0087,0.0,0.0,0.0,0.0,0.0,0.0,0.0,0.0,0.0,0.5305500000000001,1.08601,0.0,0.0,0.031279999999999995,2.39323,16.11648,0.21654,0.53693,10.00163,0.0,3.77851,0.0,3.2895,0.0,0.0,0.0,0.019459999999999998,0.0,0.05611,0.0,0.16226000000000002,0.0,0.25644,0.0,0.0,0.0,0.0,0.0,0.0,0.008409999999999999,0.0,0.0
S456,0.0,0.0,0.0,0.009709999999999998,0.0,0.0,0.0,0.0,0.0,0.0,1.6553,2.6214700000000004,0.0,27.08316,0.65069,2.04337,0.00086,3.61661,0.0,0.0,0.0,0.0,0.00828,0.0,0.0,0.0,0.0,0.0,0.0,0.0,0.05558,0.0,2.4096,0.9691800000000002,0.0,0.0,0.047909999999999994,3.7935200000000004,15.405959999999999,1.10509,0.1749,33.587270000000004,0.0,0.21323,0.0,0.011170000000000001,0.0,0.0,0.0,0.0,0.12987,0.27971999999999997,0.0,1.5709600000000001,0.0,0.26567,0.0,0.0,0.0,0.0,0.0,0.0,2.2909200000000003,0.0,0.0
S458,6.1864799999999995,0.00519,0.0,0.04002,0.0,0.0,0.0,0.0,0.0,0.0,24.625329999999998,5.364939999999999,0.0,4.12784,0.1492,0.65351,0.06023,0.80699,0.0,0.0,0.0,0.0,0.007209999999999999,0.00041,0.0,0.0,0.0,0.0,0.0,0.0,0.058539999999999995,0.0,1.6857799999999998,2.6678100000000002,0.0,0.018850000000000002,0.00498,6.746279999999999,8.758019999999998,0.10407999999999999,0.0111,29.283339999999995,0.0,4.492819999999999,1.11689,1.18518,0.0,0.0,0.0,0.0,0.01153,0.01612,0.0,0.6142000000000001,0.0,0.00313,0.0,0.0,0.0,0.0,0.0,0.01103,1.18297,0.0,0.0
S462,1.7892299999999999,0.0,0.0,0.00774,0.0,0.0,0.02005,0.0,0.0,0.024,0.06895,0.6766,0.0,14.022809999999998,0.07099,1.93599,2.19604,3.74935,0.0,0.0,0.0,0.0,0.0,0.0,0.0,0.0,0.0,0.0,0.0,0.0,0.08211,0.0,0.04733,0.01577,0.0036200000000000004,0.0,9.3715,4.20101,24.66482,0.40236,1.57053,22.492739999999998,0.0,5.50622,0.0,1.3433799999999998,0.0,0.0,0.0,0.19433,0.06707,0.56808,0.0,0.56374,0.0,0.14459,0.0,0.020030000000000003,0.0,0.0,0.0,0.0,4.1790199999999995,0.0,0.0
S463,0.7974399999999999,0.0,0.0,0.00324,0.0,0.0,0.0,0.0,0.0,0.0,15.41583,3.1952300000000005,0.0,2.7232,0.10382000000000001,1.20098,0.0,2.8741399999999997,0.0,0.0,0.0,0.0,0.0,0.0,0.0,0.0,0.0,0.0,0.0,0.0,0.0,0.0,0.07712,0.19936,0.00527,0.0,0.00143,29.25226,10.356129999999999,0.57521,0.0,28.018710000000002,0.0,1.6762100000000002,0.16597,0.0,0.0,0.0,0.0,0.0,0.0,0.07834999999999999,0.0,0.43344,0.0,0.13457,0.0,0.0,0.0,0.0,0.0,0.0,2.71211,0.0,0.0
S468,0.83064,0.0,0.0,0.38384,0.0,0.0,0.0,0.0,0.35385,0.0,4.17468,1.84912,0.0,0.10715,0.02201,0.03864,24.64221,0.13884,0.0,0.0,0.0,0.0,0.0,0.0,0.0,0.0,0.0,0.0,0.00733,0.0015300000000000001,22.64451,0.0,1.8271700000000002,1.9540199999999999,0.0,0.0,0.0,5.99613,6.3750599999999995,0.023719999999999998,0.11599000000000001,21.471740000000004,0.0,1.89462,4.58484,0.40454,0.0,0.0,0.0,0.0,0.0014199999999999998,0.00627,0.0,0.04425,0.0,0.08691,0.0,0.018940000000000002,0.0,0.0,0.0,0.0,0.0,0.0,0.0
S470,0.8891899999999999,0.025960000000000004,0.0,0.0,0.0,0.0,0.0,0.0,0.0,0.01321,7.53707,1.78161,0.0,5.726570000000001,0.38679,2.8830299999999998,2.3917900000000003,2.59172,0.0,0.0,0.0,0.0,0.0,0.0,0.0,0.0,0.0,0.0,0.0,0.0,0.00891,0.0,0.29835,6.11589,0.0,0.0,1.11594,5.2351,14.980899999999998,0.11252000000000001,0.57116,41.55215,0.0,0.09272999999999999,0.0,4.32038,0.0,0.0,0.0,0.0,0.0,0.01396,0.0,0.55801,0.0,0.20696,0.0,0.008,0.0,0.0,0.0,0.0,0.58212,0.0,0.0
S475,0.0,0.0,0.0,0.0,0.0,0.0,0.0,0.0,0.0,0.0,3.62108,0.69446,0.0,8.884730000000001,0.29505,0.67549,0.16733,1.31866,0.0,0.0,0.0,0.0,0.02359,0.0,0.0,0.0,0.0,0.0,0.0,0.0,0.0,0.0,1.7839800000000001,0.13382,0.0,0.0,0.0,15.38737,32.61074,0.34124,0.0,23.152589999999996,0.0,7.60454,0.0,0.02361,0.0,0.0,0.0,0.0,0.0,0.0,0.0,0.37044,0.0,0.52772,0.07191,0.0,0.0,0.0,0.0,0.0,2.31168,0.0,0.0
S476,0.0026699999999999996,0.0,0.0,0.15986,0.0,0.0,0.0,0.0,0.05896,0.0,4.14813,0.43166,0.0,7.16908,0.0,3.0446599999999995,0.0,2.18271,0.0,0.0,0.0,0.0,0.0065,0.0,0.0,0.0,0.0,0.0,0.00969,0.0,0.41466,0.0,0.21171,1.75098,0.0,0.0,0.00054,9.704480000000002,13.43618,0.14982,0.01715,46.720589999999994,0.0,0.009890000000000001,0.0,5.744490000000001,0.0,0.0,0.0,0.0,0.0,0.30095,0.0,0.79077,0.0,1.3796599999999999,0.0,0.09261,0.0,0.0,0.0,0.0,2.0616,0.0,0.0
S478,0.0,0.0,0.0,0.0,0.0,0.0,0.0,0.0,0.0,0.0,6.979049999999999,3.19978,0.0,3.12073,1.22004,1.95627,1.44015,3.31891,0.0,0.0,0.0,0.0,0.0,0.0,0.0,0.0,0.0,0.0,0.0,0.0,1.61672,0.20067000000000002,0.035359999999999996,5.0271,0.0,0.0,0.015790000000000002,16.109729999999995,14.715060000000001,0.40967,0.72942,33.37402,0.0,0.9492200000000001,0.0,4.23409,0.0,0.0,0.0,0.0,0.0,0.0,0.0,0.04789,0.0,0.007050000000000001,0.0,0.0,0.0,0.05062,0.0,0.0,1.24264,0.0,0.0
S479,1.05626,0.0,0.0,0.04195,0.0,0.0,0.0,0.0,0.02882,0.0,3.5910899999999994,5.410290000000001,0.0,0.12561999999999998,0.01707,0.07615,0.75077,0.15275,0.0,0.0,0.0,0.0,0.0,0.0,0.0,0.0,0.0,0.0,0.0,0.0,0.0,0.0,1.35496,0.03783,0.0,0.0,0.0,10.44345,28.278219999999997,0.052110000000000004,0.04219,32.08631,0.0,15.368879999999999,0.0,0.9718500000000001,0.0,0.0,0.0,0.0,0.0,0.0,0.0,0.08607,0.0,0.00744,0.0,0.0,0.0,0.0,0.0,0.0,0.01992,0.0,0.0
S483,0.0,0.0,0.0,0.00125,0.0,0.0,0.0,0.0,0.0,0.0,0.55048,1.30552,0.0,19.49515,0.38004,1.23823,2.1450199999999997,2.50598,0.0143,0.0,0.0,0.0,0.0,0.0,0.0,0.0,0.0,0.0,0.00916,0.0,0.25981,0.0,1.85666,0.13571,0.0,0.0,0.01922,9.385069999999999,28.17505,0.9605799999999999,0.35007,24.39674,0.0,0.058550000000000005,0.0,5.590359999999999,0.0,0.0,0.013019999999999999,0.0024100000000000002,0.0,0.56992,0.0,0.5644100000000001,0.0,0.00411,0.0,0.0,0.0,0.0,0.00639,0.0,0.0004,0.0,0.00638
S484,0.0,0.0,0.0,0.02105,0.0,0.0,0.0,0.0,0.07027,0.0,0.0,3.31375,0.0,9.32379,0.0,2.9839700000000002,12.48439,5.27457,0.00731,0.0,0.0,0.0037,0.0,0.0,0.0,0.02292,0.0,0.00121,0.00524,0.0,0.07681,0.0,8.78306,0.13809000000000002,0.0,0.0,0.12712,8.6236,10.50588,0.48773000000000005,0.0,21.02734,0.0,2.05694,0.0,13.46339,0.0,0.0,0.013319999999999999,0.0,0.0,0.19657999999999998,0.0,0.5583400000000001,0.0,0.42965,0.0,0.0,0.0,0.0,0.0,0.0,0.0,0.0,0.0
S495,0.0,0.0,0.0,0.07056,0.0,0.0,0.0,0.0,0.0069900000000000006,0.0,5.84355,5.517939999999999,0.0,4.37291,0.14400000000000002,2.52632,1.4660199999999999,3.3983800000000004,0.0,0.0,0.0,0.0,0.0,0.0,0.0,0.0,0.0,0.0,0.0,0.0,0.21399,0.0,0.99932,2.31984,0.00457,0.00124,0.04668,5.589010000000001,18.601490000000005,1.07397,0.0,32.24816,0.0,11.099779999999997,1.2695100000000001,0.00785,0.0,0.0,0.0,0.0,0.014969999999999999,0.25232,0.0,0.44111,0.0,0.02809,0.0,0.0,0.0,0.0,0.0,0.0,2.44142,0.0,0.0
S497,3.35005,0.0,0.00618,0.02067,0.0,0.0,0.0,0.0,0.03257,0.0,2.94446,1.7890000000000001,0.0,7.006470000000001,0.42599,1.9842199999999999,1.34449,3.53763,0.0,0.0,0.0,0.0,0.0,0.0,0.0,0.00037,0.0,0.0,0.0,0.0,0.00987,0.01595,2.1431400000000003,0.11967,0.0,0.0,0.00037,4.44683,20.19981,0.16755,0.46142000000000005,42.077439999999996,0.0,0.43483,1.7958900000000002,0.16438999999999998,0.0,0.0,0.0,0.0,0.0,0.21450999999999998,0.0,0.032170000000000004,0.0,0.02914,0.0,0.07497999999999999,0.0,0.0,0.0,0.0,5.16035,0.0,0.00962
S517,0.32676,0.0,0.0,0.00474,0.01348,0.0,0.0,0.0,0.00608,0.0,2.13427,0.70416,0.0,2.09259,0.22021,1.38387,20.91553,0.7081900000000001,0.0,0.0,0.0,0.0,0.00571,0.0,0.0,0.00189,0.0,0.0,0.0030600000000000002,0.00033999999999999997,0.00902,0.0,3.6445699999999994,0.02028,0.0024,0.0,0.0,28.529600000000002,8.86477,0.04919,1.1473700000000002,21.180679999999995,0.0,0.10848999999999999,0.0,5.60523,0.0,0.0,0.0,0.0,0.0,0.01556,0.0,0.0,0.0,0.00495,0.0,0.20349,0.0,0.0,0.0,0.0,2.0935200000000003,0.0,0.0
S524,4.88706,0.0,0.0,0.01964,0.0,0.0,0.0,0.0,0.01256,0.0,6.11771,3.59408,0.0,4.00938,0.0,2.03455,0.00118,5.56651,0.0,0.0,0.0,0.0,0.01366,0.0,0.0,0.0,0.0,0.0,0.0,0.0,0.0,0.0,0.34453000000000006,0.14044,0.01047,0.0,0.00514,19.31766,11.739600000000001,0.35636999999999996,0.10815,33.15137,0.0,0.06420999999999999,0.0,7.64601,0.0,0.0,0.0,0.0,0.0,0.02414,0.0,0.35455000000000003,0.0,0.15393,0.0,0.0,0.0,0.0,0.0,0.0,0.32711999999999997,0.0,0.0
S526,1.35456,0.0,0.0,0.06305000000000001,0.0,0.0,0.01695,0.0,0.01066,0.013969999999999998,0.8679100000000001,3.36668,0.0,6.52089,0.28919,2.9243699999999997,0.0,5.0587800000000005,0.0,0.0,0.0,0.0,0.0,0.0,0.0,0.0,0.0,0.0,0.0,0.0,0.0,0.0,1.0508700000000002,1.35165,0.0031100000000000004,0.06107,0.031240000000000004,4.540609999999999,14.27178,1.4214799999999999,1.17864,44.59752,0.0,6.4143799999999995,0.0,0.22979,0.0,0.0,0.0,0.0,0.0,0.18253,0.0,0.5978,0.0,3.37875,0.0,0.0,0.0,0.0,0.0,0.0,0.20181,0.0,0.0
S529,0.0,0.0,0.0,0.016690000000000003,0.0,0.0,0.0,0.0,0.0,0.0,12.608680000000001,2.9433700000000003,0.0,1.00277,0.07107999999999999,0.44282,1.00225,0.79077,0.0,0.0,0.0,0.0,0.00742,0.0,0.0,0.0,0.0,0.0,0.00379,0.0,0.0,0.04805,0.20727,0.36987000000000003,0.0047799999999999995,0.0,0.017759999999999998,38.15822,12.121639999999998,1.4404700000000001,0.0196,19.990969999999997,0.0,0.08002000000000001,0.0,7.97782,0.0,0.0,0.0,0.0,0.0,0.007659999999999999,0.0,0.15397,0.0,0.17057,0.0,0.0,0.0,0.0,0.0,0.0,0.34171,0.0,0.0
S530,0.6581199999999999,0.00299,0.0,0.00975,0.0,0.0021,0.0,0.0,0.00784,0.0,11.01666,3.3392900000000005,0.0,0.63965,0.01349,0.4608,0.6099100000000001,0.36653,0.0,0.0,0.0,0.0,0.00415,0.0,0.0,0.0,0.0,0.0,0.00126,7.263319999999999,0.02522,0.0,1.68894,0.08234000000000001,0.00532,0.0,0.0,6.7093300000000005,21.53489,0.02041,0.6579600000000001,37.44304,0.0,5.41772,0.0,1.8161299999999998,0.0,0.0,0.0,0.0,0.00257,0.00689,0.0,0.1184,0.0,0.06022,0.0,0.01229,0.0,0.0,0.0,0.0,0.00245,0.0,0.0
S536,1.7981,0.0,0.0,0.01849,0.0,0.0,0.0,0.0,0.00692,0.0,9.582189999999999,8.54095,0.0,2.1726900000000002,0.0,0.4179,0.18497,2.5206600000000003,0.0,0.0,0.0018599999999999999,0.0,0.00412,0.0,0.0,0.0,0.0,0.0,0.00198,0.0,1.5987599999999997,0.0038000000000000004,0.23287000000000002,0.15431999999999998,0.0,0.0,0.0,19.764960000000002,17.799310000000002,0.36559,0.0,24.63385,0.0,3.343199999999999,0.0,4.82772,0.0,0.0,0.0,0.0,0.0,0.01633,0.0,0.27308,0.0,1.51337,0.0,0.0,0.0,0.0,0.0,0.0,0.22205,0.0,0.0
S53,2.74485,0.0,0.0,0.0,0.0,0.0,0.0,0.0,0.0,0.0,8.15269,0.56814,0.0,4.595109999999999,0.47385,4.466729999999999,0.0,3.3463499999999997,0.0,0.0,0.0,0.0,0.01064,0.0,0.0,0.0,0.0,0.0,0.0,0.0,0.0,0.0,0.60569,0.04632,0.00415,0.0,0.02509,17.33151,8.61326,0.18548,0.0,34.35724999999999,0.0,0.05361,0.0,0.04305,0.0,0.0,0.0,0.17437,0.01402,0.04663,0.0,0.63187,0.0,0.01845,0.0,0.0,0.0,0.0,0.0,0.0,13.490920000000001,0.0,0.0
S543,0.1137,0.0,0.0,0.0,0.0,0.0,0.0,0.0,0.03098,0.0,2.20905,1.9898599999999997,0.0,20.81294,0.24666999999999997,1.36625,0.34157,7.16062,0.0,0.0,0.0,0.0,0.0122,0.0,0.0,0.0,0.0,0.0,0.0,0.0,0.64697,0.15617,0.32633,0.03451,0.0023899999999999998,0.0,0.00646,5.071179999999999,14.33631,0.83714,0.01611,28.102120000000003,0.0,3.4815799999999997,1.58731,8.40103,0.0,0.0,0.0,0.0,0.0,0.0,0.01459,0.33331,0.0,0.13755,0.0,0.0,0.0,0.019,0.0,0.0,2.2061,0.0,0.0
S550,0.007430000000000001,0.0,0.0,0.0,0.0,0.0,0.0,0.0,0.24374,0.0,5.63783,4.20277,0.0,14.96478,0.0,1.3698199999999998,0.0,0.23417,0.0,0.0,0.0,0.0,0.0,0.0,0.0,0.0,0.0,0.0,0.0,0.0,3.29126,0.0,14.63666,3.4227700000000003,0.0,0.00963,0.08772,14.539560000000002,10.000399999999997,0.03442,0.0506,18.302419999999998,0.0,0.39197000000000004,0.0,0.01643,0.0,0.0,0.0,0.0,0.0,0.0,0.0,0.0,0.0,8.12913,0.0,0.0,0.0,0.0,0.0,0.0,0.42313,0.0,0.0034
S551,0.0,0.0,0.0,0.00172,0.0,0.0,0.0,0.0,0.00495,0.0,2.77889,1.4281,0.0,10.855949999999998,0.0,0.18937,0.0,1.6262100000000002,0.0,0.0,0.0,0.0,0.0,0.0,0.0,0.0,0.0,0.0,0.00854,0.0,0.17878,0.0,3.60416,0.14227,0.0,0.0,0.04939,9.73966,20.45326,0.79074,0.83567,37.619949999999996,0.0,0.15023,0.0,5.914759999999999,0.0,0.0,0.0,0.07324,0.0,0.035039999999999995,0.0,0.0,0.0,0.23264999999999997,0.0,0.0,0.0,0.0,0.0,0.0,3.2841400000000003,0.0,0.00235
S552,1.87458,0.0,0.014130000000000002,0.009579999999999998,0.0,0.0,0.0,0.0,0.0,0.0,15.083450000000001,3.5550700000000006,0.0,4.74732,0.66875,1.69006,0.0,6.4706600000000005,0.0,0.0,0.0068,0.0,0.02305,0.0,0.0,0.0,0.0,0.0,0.0,0.06738999999999999,0.00761,0.0,0.38059,0.09104000000000001,0.0,0.0,0.023530000000000002,8.72198,11.898689999999997,0.57692,0.060849999999999994,40.096219999999995,0.0,0.013420000000000001,0.0,0.08288,0.0,0.0,0.0,0.00418,0.0,0.00945,0.0,0.5820799999999999,0.0,0.006660000000000001,0.0,0.0,0.0,0.0,0.0,0.0,3.23307,0.0,0.0
S561,0.06899,0.0,0.0,0.01225,0.0,0.0,0.0,0.0,0.00705,0.02725,0.45243999999999995,1.0208000000000002,0.0,4.674320000000001,0.00967,0.30233999999999994,0.026699999999999998,0.7333,0.0,0.0,0.00544,0.0,0.00402,0.0,0.0,0.0,0.0,0.0,0.00993,0.0,0.01689,0.0,0.17105,1.9979700000000002,0.0,0.0,0.43206,15.52478,15.565660000000001,0.65691,0.15838,30.405730000000002,0.0,3.31071,0.0,0.0029100000000000003,0.00865,0.0,0.0,0.0,0.0,0.014729999999999998,0.0,0.28421,0.0,0.33806,0.0,0.0,0.0,0.0,0.0,0.0,23.7568,0.0,0.0
S563,0.0,0.0,0.0,0.0,0.0,0.0,0.0,0.0,0.0,0.0,7.86315,2.44889,0.0,8.54031,0.40694,0.99831,2.79072,1.36755,0.0,0.0,0.0,0.0,0.012709999999999999,0.0,0.0,0.0,0.0,0.0,0.0,0.0,5.6967099999999995,0.0,0.6021800000000002,0.058519999999999996,0.0,0.0,0.0,13.89882,11.609729999999999,0.61678,0.0,32.39931,0.0,0.04968,0.0,8.13457,0.0,0.0,0.0,0.0,0.028999999999999998,0.0037799999999999995,0.0,0.5429999999999999,0.0,0.45165,0.0,0.0,0.0,0.0,0.0,0.0,1.47769,0.0,0.0
S577,1.5403200000000001,0.0,0.0,0.0,0.0,0.0,0.0,0.0,0.0,0.00677,2.3010599999999997,1.83483,0.0,4.79351,0.0,2.0202699999999996,0.0,0.71663,0.0,0.0,0.0,0.0,0.0,0.0,0.0,0.0,0.0,0.0,0.0,0.0,2.36544,0.0,1.2625,0.01849,0.0,0.0,0.014519999999999998,5.91286,17.33889,0.20764000000000002,0.0,27.886589999999998,0.0,0.00699,0.0,2.1704399999999997,0.0,0.0,0.0,0.0,0.01898,0.024059999999999998,0.0,0.39443000000000006,0.0,21.19123,0.0,0.0,0.0,0.0,0.0,0.0,7.973560000000001,0.0,0.0
S584,0.0,0.0,0.0,0.02367,0.0,0.0,0.0,0.0,0.06912,0.0,3.2364100000000002,3.723140000000001,0.0,4.276389999999999,0.18157,1.20852,6.47686,4.13446,0.0,0.0,0.0,0.0,0.01113,0.0,0.0,0.0,0.0,0.0,0.00309,0.0,0.027410000000000004,0.0,1.6459199999999998,8.81466,0.0,0.0,0.0016300000000000002,5.01525,17.51588,0.27103,0.20567000000000002,36.91429,0.0,1.2483400000000002,0.010020000000000001,4.2988800000000005,0.0,0.0,0.0,0.046669999999999996,0.0,0.04162,0.0,0.41117000000000004,0.0,0.009649999999999999,0.0,0.0,0.0,0.0,0.0,0.0,0.17764000000000002,0.0,0.0
S587,0.0,0.0,0.0,0.0,0.03238,0.0,0.0,0.0,0.00507,0.0,2.03995,2.4885,0.0,4.21154,0.17419,2.3186299999999997,9.571,3.02504,0.02072,0.0,0.0,0.0,0.01372,0.0,0.0,0.0,0.0,0.0,0.0,0.0,0.22347,0.0,1.49478,0.04499999999999999,0.0,0.0,3.7009800000000004,5.77582,8.65578,0.15816,0.25355000000000005,50.79217,0.0,0.37221,0.0,2.2441399999999994,0.0,0.0,0.0,0.03608,0.04007,1.25909,0.0,0.61213,0.0,0.21413,0.0,0.0,0.0,0.0,0.0,0.0,0.22171999999999997,0.0,0.0
S589,0.0,0.0,0.0,0.0,0.0,0.0,0.0,0.0,0.0,0.0,5.44207,4.81146,0.0,2.64331,0.00228,0.08129,0.0,0.36439,0.0,0.0,0.0,0.0,0.01618,0.0,0.0,0.0,0.0,0.0,0.00213,0.0,0.028310000000000002,0.0,0.9660000000000001,0.056190000000000004,0.0,0.0,0.0,14.12865,22.183900000000005,0.23546,1.6491,36.40221,0.0,0.2631,0.0,9.58978,0.0,0.0,0.0,0.0,0.0,0.02661,0.0,0.21189000000000002,0.0,0.0,0.0,0.0,0.0,0.0,0.0,0.0,0.89574,0.0,0.0
S58,2.77234,0.0,0.0,0.0,0.0,0.0,0.0,0.0,0.0,0.0,9.528380000000002,2.76703,0.0,10.809800000000003,0.71002,1.42473,0.0,1.06638,0.0,0.0,0.0,0.0,0.0,0.0,0.0,0.0,0.0,0.0,0.0,0.0,0.02129,0.23517,1.29559,2.03342,0.0,0.00918,0.00575,7.317540000000001,22.036569999999998,0.07076,0.6483399999999999,28.17039,0.0,4.609179999999999,0.0,0.0,0.0,0.0,0.0,0.02242,0.00762,0.030719999999999997,0.0,0.01132,0.0,0.55057,0.0,0.0,0.0,0.0,0.0,0.0,3.8454900000000003,0.0,0.0
S591,0.08920999999999998,0.0,0.0,0.025490000000000002,0.0,0.0,0.0197,0.0,0.0,0.0011300000000000001,1.8414199999999998,1.0915500000000002,0.0,13.9906,0.029269999999999997,2.12792,0.0,2.8665499999999997,0.0,0.0,0.0,0.0,0.00911,0.0,0.0,0.0,0.0,0.0,0.0,0.0,0.0,0.05346,0.47639,13.263499999999999,0.010419999999999999,0.0,0.02839,9.19579,15.70447,0.53556,0.09616,35.942370000000004,0.0,0.07737,0.0,0.07097,0.0,0.0,0.0,0.02181,0.09967999999999999,0.41448,0.0,0.7582399999999999,0.0124,0.0,0.0,0.0,0.0,0.0,0.0,0.0,1.1466,0.0,0.0
S598,1.2152100000000001,0.0051600000000000005,0.0,0.0,0.0,0.0,0.0,0.0,0.0,0.0,18.482310000000002,3.13048,0.00302,5.62457,1.52531,2.63959,0.8669,3.4600999999999997,0.0,0.0,0.0,0.0,0.0,0.0,0.0,0.0,0.0,0.0,0.0,0.0,0.0,0.0,0.008679999999999998,0.05272999999999999,0.0,0.0,0.02651,13.743210000000001,14.62609,0.10980999999999999,0.51098,25.99365,0.0,0.27317,0.0,7.196729999999999,0.0,0.0,0.01971,0.0,0.04088,0.26003000000000004,0.0,0.17030000000000003,0.0,0.00622,0.0,0.00864,0.0,0.0,0.0,0.0,0.0,0.0,0.0
S59,5.03641,0.0,0.0,0.0,0.0,0.0,0.0,0.0,0.00322,0.0,2.50679,0.63932,0.0,4.01126,0.09374,0.5951299999999999,0.0,2.33664,0.0,0.0,0.0,0.0,0.0,0.0,0.0,0.00937,0.0,0.0,0.0024100000000000002,0.0,0.0,0.0,3.419200000000001,0.07859,0.0038799999999999998,0.0,0.0,6.99814,22.598360000000007,0.04242,2.12133,42.02458000000001,0.0,5.629849999999999,0.0,0.31665,0.0,0.0,0.0,0.0,0.0,0.00434,0.0,0.0,0.0,1.06416,0.0,0.43384,0.0,0.0,0.0,0.0,0.00646,0.0,0.02393
S602,0.7941499999999999,0.0,0.0,0.0,0.0,0.0,0.0,0.0,0.0,0.0,3.84295,2.30592,0.0,5.14683,0.07771,1.5429200000000003,0.0,2.5008999999999997,0.0,0.0,0.0,0.0,0.0,0.0,0.0,0.0,0.0,0.0,0.0,0.0,0.0067,0.07593,0.63552,0.06622,0.0,0.0,0.00455,16.089270000000003,27.999470000000002,0.14403,0.01476,31.625670000000003,0.0,0.118,0.0,1.91828,0.0,0.0,0.0,0.04967,0.00301,0.275,0.0,0.47239000000000003,0.0,0.06304,0.0,0.0,0.0,0.0,0.0,0.0,4.22716,0.0,0.0
S604,0.0,0.0,0.0,0.07008999999999999,0.0,0.0,1.11576,0.0,1.1209,3.11048,4.378779999999999,0.47547000000000006,0.0,1.3085,0.00489,1.04203,0.0,0.16522,0.0,0.0,0.0,0.0,0.0,0.0,0.0,0.0,0.0,0.0,0.018619999999999998,0.0,1.8070099999999998,0.0,15.576880000000003,4.779,0.0,0.0,0.12027,9.05908,15.56173,0.00162,0.01602,14.83634,0.0,0.37720999999999993,0.0,0.22216,0.0,0.01658,0.0,0.0,0.0,0.0,0.0,0.0,0.0,1.1501299999999999,0.0,0.0,0.0,0.02185,0.0,0.0,23.635189999999998,0.0,0.00818
S614,0.0,0.0,0.0,0.0,0.0,0.0,0.04915,0.0,0.0,0.0,6.5483,4.70702,0.0,4.15418,0.0,0.15656,0.0,0.8359300000000001,0.0,0.0,0.0,0.0,0.0,0.0,0.0,0.0,0.0,0.0,0.0,0.0,0.04943,0.0,1.64548,0.27448000000000006,0.0,0.0,0.0,23.978009999999998,19.34733,0.04188,0.29984,32.06673,0.0,0.06923,0.0,4.36649,0.0,0.0,0.0,0.0,0.0,0.0,0.0,0.3974,0.0,0.25604,0.0,0.14481,0.0,0.0,0.0,0.0,0.61173,0.0,0.0
S617,2.31788,0.0,0.0,0.0,0.0,0.0,0.07245,0.0,0.0,0.01253,1.62327,0.40008,0.0,7.16775,0.83849,4.72166,0.0,3.1662699999999995,0.0,0.0,0.0,0.0,0.0,0.0,0.0,0.0,0.0,0.0,0.0,0.20695999999999998,0.013330000000000002,0.0,0.19056,0.00206,0.0,0.0,0.0,15.370560000000001,9.629450000000002,0.21885,0.0884,29.484119999999997,0.0,0.02252,0.0,2.46849,0.0,0.0,0.0,0.0,0.0,0.41179,0.0,0.7795300000000001,0.0,16.72276,0.0,0.0,0.0,0.0,0.0,0.0,4.0702300000000005,0.0,0.0
S618,0.0,0.0,0.0,0.0,0.0,0.0,0.0,0.0,0.0,0.02278,7.24502,1.4535799999999999,0.0,7.6346,0.64154,1.09016,0.0,4.239520000000001,0.0,0.0,0.0,0.0,0.0,0.0,0.0,0.00214,0.0,0.0,0.0,0.0,0.043269999999999996,0.0,0.48956,0.39172999999999997,0.0,0.0,0.00203,41.02899,12.40835,0.30743000000000004,0.07017000000000001,16.84054,0.0,0.017079999999999998,0.0,2.94754,0.0,0.0,0.0,0.0,0.01289,0.02826,0.0,0.36207,0.0,0.0,0.0,0.0,0.0,0.0,0.0,0.0,2.7206900000000003,0.0,0.0
S628,2.96027,0.0,0.0,0.0,0.0,0.0,0.0,0.0,0.052489999999999995,0.0,4.303179999999999,0.97656,0.0,19.56515,0.01573,6.223000000000001,0.0,4.42114,0.0,0.0,0.0,0.0,0.03266,0.0,0.0,0.0,0.0,0.0,0.0,0.0,0.04596,0.0,3.8669400000000005,0.13481,0.0,0.0,0.0,4.858980000000001,22.19807,0.14538,0.08622,23.986179999999997,0.0,0.15341,0.0,2.2516,0.0,0.0,0.0,0.0,0.0,0.9913799999999999,0.0,0.21093,0.0,0.0,0.0,0.08800000000000001,0.0,0.0,0.0,0.0,2.3555200000000003,0.0,0.07641999999999999
S643,7.4432,0.0,0.0,0.06781000000000001,0.0,0.0,0.0,0.0,0.0,0.0,1.61832,1.5325,0.0,10.25459,1.40465,11.56544,6.40603,2.1225400000000003,0.0,0.0,0.0,0.0,0.0225,0.0,2.50277,0.0,0.0,0.0,0.0,0.0,0.0,0.0,0.58395,0.06865,0.0,0.0,0.01317,8.629299999999999,6.2802500000000006,0.13965999999999998,0.4751,34.3037,0.0,0.03159,0.0,0.13701,0.0,0.0,0.0,0.0,0.0,0.09093,0.0,0.32283,0.0,3.27685,0.0,0.05649,0.0,0.0,0.0,0.0,0.65015,0.0,0.0
S655,0.02598,0.0,0.0,0.0,0.0,0.0,0.0,0.0,0.0,0.0,31.857100000000003,0.9387400000000001,0.0,5.14133,0.15200999999999998,0.38803000000000004,0.31796,2.4779999999999998,0.0,0.0,0.0,0.0,0.0,0.0,0.0,0.0,0.0,0.0,0.0,0.0,0.03279,0.0,0.39328,0.68287,0.0,0.0,0.0,22.890590000000003,8.301850000000002,0.71925,0.03646,24.07169,0.0,0.80364,0.0,0.00135,0.0,0.0,0.0,0.0,0.0,0.0226,0.0,0.21112,0.0,0.01197,0.0,0.0,0.0,0.0,0.0,0.0,0.5214,0.0,0.0
S77,2.78607,0.008620000000000001,0.0,0.0,0.0,0.0,0.0259,0.0,0.03371,0.0,0.0,0.72206,0.0,4.86542,0.13293,2.72714,0.38222,1.80694,0.0,0.0,0.0,0.0,0.0,0.0,0.0,0.0,0.0,0.0,0.0,0.0,0.0,0.0,0.38420000000000004,0.01519,0.0,0.0,0.00175,11.866319999999998,16.11591,0.0916,0.12642,50.98335,0.0,0.08241000000000001,0.0,0.04547,0.0,0.0,0.0,0.0,0.0,0.35178000000000004,0.0,0.0164,0.0,0.0,0.0,0.01964,0.0,0.0,0.0,0.0,6.40855,0.0,0.0
S80,2.46789,0.0,0.0,0.0,0.0,0.0,0.0,0.0,0.0,0.0,9.64555,2.04927,0.0,4.8573900000000005,0.44827,1.9218300000000001,0.0,2.07954,0.0,0.0,0.0,0.0,0.01404,0.0,0.0,0.0,0.0,0.0,0.0,0.0,0.13699999999999998,0.0,1.4854000000000003,0.07905,0.0,0.0,0.01592,15.578199999999999,16.7286,0.45102,0.8150899999999999,39.03267,0.0,0.14343,0.0,1.2479799999999999,0.0,0.0,0.0,0.00282,0.0,0.03433,0.0,0.36240999999999995,0.0,0.17035999999999998,0.0,0.0,0.0,0.0,0.0,0.0,0.23190999999999998,0.0,0.0
S88,6.79589,0.006540000000000001,0.0,0.03085,0.0,0.012790000000000001,0.0982,0.0,0.0,0.14042000000000002,1.46966,1.4952100000000002,0.0,2.20041,0.2201,1.26399,1.26892,1.90752,0.0,0.0,0.0,0.0,0.0,0.0,0.0,0.0,0.0,0.0,0.0,0.0,0.05831,0.0,1.6283699999999999,8.16388,0.0,0.00262,0.01794,5.00614,25.972540000000002,0.29006,0.45526000000000005,35.39201,0.0,5.637309999999999,0.0,0.20579999999999998,0.0,0.0,0.0,0.02607,0.0,0.051789999999999996,0.0,0.15869,0.0,0.00787,0.0,0.0,0.0,0.0,0.0,0.0063100000000000005,0.008490000000000001,0.0,0.0
S92,0.0,0.0,0.0,0.0,0.0,0.02955,0.0,0.0,0.0,0.0,0.03461,1.6717300000000002,0.0,0.69744,0.0027,0.36744,0.9146299999999999,0.5708300000000001,0.0,0.0,0.0,0.0,0.0,0.0,0.0,0.013859999999999999,0.0,0.0,0.007940000000000001,2.36953,0.11354000000000002,0.0007700000000000001,0.42157,1.15025,0.0,0.0,0.0,15.88783,17.05293,0.01707,0.0,20.74055,0.0,0.19504000000000002,0.0,0.37965,0.0,0.0,0.0,0.0,0.0,0.026389999999999997,0.0,0.09383,0.0,33.51556,0.0,0.0,0.0,0.0,0.0,0.0,3.67155,0.0,0.053169999999999995
